    Updating crates.io index
 Downloading crates ...
  Downloaded comfy-table v7.2.2
  Downloaded arrow-cast v58.4.0
  Downloaded cfg_aliases v0.2.2
  Downloaded constant_time_eq v0.4.2
  Downloaded cfg-expr v0.15.8
  Downloaded convert_case v0.10.0
  Downloaded cfg-if v1.0.4
  Downloaded chacha20 v0.10.2
  Downloaded const-random-macro v0.1.16
  Downloaded adler2 v2.0.1
  Downloaded crossbeam-skiplist v0.1.3
  Downloaded crypto-common v0.2.2
  Downloaded compression-core v0.4.32
  Downloaded concurrent-queue v2.5.0
  Downloaded cpufeatures v0.2.17
  Downloaded crossbeam-queue v0.3.13
  Downloaded aligned v0.4.3
  Downloaded avif-serialize v0.8.9
  Downloaded datafusion-catalog-listing v53.1.0
  Downloaded compression-codecs v0.4.38
  Downloaded const-random v0.1.18
  Downloaded crypto-common v0.1.7
  Downloaded cpufeatures v0.3.1
  Downloaded csv-core v0.1.13
  Downloaded alloc-no-stdlib v2.0.4
  Downloaded datafusion-functions-window-common v53.1.0
  Downloaded darling_macro v0.24.1
  Downloaded downcast-rs v1.2.1
  Downloaded defmt-parser v1.0.0
  Downloaded datafusion-execution v53.1.0
  Downloaded asn1-rs v0.7.2
  Downloaded convert_case v0.11.0
  Downloaded crossbeam-epoch v0.9.20
  Downloaded datafusion-functions-nested v53.1.0
  Downloaded crc32fast v1.5.1
  Downloaded castaway v0.2.4
  Downloaded agent-client-protocol-derive v2.0.0
  Downloaded darling_core v0.24.1
  Downloaded dbus v0.9.12
  Downloaded as-any v0.3.2
  Downloaded atk-sys v0.18.2
  Downloaded autocfg v1.5.1
  Downloaded datafusion-functions v53.1.0
  Downloaded cmake v0.1.58
  Downloaded crossbeam-deque v0.8.7
  Downloaded bit_field v0.10.3
  Downloaded aligned-vec v0.6.4
  Downloaded ambient-authority v0.0.2
  Downloaded async-channel v2.5.0
  Downloaded atoi v2.0.0
  Downloaded asn1-rs-derive v0.6.0
  Downloaded async-process v2.5.0
  Downloaded async-trait v0.1.92
  Downloaded darling v0.23.0
  Downloaded datafusion-catalog v53.1.0
  Downloaded dyn-clone v1.0.20
  Downloaded cairo-sys-rs v0.18.2
  Downloaded const-oid v0.10.2
  Downloaded bs58 v0.5.1
  Downloaded embed-resource v3.0.11
  Downloaded cargo-platform v0.1.9
  Downloaded alloc-stdlib v0.2.4
  Downloaded cedarwood v0.4.6
  Downloaded bitpacking v0.9.3
  Downloaded built v0.8.1
  Downloaded bytecheck v0.8.3
  Downloaded bytecheck_derive v0.8.3
  Downloaded cargo_metadata v0.19.2
  Downloaded console v0.15.11
  Downloaded crunchy v0.2.4
  Downloaded javascriptcore-rs-sys v1.1.1
  Downloaded bit-vec v0.9.1
  Downloaded block-buffer v0.12.1
  Downloaded either v1.18.0
  Downloaded anyhow v1.0.104
  Downloaded arrayvec v0.7.8
  Downloaded arrow-string v58.4.0
  Downloaded asn1-rs-impl v0.2.0
  Downloaded blocking v1.7.0
  Downloaded cairo-rs v0.18.5
  Downloaded cap-std v4.0.3
  Downloaded cargo_toml v0.22.3
  Downloaded cbc v0.1.2
  Downloaded compact_str v0.9.1
  Downloaded cookie v0.18.2
  Downloaded arrow-csv v58.4.0
  Downloaded bitflags v2.13.1
  Downloaded bitstream-io v4.10.0
  Downloaded bytemuck v1.25.2
  Downloaded camino v1.2.5
  Downloaded crossbeam-channel v0.5.16
  Downloaded crossbeam-utils v0.8.22
  Downloaded ahash v0.8.12
  Downloaded arboard v3.6.1
  Downloaded arrow-data v58.4.0
  Downloaded arrow-ord v58.4.0
  Downloaded arrow-row v58.4.0
  Downloaded async-stream-impl v0.3.6
  Downloaded equivalent v1.0.2
  Downloaded keyboard-types v0.7.0
  Downloaded libappindicator-sys v0.9.0
  Downloaded cap-primitives v4.0.3
  Downloaded as-slice v0.2.1
  Downloaded arc-swap v1.9.2
  Downloaded arrow-arith v58.4.0
  Downloaded arrow-json v58.4.0
  Downloaded arrow v58.4.0
  Downloaded arrow-select v58.4.0
  Downloaded darling_macro v0.20.11
  Downloaded dpi v0.1.2
  Downloaded endi v1.1.1
  Downloaded base64 v0.23.1
  Downloaded bumpalo v3.20.3
  Downloaded cc v1.4.4
  Downloaded arrow-schema v58.4.0
  Downloaded datafusion-common-runtime v53.1.0
  Downloaded deepsize v0.2.0
  Downloaded enumflags2_derive v0.7.12
  Downloaded async-stream v0.3.6
  Downloaded datafusion-doc v53.1.0
  Downloaded equator-macro v0.4.2
  Downloaded bytes v1.12.1
  Downloaded lock_api v0.4.14
  Downloaded percent-encoding v2.3.2
  Downloaded rand_core v0.10.1
  Downloaded arrow-buffer v58.4.0
  Downloaded async-broadcast v0.7.2
  Downloaded dary_heap v0.3.9
  Downloaded dashmap v6.2.1
  Downloaded erased-serde v0.4.10
  Downloaded aho-corasick v1.1.5
  Downloaded darling_macro v0.23.0
  Downloaded deepsize_derive v0.1.2
  Downloaded dtoa v1.0.11
  Downloaded encoding_rs_io v0.1.8
  Downloaded equator v0.4.2
  Downloaded io-uring v0.7.14
  Downloaded lebe v0.5.3
  Downloaded lexical-util v1.0.7
  Downloaded rawpointer v0.2.1
  Downloaded bigdecimal v0.4.10
  Downloaded async-lock v3.4.2
  Downloaded async-recursion v1.1.1
  Downloaded async_cell v0.2.3
  Downloaded atk v0.18.2
  Downloaded av1-grain v0.2.5
  Downloaded darling v0.20.11
  Downloaded data-encoding v2.11.1
  Downloaded datafusion-functions-table v53.1.0
  Downloaded datafusion-functions-window v53.1.0
  Downloaded datafusion-physical-expr-adapter v53.1.0
  Downloaded dbus-secret-service v4.1.0
  Downloaded dlopen2 v0.8.2
  Downloaded arrow-ipc v58.4.0
  Downloaded async-executor v1.14.0
  Downloaded datafusion-macros v53.1.0
  Downloaded defmt-macros v1.1.1
  Downloaded dlopen2_derive v0.4.3
  Downloaded errno v0.3.14
  Downloaded lance-datafusion v7.0.0
  Downloaded lance-datagen v7.0.0
  Downloaded number_prefix v0.4.0
  Downloaded phf_shared v0.12.1
  Downloaded proc-macro-error-attr v1.0.4
  Downloaded async-task v4.7.1
  Downloaded axum-core v0.5.6
  Downloaded datafusion-datasource-csv v53.1.0
  Downloaded datafusion-datasource-json v53.1.0
  Downloaded deranged v0.5.8
  Downloaded digest v0.11.3
  Downloaded displaydoc v0.2.7
  Downloaded lindera v3.0.7
  Downloaded ref-cast-impl v1.0.27
  Downloaded async-io v2.6.0
  Downloaded datafusion-session v53.1.0
  Downloaded enumflags2 v0.7.12
  Downloaded itertools v0.14.0
  Downloaded piper v0.2.5
  Downloaded async-signal v0.2.14
  Downloaded oauth2 v5.0.0
  Downloaded prettyplease v0.2.37
  Downloaded ref-cast v1.0.27
  Downloaded datafusion-functions-aggregate-common v53.1.0
  Downloaded darling v0.24.1
  Downloaded darling_core v0.20.11
  Downloaded datafusion-pruning v53.1.0
  Downloaded ptr_meta_derive v0.3.2
  Downloaded der-parser v10.0.0
  Downloaded parking_lot_core v0.9.12
  Downloaded datafusion-datasource-arrow v53.1.0
  Downloaded litemap v0.8.3
  Downloaded miniz_oxide v0.9.1
  Downloaded mio v1.2.2
  Downloaded proc-macro-error v1.0.4
  Downloaded brotli-decompressor v5.0.3
  Downloaded agent-client-protocol v2.0.0
  Downloaded datafusion-physical-expr-common v53.1.0
  Downloaded defmt v1.1.1
  Downloaded fs_extra v1.3.0
  Downloaded jieba-macros v0.9.0
  Downloaded keyring v3.6.3
  Downloaded pango v0.18.3
  Downloaded prost v0.14.4
  Downloaded quote v1.0.47
  Downloaded rfd v0.16.0
  Downloaded rustversion v1.0.23
  Downloaded snafu-derive v0.8.9
  Downloaded wayland-sys v0.31.11
  Downloaded bitvec v1.1.1
  Downloaded blake3 v1.8.7
  Downloaded chrono v0.4.45
  Downloaded curve25519-dalek v5.0.0
  Downloaded agent-client-protocol-schema v1.5.0
  Downloaded daachorse v2.1.1
  Downloaded darling_core v0.23.0
  Downloaded datafusion-physical-optimizer v53.1.0
  Downloaded libm v0.2.16
  Downloaded rgb v0.8.53
  Downloaded rustls-native-certs v0.8.4
  Downloaded async-compression v0.4.43
  Downloaded datafusion-expr-common v53.1.0
  Downloaded derive_more v2.1.1
  Downloaded moka v0.12.16
  Downloaded rustls-pki-types v1.15.1
  Downloaded ryu v1.0.23
  Downloaded signal-hook-registry v1.4.8
  Downloaded arrow-array v58.4.0
  Downloaded rustls-platform-verifier v0.7.0
  Downloaded eventsource-stream v0.2.3
  Downloaded lindera-dictionary v3.0.7
  Downloaded derive_more-impl v2.1.1
  Downloaded rand v0.9.5
  Downloaded serde_derive_internals v0.30.0
  Downloaded png v0.18.1
  Downloaded toml_edit v0.25.13+spec-1.1.0
  Downloaded web_atoms v0.2.6
  Downloaded bstr v1.13.1
  Downloaded datafusion-functions-aggregate v53.1.0
  Downloaded fs-set-times v0.20.3
  Downloaded object_store v0.13.2
  Downloaded qrcode v0.14.1
  Downloaded rand_distr v0.5.1
  Downloaded tauri-winres v0.3.6
  Downloaded datafusion-datasource v53.1.0
  Downloaded rustls-webpki v0.103.15
  Downloaded serde_json v1.0.151
  Downloaded tokio-tungstenite v0.29.0
  Downloaded axum v0.8.9
  Downloaded lance-encoding v7.0.0
  Downloaded datafusion-sql v53.1.0
  Downloaded gdkwayland-sys v0.18.2
  Downloaded rayon v1.12.0
  Downloaded simd-adler32 v0.3.10
  Downloaded strum_macros v0.26.4
  Downloaded synstructure v0.13.2
  Downloaded system-deps v6.2.2
  Downloaded tagptr v0.2.0
  Downloaded tokio-macros v2.7.2
  Downloaded sse-stream v0.2.5
  Downloaded datafusion-expr v53.1.0
  Downloaded datafusion-optimizer v53.1.0
  Downloaded snafu-derive v0.9.2
  Downloaded strum_macros v0.28.0
  Downloaded aws-lc-rs v1.18.1
  Downloaded datafusion v53.1.0
  Downloaded idna_adapter v1.2.2
  Downloaded ptr_meta v0.3.2
  Downloaded datafusion-physical-expr v53.1.0
  Downloaded gtk3-macros v0.18.2
  Downloaded tempfile v3.27.0
  Downloaded toml v1.1.4+spec-1.1.0
  Downloaded datafusion-common v53.1.0
  Downloaded toml_edit v0.20.2
  Downloaded prost-build v0.14.4
  Downloaded memoffset v0.9.1
  Downloaded macro_rules_attribute-proc_macro v0.2.3
  Downloaded mime_guess v2.0.5
  Downloaded icu_provider v2.3.1
  Downloaded lance-core v7.0.0
  Downloaded icu_normalizer_data v2.3.0
  Downloaded lance-bitpacking v7.0.0
  Downloaded monostate-impl v0.1.18
  Downloaded multimap v0.10.1
  Downloaded matrixmultiply v0.3.11
  Downloaded minisign-verify v0.2.5
  Downloaded snafu v0.9.2
  Downloaded profiling v1.0.18
  Downloaded profiling-procmacros v1.0.18
  Downloaded webkit2gtk-sys v2.0.2
  Downloaded brotli v8.0.4
  Downloaded chrono-tz v0.10.4
  Downloaded monostate v0.1.18
  Downloaded prost-derive v0.14.4
  Downloaded form_urlencoded v1.2.2
  Downloaded rusticata-macros v4.1.0
  Downloaded memchr v2.8.3
  Downloaded tao v0.35.3
  Downloaded gdk-pixbuf-sys v0.18.0
  Downloaded rustc-hash v2.1.3
  Downloaded syn v2.0.119
  Downloaded syn v3.0.4
  Downloaded gtk-sys v0.18.2
  Downloaded maybe-owned v0.3.4
  Downloaded csv v1.4.0
  Downloaded fastrand v2.5.0
  Downloaded process-wrap v9.1.0
  Downloaded rig-agent v0.42.0
  Downloaded ts-rs v12.0.1
  Downloaded http-body-util v0.1.5
  Downloaded rusqlite v0.40.2
  Downloaded socket2 v0.6.5
  Downloaded zbus_macros v4.4.0
  Downloaded wasm-bindgen-shared v0.2.127
  Downloaded h2 v0.4.19
  Downloaded prost-types v0.14.4
  Downloaded rmcp-macros v3.2.0
  Downloaded yoke-derive v0.8.2
  Downloaded pastey v0.1.1
  Downloaded wasm-bindgen v0.2.127
  Downloaded gdk-sys v0.18.2
  Downloaded soup3 v0.5.0
  Downloaded v_frame v0.3.9
  Downloaded want v0.3.1
  Downloaded webpki-roots v0.26.11
  Downloaded zbus_names v3.0.0
  Downloaded lance-arrow v7.0.0
  Downloaded tracing-futures v0.2.5
  Downloaded wayland-protocols-wlr v0.3.12
  Downloaded ts-rs-macros v12.0.1
  Downloaded version-compare v0.2.1
  Downloaded av-scenechange v0.14.1
  Downloaded hyper-rustls v0.27.9
  Downloaded miniz_oxide v0.8.9
  Downloaded field-offset v0.3.6
  Downloaded tray-icon v0.24.2
  Downloaded http-body v1.1.0
  Downloaded tree_magic_mini v3.2.2
  Downloaded try-lock v0.2.5
  Downloaded pango-sys v0.18.0
  Downloaded kanaria v0.2.0
  Downloaded icu_properties v2.3.0
  Downloaded tracing-attributes v0.1.31
  Downloaded tracing-core v0.1.36
  Downloaded wayland-scanner v0.31.11
  Downloaded toml_edit v0.19.15
  Downloaded snafu v0.8.9
  Downloaded roaring v0.11.5
  Downloaded wasm-bindgen-macro v0.2.127
  Downloaded futures-timer v3.0.4
  Downloaded fallible-streaming-iterator v0.1.9
  Downloaded seq-macro v0.3.6
  Downloaded zbus_macros v5.19.0
  Downloaded parking v2.2.1
  Downloaded fax v0.2.7
  Downloaded wayland-client v0.31.15
  Downloaded yoke v0.8.3
  Downloaded flate2 v1.1.10
  Downloaded muda v0.19.3
  Downloaded rancor v0.1.3
  Downloaded wayland-backend v0.3.17
  Downloaded foldhash v0.1.5
  Downloaded lexical-core v1.0.6
  Downloaded num_cpus v1.17.0
  Downloaded idna v1.1.0
  Downloaded libloading v0.7.4
  Downloaded proc-macro-crate v3.5.0
  Downloaded wasm-bindgen-macro-support v0.2.127
  Downloaded fast-float2 v0.2.4
  Downloaded gdk-pixbuf v0.18.5
  Downloaded icu_locale_core v2.3.0
  Downloaded parking_lot v0.12.5
  Downloaded pastey v0.2.3
  Downloaded rkyv_derive v0.8.18
  Downloaded serde-untagged v0.1.9
  Downloaded tauri-runtime-wry v2.11.4
  Downloaded proc-macro2 v1.0.107
  Downloaded vcpkg v0.2.15
  Downloaded thiserror-impl v2.0.20
  Downloaded esaxx-rs v0.1.10
  Downloaded jobserver v0.1.35
  Downloaded proc-macro-crate v2.0.2
  Downloaded smallvec v1.16.0
  Downloaded wayland-protocols v0.32.13
  Downloaded zvariant_derive v5.15.0
  Downloaded macro_rules_attribute v0.2.3
  Downloaded num-bigint v0.4.8
  Downloaded tokio-stream v0.1.19
  Downloaded futures-util v0.3.34
  Downloaded proc-macro-crate v1.3.1
  Downloaded thiserror v2.0.20
  Downloaded tokio-rustls v0.26.4
  Downloaded gdk v0.18.2
  Downloaded icu_properties_data v2.3.0
  Downloaded tauri-plugin-updater v2.11.0
  Downloaded tauri-plugin-window-state v2.4.1
  Downloaded twox-hash v2.1.4
  Downloaded futures-io v0.3.34
  Downloaded webkit2gtk v2.0.2
  Downloaded fixedbitset v0.5.7
  Downloaded futures-core v0.3.34
  Downloaded unicode-segmentation v1.13.3
  Downloaded jiff-core v0.1.0
  Downloaded moxcms v0.8.1
  Downloaded unsafe-libyaml v0.2.11
  Downloaded find-msvc-tools v0.1.11
  Downloaded hashlink v0.12.1
  Downloaded inout v0.1.4
  Downloaded lexical-write-float v1.0.6
  Downloaded tauri-runtime v2.11.3
  Downloaded tower v0.5.3
  Downloaded tower-http v0.6.11
  Downloaded tungstenite v0.30.0
  Downloaded serde v1.0.229
  Downloaded utf8-ranges v1.0.5
  Downloaded y4m v0.8.0
  Downloaded futures-executor v0.3.34
  Downloaded http v1.5.0
  Downloaded potential_utf v0.1.6
  Downloaded uuid v1.26.0
  Downloaded reborrow v0.5.5
  Downloaded xxhash-rust v0.8.18
  Downloaded fallible-iterator v0.3.0
  Downloaded fastembed v4.9.1
  Downloaded humantime v2.4.0
  Downloaded num-iter v0.1.46
  Downloaded javascriptcore-rs v1.1.2
  Downloaded httparse v1.10.1
  Downloaded unicode_categories v0.1.1
  Downloaded xdg-home v1.3.0
  Downloaded yasna v0.6.0
  Downloaded ethnum v1.5.3
  Downloaded quinn-udp v0.5.15
  Downloaded raw-window-handle v0.6.2
  Downloaded hybrid-array v0.4.14
  Downloaded io-extras v0.19.0
  Downloaded glib-macros v0.18.5
  Downloaded heck v0.4.1
  Downloaded xattr v1.6.1
  Downloaded event-listener v5.4.2
  Downloaded ordered-stream v0.2.0
  Downloaded serde_repr v0.1.21
  Downloaded zbus v4.4.0
  Downloaded event-listener-strategy v0.5.4
  Downloaded gio-sys v0.18.1
  Downloaded hf-hub v0.4.3
  Downloaded itoa v1.0.18
  Downloaded radium v0.7.0
  Downloaded rand v0.8.8
  Downloaded rig-milvus v0.42.0
  Downloaded siphasher v1.0.3
  Downloaded slab v0.4.12
  Downloaded time-core v0.1.9
  Downloaded x509-parser v0.18.1
  Downloaded zbus v5.19.0
  Downloaded zune-jpeg v0.5.15
  Downloaded ort v2.0.0-rc.9
  Downloaded semver v1.0.28
  Downloaded serde_with_macros v3.22.0
  Downloaded datafusion-physical-plan v53.1.0
  Downloaded rcgen v0.14.10
  Downloaded schemars_derive v0.8.22
  Downloaded zerofrom v0.1.8
  Downloaded zerofrom-derive v0.1.7
  Downloaded is-docker v0.2.0
  Downloaded munge_macro v0.4.7
  Downloaded ort-sys v2.0.0-rc.9
  Downloaded sha1 v0.11.0
  Downloaded target-lexicon v0.12.16
  Downloaded zune-core v0.5.3
  Downloaded funty v2.0.0
  Downloaded futures-concurrency v7.7.1
  Downloaded sha1 v0.10.7
  Downloaded sha2 v0.10.9
  Downloaded termcolor v1.4.1
  Downloaded unicode-width v0.2.2
  Downloaded zcheapstr v1.1.0
  Downloaded zerovec v0.11.8
  Downloaded glob v0.3.4
  Downloaded serde_yaml_ng v0.10.0
  Downloaded serde_spanned v0.6.9
  Downloaded writeable v0.6.4
  Downloaded tendril v0.5.1
  Downloaded tauri-plugin-fs v2.5.2
  Downloaded time-macros v0.2.32
  Downloaded lance-namespace v7.0.0
  Downloaded unicode-normalization-alignments v0.1.12
  Downloaded tiny-keccak v2.0.2
  Downloaded shlex v2.0.1
  Downloaded indicatif v0.17.11
  Downloaded no_std_io2 v0.9.4
  Downloaded quick-xml v0.41.0
  Downloaded regex v1.13.1
  Downloaded exr v1.74.2
  Downloaded getrandom v0.4.3
  Downloaded munge v0.4.7
  Downloaded lance-io v7.0.0
  Downloaded libappindicator v0.9.0
  Downloaded pkg-config v0.3.34
  Downloaded tinystr v0.8.4
  Downloaded zmij v1.0.23
  Downloaded ordered-float v5.5.0
  Downloaded half v2.7.1
  Downloaded serde_with v3.22.0
  Downloaded hashbrown v0.15.5
  Downloaded simdutf8 v0.1.5
  Downloaded onig v6.5.3
  Downloaded rmcp v3.2.0
  Downloaded rig-fastembed v0.42.0
  Downloaded lance-namespace-impls v7.0.0
  Downloaded hashbrown v0.17.1
  Downloaded io-lifetimes v3.0.1
  Downloaded pin-project v1.1.13
  Downloaded rand_pcg v0.10.2
  Downloaded soup3-sys v0.5.0
  Downloaded stable_deref_trait v1.2.1
  Downloaded tauri-plugin-opener v2.5.5
  Downloaded tracing v0.1.44
  Downloaded icu_normalizer v2.3.0
  Downloaded toml_writer v1.1.2+spec-1.1.0
  Downloaded io-lifetimes v2.0.4
  Downloaded rand v0.10.2
  Downloaded tinyvec v1.12.0
  Downloaded x11rb-protocol v0.13.2
  Downloaded quinn v0.11.11
  Downloaded tauri-build v2.6.3
  Downloaded jsonb v0.5.6
  Downloaded schemars v0.9.0
  Downloaded tap v1.0.1
  Downloaded thread-tree v0.3.3
  Downloaded rand_xoshiro v0.7.0
  Downloaded grep-regex v0.1.14
  Downloaded tauri-codegen v2.6.3
  Downloaded futures-sink v0.3.34
  Downloaded weezl v0.1.12
  Downloaded strum v0.26.3
  Downloaded ipnet v2.12.1
  Downloaded zerocopy v0.8.56
  Downloaded fsst v7.0.0
  Downloaded futures-macro v0.3.34
  Downloaded glib v0.18.5
  Downloaded lz4_flex v0.13.1
  Downloaded ndarray v0.16.1
  Downloaded pulp-wasm-simd-flag v0.1.1
  Downloaded lexical-parse-integer v1.0.6
  Downloaded tiff v0.11.3
  Downloaded toml_datetime v1.1.1+spec-1.1.0
  Downloaded grep-searcher v0.1.17
  Downloaded notify-rust v4.18.0
  Downloaded toml_parser v1.1.3+spec-1.1.0
  Downloaded zvariant_utils v4.2.0
  Downloaded rustix v1.1.4
  Downloaded regex-syntax v0.8.11
  Downloaded lz4 v1.28.1
  Downloaded tauri-plugin v2.6.3
  Downloaded zerocopy-derive v0.8.56
  Downloaded plist v1.10.0
  Downloaded rustls v0.23.43
  Downloaded polling v3.11.0
  Downloaded zeroize_derive v1.5.0
  Downloaded shell-words v1.1.1
  Downloaded x11 v2.21.0
  Downloaded image-webp v0.2.4
  Downloaded lance-linalg v7.0.0
  Downloaded unicode-normalization v0.1.25
  Downloaded pem v4.0.0
  Downloaded gdkx11 v0.18.2
  Downloaded iana-time-zone v0.1.65
  Downloaded rig-derive v0.42.0
  Downloaded futures v0.3.34
  Downloaded flatbuffers v25.12.19
  Downloaded hyper-util v0.1.20
  Downloaded tauri-macros v2.6.3
  Downloaded tauri-plugin-notification v2.4.0
  Downloaded url v2.5.8
  Downloaded grep-matcher v0.1.9
  Downloaded jiff-static v0.2.35
  Downloaded tauri-plugin-clipboard-manager v2.3.3
  Downloaded gif v0.14.2
  Downloaded rustix-linux-procfs v0.1.1
  Downloaded tungstenite v0.29.0
  Downloaded zerovec-derive v0.11.6
  Downloaded gobject-sys v0.18.0
  Downloaded winnow v0.7.15
  Downloaded regex-automata v0.4.18
  Downloaded hyper v1.11.1
  Downloaded tauri-plugin-dialog v2.7.3
  Downloaded x11-dl v2.21.0
  Downloaded oid-registry v0.8.1
  Downloaded imgref v1.12.3
  Downloaded serde_spanned v1.1.1
  Downloaded lru-slab v0.1.2
  Downloaded rand_core v0.9.5
  Downloaded ureq v2.12.1
  Downloaded nix v0.31.3
  Downloaded zeroize v1.9.0
  Downloaded openssl-probe v0.2.1
  Downloaded lancedb v0.30.0
  Downloaded ppv-lite86 v0.2.21
  Downloaded unicode-blocks v0.1.10
  Downloaded webpki-roots v1.0.9
  Downloaded globset v0.4.20
  Downloaded permutation v0.4.1
  Downloaded unicase v2.9.0
  Downloaded ravif v0.13.0
  Downloaded secret-service v4.0.0
  Downloaded zvariant v4.2.0
  Downloaded tauri v2.11.5
  Downloaded log v0.4.34
  Downloaded rayon-cond v0.4.0
  Downloaded winnow v0.5.40
  Downloaded pin-project-internal v1.1.13
  Downloaded pin-project-lite v0.2.17
  Downloaded schemars v0.8.22
  Downloaded reqwest v0.13.4
  Downloaded time v0.3.55
  Downloaded typeid v1.0.3
  Downloaded reqwest v0.12.28
  Downloaded toml_datetime v0.6.3
  Downloaded gdkx11-sys v0.18.2
  Downloaded quinn-proto v0.11.17
  Downloaded phf v0.12.1
  Downloaded winnow v1.0.4
  Downloaded unicode-ident v1.0.24
  Downloaded gethostname v1.1.0
  Downloaded portable-atomic v1.15.0
  Downloaded serde_core v1.0.229
  Downloaded rig-core v0.42.0
  Downloaded zerotrie v0.2.5
  Downloaded indexmap v2.14.1
  Downloaded rend v0.5.4
  Downloaded zvariant_utils v2.1.0
  Downloaded num-conv v0.2.2
  Downloaded is-wsl v0.4.0
  Downloaded toml v0.8.2
  Downloaded futures-task v0.3.34
  Downloaded hyperloglogplus v0.4.1
  Downloaded num-integer v0.1.47
  Downloaded lance-testing v7.0.0
  Downloaded zstd-safe v7.2.4
  Downloaded typenum v1.20.1
  Downloaded pulp v0.22.3
  Downloaded x11rb v0.13.2
  Downloaded zbus_names v4.3.4
  Downloaded tokenizers v0.21.4
  Downloaded glib-sys v0.18.1
  Downloaded rkyv v0.8.18
  Downloaded lexical-write-integer v1.0.6
  Downloaded rangemap v1.8.0
  Downloaded schemars_derive v1.2.2
  Downloaded open v5.4.3
  Downloaded sqlparser_derive v0.5.0
  Downloaded strum v0.28.0
  Downloaded wyz v0.5.1
  Downloaded rayon-core v1.13.0
  Downloaded lance-tokenizer v7.0.0
  Downloaded tokio-tungstenite v0.30.0
  Downloaded wl-clipboard-rs v0.9.3
  Downloaded zlib-rs v0.6.7
  Downloaded lance-namespace-reqwest-client v0.7.7
  Downloaded rig-helixdb v0.42.0
  Downloaded ignore v0.4.33
  Downloaded tokio-util v0.7.19
  Downloaded zvariant_derive v4.2.0
  Downloaded lexical-parse-float v1.0.6
  Downloaded zvariant v5.15.0
  Downloaded futures-channel v0.3.34
  Downloaded icu_collections v2.3.0
  Downloaded if-addrs v0.14.0
  Downloaded getrandom v0.2.17
  Downloaded gio v0.18.4
  Downloaded rig-lancedb v0.42.0
  Downloaded serde_path_to_error v0.1.20
  Downloaded lance-file v7.0.0
  Downloaded lz4-sys v1.11.1+lz4-1.10.0
  Downloaded getrandom v0.3.4
  Downloaded jiff v0.2.35
  Downloaded gtk v0.18.2
  Downloaded lance-table v7.0.0
  Downloaded image v0.25.10
  Downloaded filetime v0.2.29
  Downloaded ico v0.5.0
  Downloaded futures-lite v2.6.1
  Downloaded zstd v0.13.3
  Downloaded wry v0.55.1
  Downloaded serde_derive v1.0.229
  Downloaded lance-index v7.0.0
  Downloaded schemars v1.2.2
  Downloaded zstd-sys v2.0.16+zstd.1.5.7
  Downloaded linux-raw-sys v0.12.1
  Downloaded petgraph v0.8.3
  Downloaded tokio v1.53.1
  Downloaded libc v0.2.189
  Downloaded spm_precompiled v0.1.4
  Downloaded sqlparser v0.61.0
  Downloaded pxfm v0.1.30
  Downloaded libdbus-sys v0.2.7
  Downloaded onig_sys v69.9.3
  Downloaded lance v7.0.0
  Downloaded rig v0.42.0
  Downloaded rav1e v0.8.1
  Downloaded fst v0.4.7
  Downloaded rust-stemmers v1.2.0
  Downloaded libsqlite3-sys v0.38.2
  Downloaded jieba-rs v0.9.0
  Downloaded aws-lc-sys v0.45.0
  Downloaded random_word v0.5.2
   Compiling unicode-ident v1.0.24
   Compiling proc-macro2 v1.0.107
   Compiling quote v1.0.47
   Compiling serde_core v1.0.229
   Compiling syn v3.0.4
   Compiling syn v2.0.119
   Compiling serde_derive v1.0.229
   Compiling equivalent v1.0.2
   Compiling serde v1.0.229
   Compiling hashbrown v0.17.1
   Compiling libc v0.2.189
   Compiling indexmap v2.14.1
   Compiling pkg-config v0.3.34
   Compiling memchr v2.8.3
   Compiling smallvec v1.16.0
   Compiling cfg-if v1.0.4
   Compiling heck v0.5.0
   Compiling autocfg v1.5.1
   Compiling toml_datetime v0.6.3
   Compiling winnow v0.5.40
   Compiling serde_spanned v0.6.9
   Compiling target-lexicon v0.12.16
   Compiling synstructure v0.13.2
   Compiling toml_edit v0.20.2
   Compiling cfg-expr v0.15.8
   Compiling zerofrom-derive v0.1.7
   Compiling toml v0.8.2
   Compiling version-compare v0.2.1
   Compiling itoa v1.0.18
   Compiling pin-project-lite v0.2.17
   Compiling system-deps v6.2.2
   Compiling zerofrom v0.1.8
   Compiling yoke-derive v0.8.2
   Compiling zerovec-derive v0.11.6
   Compiling futures-core v0.3.34
   Compiling version_check v0.9.5
   Compiling displaydoc v0.2.7
   Compiling bitflags v2.13.1
   Compiling once_cell v1.21.4
   Compiling log v0.4.34
   Compiling bytes v1.12.1
   Compiling litemap v0.8.3
   Compiling writeable v0.6.4
   Compiling winnow v1.0.4
   Compiling futures-io v0.3.34
   Compiling thiserror v1.0.69
   Compiling utf8_iter v1.0.4
   Compiling jobserver v0.1.35
   Compiling thiserror-impl v1.0.69
   Compiling shlex v2.0.1
   Compiling zmij v1.0.23
   Compiling find-msvc-tools v0.1.11
   Compiling cc v1.4.4
   Compiling icu_normalizer_data v2.3.0
   Compiling icu_properties_data v2.3.0
   Compiling http v1.5.0
   Compiling slab v0.4.12
   Compiling siphasher v1.0.3
   Compiling dunce v1.0.5
   Compiling phf_shared v0.13.1
   Compiling toml_parser v1.1.3+spec-1.1.0
   Compiling semver v1.0.28
   Compiling futures-sink v0.3.34
   Compiling fastrand v2.5.0
   Compiling thiserror v2.0.20
   Compiling phf_generator v0.13.1
   Compiling toml_datetime v1.1.1+spec-1.1.0
   Compiling thiserror-impl v2.0.20
   Compiling stable_deref_trait v1.2.1
   Compiling fnv v1.0.7
   Compiling strsim v0.11.1
   Compiling ident_case v1.0.1
   Compiling unicode-segmentation v1.13.3
   Compiling futures-channel v0.3.34
   Compiling futures-macro v0.3.34
   Compiling base64 v0.22.1
   Compiling futures-task v0.3.34
   Compiling regex-syntax v0.8.11
   Compiling futures-util v0.3.34
   Compiling yoke v0.8.3
   Compiling glib-sys v0.18.1
   Compiling time-core v0.1.9
   Compiling dyn-clone v1.0.20
   Compiling num-conv v0.2.2
   Compiling parking_lot_core v0.9.12
   Compiling zerovec v0.11.8
   Compiling powerfmt v0.2.0
   Compiling darling_core v0.23.0
   Compiling phf_macros v0.13.1
   Compiling gobject-sys v0.18.0
   Compiling quick-xml v0.41.0
   Compiling scopeguard v1.2.0
   Compiling lock_api v0.4.14
   Compiling darling_macro v0.23.0
   Compiling foldhash v0.2.0
   Compiling darling v0.23.0
   Compiling tinystr v0.8.4
   Compiling phf_codegen v0.13.1
   Compiling toml_writer v1.1.2+spec-1.1.0
   Compiling serde_json v1.0.151
   Compiling typeid v1.0.3
   Compiling icu_locale_core v2.3.0
   Compiling serde_with_macros v3.22.0
   Compiling potential_utf v0.1.6
   Compiling zerotrie v0.2.5
   Compiling convert_case v0.10.0
   Compiling byteorder v1.5.0
   Compiling anyhow v1.0.104
   Compiling erased-serde v0.4.10
   Compiling unicode-xid v0.2.6
   Compiling derive_more-impl v2.1.1
   Compiling icu_provider v2.3.1
   Compiling icu_collections v2.3.0
   Compiling rustc_version v0.4.1
   Compiling gio-sys v0.18.1
   Compiling glob v0.3.4
   Compiling new_debug_unreachable v1.0.6
   Compiling unic-char-range v0.9.0
   Compiling unic-common v0.9.0
   Compiling unic-char-property v0.9.0
   Compiling unic-ucd-version v0.9.0
   Compiling phf v0.13.1
   Compiling string_cache_codegen v0.6.1
   Compiling same-file v1.0.6
   Compiling alloc-no-stdlib v2.0.4
   Compiling precomputed-hash v0.1.1
   Compiling getrandom v0.4.3
   Compiling web_atoms v0.2.6
   Compiling alloc-stdlib v0.2.4
   Compiling walkdir v2.5.0
   Compiling parking_lot v0.12.5
   Compiling unic-ucd-ident v0.9.0
   Compiling icu_normalizer v2.3.0
   Compiling icu_properties v2.3.0
   Compiling futures-executor v0.3.34
   Compiling generic-array v0.14.7
   Compiling num-traits v0.2.19
   Compiling serde_spanned v1.1.1
   Compiling idna_adapter v1.2.2
   Compiling string_cache v0.9.0
   Compiling brotli-decompressor v5.0.3
   Compiling ctor-proc-macro v0.0.7
   Compiling dtoa v1.0.11
   Compiling percent-encoding v2.3.2
   Compiling rustc-hash v2.1.3
   Compiling dtoa-short v0.3.5
   Compiling form_urlencoded v1.2.2
   Compiling ctor v0.8.0
   Compiling brotli v8.0.4
   Compiling uuid v1.26.0
   Compiling idna v1.1.0
   Compiling tendril v0.5.1
   Compiling selectors v0.36.1
   Compiling indexmap v1.9.3
   Compiling aho-corasick v1.1.5
   Compiling cssparser-macros v0.6.1
   Compiling camino v1.2.5
   Compiling cssparser v0.36.0
   Compiling regex-automata v0.4.18
   Compiling markup5ever v0.38.0
   Compiling url v2.5.8
   Compiling toml v1.1.4+spec-1.1.0
   Compiling derive_more v2.1.1
   Compiling servo_arc v0.4.3
   Compiling gdk-sys v0.18.2
   Compiling errno v0.3.14
   Compiling serde_derive_internals v0.29.1
   Compiling bit-vec v0.8.0
   Compiling hashbrown v0.12.3
   Compiling deranged v0.5.8
   Compiling schemars v0.8.22
   Compiling time v0.3.55
   Compiling schemars_derive v0.8.22
   Compiling bit-set v0.8.0
   Compiling signal-hook-registry v1.4.8
   Compiling regex v1.13.1
   Compiling html5ever v0.38.0
   Compiling cfb v0.7.3
   Compiling jsonptr v0.6.3
   Compiling proc-macro-error-attr v1.0.4
   Compiling cargo-platform v0.1.9
   Compiling syn v1.0.109
   Compiling dom_query v0.27.0
   Compiling cargo_metadata v0.19.2
   Compiling serde-untagged v0.1.9
   Compiling json-patch v3.0.1
   Compiling infer v0.19.0
   Compiling urlpattern v0.3.0
   Compiling plist v1.10.0
   Compiling serde_with v3.22.0
   Compiling proc-macro-error v1.0.4
   Compiling tauri-utils v2.9.3
   Compiling cairo-sys-rs v0.18.2
   Compiling pango-sys v0.18.0
   Compiling atk-sys v0.18.2
   Compiling gdk-pixbuf-sys v0.18.0
   Compiling rustix v1.1.4
   Compiling crossbeam-utils v0.8.22
   Compiling proc-macro-crate v2.0.2
   Compiling linux-raw-sys v0.12.1
   Compiling heck v0.4.1
   Compiling glib-macros v0.18.5
   Compiling socket2 v0.6.5
   Compiling mio v1.2.2
   Compiling tokio-macros v2.7.2
   Compiling option-ext v0.2.0
   Compiling typenum v1.20.1
   Compiling tokio v1.53.1
   Compiling glib v0.18.5
   Compiling gtk-sys v0.18.2
   Compiling rand_core v0.10.1
   Compiling gio v0.18.4
   Compiling tauri-plugin v2.6.3
   Compiling toml_datetime v0.7.5+spec-1.1.0
   Compiling iana-time-zone v0.1.65
   Compiling winnow v0.7.15
   Compiling ref-cast v1.0.27
   Compiling toml v0.9.12+spec-1.1.0
   Compiling chrono v0.4.45
   Compiling dirs-sys v0.5.0
   Compiling embed-resource v3.0.11
   Compiling tracing-core v0.1.36
   Compiling tracing-attributes v0.1.31
   Compiling ref-cast-impl v1.0.27
   Compiling serde_derive_internals v0.30.0
   Compiling simd-adler32 v0.3.10
   Compiling schemars_derive v1.2.2
   Compiling tracing v0.1.44
   Compiling tauri-winres v0.3.6
   Compiling dirs v6.0.0
   Compiling cargo_toml v0.22.3
   Compiling memoffset v0.9.1
   Compiling zeroize_derive v1.5.0
   Compiling crc32fast v1.5.1
   Compiling adler2 v2.0.1
   Compiling zeroize v1.9.0
   Compiling tauri-build v2.6.3
   Compiling schemars v1.2.2
   Compiling pango v0.18.3
   Compiling gdk-pixbuf v0.18.5
   Compiling cairo-rs v0.18.5
   Compiling field-offset v0.3.6
   Compiling toml_edit v0.19.15
   Compiling atomic-waker v1.1.2
   Compiling subtle v2.6.1
   Compiling gdk v0.18.2
   Compiling proc-macro-crate v1.3.1
   Compiling miniz_oxide v0.9.1
   Compiling time-macros v0.2.32
   Compiling cmake v0.1.58
   Compiling getrandom v0.2.17
   Compiling gtk v0.18.2
   Compiling fs_extra v1.3.0
   Compiling parking v2.2.1
   Compiling bitflags v1.3.2
   Compiling aws-lc-sys v0.45.0
   Compiling flate2 v1.1.10
   Compiling gtk3-macros v0.18.2
   Compiling tauri v2.11.5
   Compiling miniz_oxide v0.8.9
   Compiling fdeflate v0.3.7
   Compiling atk v0.18.2
   Compiling mime v0.3.17
   Compiling toml_edit v0.25.13+spec-1.1.0
   Compiling ring v0.17.14
   Compiling soup3-sys v0.5.0
   Compiling javascriptcore-rs-sys v1.1.1
   Compiling libdbus-sys v0.2.7
warning: ring@0.17.14: /home/agent/.cargo/registry/src/index.crates.io-1949cf8c6b5b557f/ring-0.17.14/crypto/poly1305/poly1305.c:246:1: fatal error: error writing to /tmp/cccp513B.s: No space left on device
warning: ring@0.17.14:   246 | }
warning: ring@0.17.14:       | ^
warning: ring@0.17.14: compilation terminated.
warning: ring@0.17.14: ToolExecError: command did not execute successfully (status code exit status: 1): LC_ALL="C" "gcc" "-O0" "-ffunction-sections" "-fdata-sections" "-fPIC" "-I" "/home/agent/.cargo/registry/src/index.crates.io-1949cf8c6b5b557f/ring-0.17.14/include" "-I" "/home/agent/.cargo/registry/src/index.crates.io-1949cf8c6b5b557f/ring-0.17.14/pregenerated" "-Wall" "-Wextra" "-fvisibility=hidden" "-std=c1x" "-Wall" "-Wbad-function-cast" "-Wcast-align" "-Wcast-qual" "-Wconversion" "-Wmissing-field-initializers" "-Wmissing-include-dirs" "-Wnested-externs" "-Wredundant-decls" "-Wshadow" "-Wsign-compare" "-Wsign-conversion" "-Wstrict-prototypes" "-Wundef" "-Wuninitialized" "-g3" "-DNDEBUG" "-o" "/home/agent/qa/toad/target/debug/build/ring-6db921ccb55ab66b/out/d5a9841f3dc6e253-poly1305.o" "-c" "/home/agent/.cargo/registry/src/index.crates.io-1949cf8c6b5b557f/ring-0.17.14/crypto/poly1305/poly1305.c"cargo:warning=Cannot create temporary file in /tmp/: No space left on device
warning: ring@0.17.14: ToolExecError: command did not execute successfully (status code signal: 6 (SIGABRT)): LC_ALL="C" "gcc" "-O0" "-ffunction-sections" "-fdata-sections" "-fPIC" "-I" "/home/agent/.cargo/registry/src/index.crates.io-1949cf8c6b5b557f/ring-0.17.14/include" "-I" "/home/agent/.cargo/registry/src/index.crates.io-1949cf8c6b5b557f/ring-0.17.14/pregenerated" "-Wall" "-Wextra" "-fvisibility=hidden" "-std=c1x" "-Wall" "-Wbad-function-cast" "-Wcast-align" "-Wcast-qual" "-Wconversion" "-Wmissing-field-initializers" "-Wmissing-include-dirs" "-Wnested-externs" "-Wredundant-decls" "-Wshadow" "-Wsign-compare" "-Wsign-conversion" "-Wstrict-prototypes" "-Wundef" "-Wuninitialized" "-g3" "-DNDEBUG" "-o" "/home/agent/qa/toad/target/debug/build/ring-6db921ccb55ab66b/out/a0330e891e733f4e-p256-nistz.o" "-c" "/home/agent/.cargo/registry/src/index.crates.io-1949cf8c6b5b557f/ring-0.17.14/crypto/fipsmodule/ec/p256-nistz.c"cargo:warning=Cannot create temporary file in /tmp/: No space left on device
warning: ring@0.17.14: ToolExecError: command did not execute successfully (status code signal: 6 (SIGABRT)): LC_ALL="C" "gcc" "-O0" "-ffunction-sections" "-fdata-sections" "-fPIC" "-I" "/home/agent/.cargo/registry/src/index.crates.io-1949cf8c6b5b557f/ring-0.17.14/include" "-I" "/home/agent/.cargo/registry/src/index.crates.io-1949cf8c6b5b557f/ring-0.17.14/pregenerated" "-Wall" "-Wextra" "-fvisibility=hidden" "-std=c1x" "-Wall" "-Wbad-function-cast" "-Wcast-align" "-Wcast-qual" "-Wconversion" "-Wmissing-field-initializers" "-Wmissing-include-dirs" "-Wnested-externs" "-Wredundant-decls" "-Wshadow" "-Wsign-compare" "-Wsign-conversion" "-Wstrict-prototypes" "-Wundef" "-Wuninitialized" "-g3" "-DNDEBUG" "-o" "/home/agent/qa/toad/target/debug/build/ring-6db921ccb55ab66b/out/c322a0bcc369f531-chacha-armv8-linux64.o" "-c" "/home/agent/.cargo/registry/src/index.crates.io-1949cf8c6b5b557f/ring-0.17.14/pregenerated/chacha-armv8-linux64.S"
error: failed to run custom build command for `ring v0.17.14`

Caused by:
  process didn't exit successfully: `/home/agent/qa/toad/target/debug/build/ring-bf37e8f0c4dd4177/build-script-build` (exit status: 1)
  --- stdout
  cargo:rerun-if-env-changed=CARGO_MANIFEST_DIR
  cargo:rerun-if-env-changed=CARGO_PKG_NAME
  cargo:rerun-if-env-changed=CARGO_PKG_VERSION_MAJOR
  cargo:rerun-if-env-changed=CARGO_PKG_VERSION_MINOR
  cargo:rerun-if-env-changed=CARGO_PKG_VERSION_PATCH
  cargo:rerun-if-env-changed=CARGO_PKG_VERSION_PRE
  cargo:rerun-if-env-changed=CARGO_MANIFEST_LINKS
  cargo:rerun-if-env-changed=RING_PREGENERATE_ASM
  cargo:rerun-if-env-changed=OUT_DIR
  cargo:rerun-if-env-changed=CARGO_CFG_TARGET_ARCH
  cargo:rerun-if-env-changed=CARGO_CFG_TARGET_OS
  cargo:rerun-if-env-changed=CARGO_CFG_TARGET_ENV
  cargo:rerun-if-env-changed=CARGO_CFG_TARGET_ENDIAN
  cargo:rerun-if-env-changed=CC_aarch64-unknown-linux-gnu
  CC_aarch64-unknown-linux-gnu = None
  cargo:rerun-if-env-changed=CC_aarch64_unknown_linux_gnu
  CC_aarch64_unknown_linux_gnu = None
  cargo:rerun-if-env-changed=HOST_CC
  HOST_CC = None
  cargo:rerun-if-env-changed=CC
  CC = Some(gcc)
  cargo:rerun-if-env-changed=CC_KNOWN_WRAPPER_CUSTOM
  CC_KNOWN_WRAPPER_CUSTOM = None
  cargo:rerun-if-env-changed=CC_ENABLE_DEBUG_OUTPUT
  cargo:rerun-if-env-changed=CRATE_CC_NO_DEFAULTS
  CRATE_CC_NO_DEFAULTS = None
  cargo:rerun-if-env-changed=CFLAGS
  CFLAGS = None
  cargo:rerun-if-env-changed=HOST_CFLAGS
  HOST_CFLAGS = None
  cargo:rerun-if-env-changed=CFLAGS_aarch64_unknown_linux_gnu
  CFLAGS_aarch64_unknown_linux_gnu = None
  cargo:rerun-if-env-changed=CFLAGS_aarch64-unknown-linux-gnu
  CFLAGS_aarch64-unknown-linux-gnu = None
  exit status: 0
  exit status: 0
  exit status: 0
  exit status: 0
  exit status: 0
  exit status: 0
  exit status: 0
  exit status: 0
  cargo:warning=/home/agent/.cargo/registry/src/index.crates.io-1949cf8c6b5b557f/ring-0.17.14/crypto/poly1305/poly1305.c:246:1: fatal error: error writing to /tmp/cccp513B.s: No space left on device
  cargo:warning=  246 | }
  cargo:warning=      | ^
  cargo:warning=compilation terminated.
  exit status: 0
  exit status: 0
  exit status: 1
  cargo:warning=ToolExecError: command did not execute successfully (status code exit status: 1): LC_ALL="C" "gcc" "-O0" "-ffunction-sections" "-fdata-sections" "-fPIC" "-I" "/home/agent/.cargo/registry/src/index.crates.io-1949cf8c6b5b557f/ring-0.17.14/include" "-I" "/home/agent/.cargo/registry/src/index.crates.io-1949cf8c6b5b557f/ring-0.17.14/pregenerated" "-Wall" "-Wextra" "-fvisibility=hidden" "-std=c1x" "-Wall" "-Wbad-function-cast" "-Wcast-align" "-Wcast-qual" "-Wconversion" "-Wmissing-field-initializers" "-Wmissing-include-dirs" "-Wnested-externs" "-Wredundant-decls" "-Wshadow" "-Wsign-compare" "-Wsign-conversion" "-Wstrict-prototypes" "-Wundef" "-Wuninitialized" "-g3" "-DNDEBUG" "-o" "/home/agent/qa/toad/target/debug/build/ring-6db921ccb55ab66b/out/d5a9841f3dc6e253-poly1305.o" "-c" "/home/agent/.cargo/registry/src/index.crates.io-1949cf8c6b5b557f/ring-0.17.14/crypto/poly1305/poly1305.c"cargo:warning=Cannot create temporary file in /tmp/: No space left on device

  signal: 6 (SIGABRT)
  cargo:warning=ToolExecError: command did not execute successfully (status code signal: 6 (SIGABRT)): LC_ALL="C" "gcc" "-O0" "-ffunction-sections" "-fdata-sections" "-fPIC" "-I" "/home/agent/.cargo/registry/src/index.crates.io-1949cf8c6b5b557f/ring-0.17.14/include" "-I" "/home/agent/.cargo/registry/src/index.crates.io-1949cf8c6b5b557f/ring-0.17.14/pregenerated" "-Wall" "-Wextra" "-fvisibility=hidden" "-std=c1x" "-Wall" "-Wbad-function-cast" "-Wcast-align" "-Wcast-qual" "-Wconversion" "-Wmissing-field-initializers" "-Wmissing-include-dirs" "-Wnested-externs" "-Wredundant-decls" "-Wshadow" "-Wsign-compare" "-Wsign-conversion" "-Wstrict-prototypes" "-Wundef" "-Wuninitialized" "-g3" "-DNDEBUG" "-o" "/home/agent/qa/toad/target/debug/build/ring-6db921ccb55ab66b/out/a0330e891e733f4e-p256-nistz.o" "-c" "/home/agent/.cargo/registry/src/index.crates.io-1949cf8c6b5b557f/ring-0.17.14/crypto/fipsmodule/ec/p256-nistz.c"cargo:warning=Cannot create temporary file in /tmp/: No space left on device

  signal: 6 (SIGABRT)
  cargo:warning=ToolExecError: command did not execute successfully (status code signal: 6 (SIGABRT)): LC_ALL="C" "gcc" "-O0" "-ffunction-sections" "-fdata-sections" "-fPIC" "-I" "/home/agent/.cargo/registry/src/index.crates.io-1949cf8c6b5b557f/ring-0.17.14/include" "-I" "/home/agent/.cargo/registry/src/index.crates.io-1949cf8c6b5b557f/ring-0.17.14/pregenerated" "-Wall" "-Wextra" "-fvisibility=hidden" "-std=c1x" "-Wall" "-Wbad-function-cast" "-Wcast-align" "-Wcast-qual" "-Wconversion" "-Wmissing-field-initializers" "-Wmissing-include-dirs" "-Wnested-externs" "-Wredundant-decls" "-Wshadow" "-Wsign-compare" "-Wsign-conversion" "-Wstrict-prototypes" "-Wundef" "-Wuninitialized" "-g3" "-DNDEBUG" "-o" "/home/agent/qa/toad/target/debug/build/ring-6db921ccb55ab66b/out/c322a0bcc369f531-chacha-armv8-linux64.o" "-c" "/home/agent/.cargo/registry/src/index.crates.io-1949cf8c6b5b557f/ring-0.17.14/pregenerated/chacha-armv8-linux64.S"
  exit status: 0
  exit status: 0
  exit status: 0
  exit status: 0
  exit status: 0
  exit status: 0
  exit status: 0
  exit status: 0
  exit status: 0
  exit status: 0

  --- stderr


  error occurred in cc-rs: command did not execute successfully (status code signal: 6 (SIGABRT)): LC_ALL="C" "gcc" "-O0" "-ffunction-sections" "-fdata-sections" "-fPIC" "-I" "/home/agent/.cargo/registry/src/index.crates.io-1949cf8c6b5b557f/ring-0.17.14/include" "-I" "/home/agent/.cargo/registry/src/index.crates.io-1949cf8c6b5b557f/ring-0.17.14/pregenerated" "-Wall" "-Wextra" "-fvisibility=hidden" "-std=c1x" "-Wall" "-Wbad-function-cast" "-Wcast-align" "-Wcast-qual" "-Wconversion" "-Wmissing-field-initializers" "-Wmissing-include-dirs" "-Wnested-externs" "-Wredundant-decls" "-Wshadow" "-Wsign-compare" "-Wsign-conversion" "-Wstrict-prototypes" "-Wundef" "-Wuninitialized" "-g3" "-DNDEBUG" "-o" "/home/agent/qa/toad/target/debug/build/ring-6db921ccb55ab66b/out/c322a0bcc369f531-chacha-armv8-linux64.o" "-c" "/home/agent/.cargo/registry/src/index.crates.io-1949cf8c6b5b557f/ring-0.17.14/pregenerated/chacha-armv8-linux64.S"


warning: build failed, waiting for other jobs to finish...
warning: aws-lc-sys@0.45.0: Environment Variable found 'CARGO_ENCODED_RUSTFLAGS': ''
warning: aws-lc-sys@0.45.0: Emitting configuration: cargo:rustc-cfg=universal
warning: aws-lc-sys@0.45.0: Only dynamic crypto library found in system install; using dynamic linking.
warning: aws-lc-sys@0.45.0: Only dynamic crypto library found in system install; using dynamic linking.
warning: aws-lc-sys@0.45.0: Building with: CC
warning: aws-lc-sys@0.45.0: Symbol Prefix: Some("aws_lc_0_45_0")
warning: aws-lc-sys@0.45.0: Target platform: 'aarch64-unknown-linux-gnu'
warning: aws-lc-sys@0.45.0: Compilation of 'c11.c' succeeded - Ok(["/home/agent/qa/toad/target/debug/build/aws-lc-sys-2c2aadc25d35480a/out/out-c11/7dfda64fdf5a526c-c11.o"]).
warning: aws-lc-sys@0.45.0: Environment Variable found 'CC': 'gcc'
warning: aws-lc-sys@0.45.0: Setting CC_aarch64_unknown_linux_gnu: gcc
warning: aws-lc-sys@0.45.0: Environment Variable found 'CXX': 'g++'
warning: aws-lc-sys@0.45.0: Setting CXX_aarch64_unknown_linux_gnu: g++
warning: aws-lc-sys@0.45.0: Compilation of 'stdalign_check.c' succeeded - Ok(["/home/agent/qa/toad/target/debug/build/aws-lc-sys-2c2aadc25d35480a/out/out-stdalign_check/7dfda64fdf5a526c-stdalign_check.o"]).
warning: aws-lc-sys@0.45.0: Compilation of 'builtin_swap_check.c' succeeded - Ok(["/home/agent/qa/toad/target/debug/build/aws-lc-sys-2c2aadc25d35480a/out/out-builtin_swap_check/7dfda64fdf5a526c-builtin_swap_check.o"]).
warning: aws-lc-sys@0.45.0: Compilation of 'neon_sha3_check.c' succeeded - Ok(["/home/agent/qa/toad/target/debug/build/aws-lc-sys-2c2aadc25d35480a/out/out-neon_sha3_check/7dfda64fdf5a526c-neon_sha3_check.o"]).
warning: aws-lc-sys@0.45.0: Compilation of 'linux_random_h.c' succeeded - Ok(["/home/agent/qa/toad/target/debug/build/aws-lc-sys-2c2aadc25d35480a/out/out-linux_random_h/7dfda64fdf5a526c-linux_random_h.o"]).
warning: aws-lc-sys@0.45.0: Cannot create temporary file in /tmp/: No space left on device
warning: aws-lc-sys@0.45.0: ToolExecError: command did not execute successfully (status code signal: 6 (SIGABRT)): LC_ALL="C" "gcc" "-O0" "-ffunction-sections" "-fdata-sections" "-fPIC" "-std=c11" "-I" "/home/agent/.cargo/registry/src/index.crates.io-1949cf8c6b5b557f/aws-lc-sys-0.45.0/generated-include" "-I" "/home/agent/.cargo/registry/src/index.crates.io-1949cf8c6b5b557f/aws-lc-sys-0.45.0/include" "-I" "/home/agent/.cargo/registry/src/index.crates.io-1949cf8c6b5b557f/aws-lc-sys-0.45.0/aws-lc/include" "-I" "/home/agent/.cargo/registry/src/index.crates.io-1949cf8c6b5b557f/aws-lc-sys-0.45.0/aws-lc/third_party/s2n-bignum/include" "-I" "/home/agent/.cargo/registry/src/index.crates.io-1949cf8c6b5b557f/aws-lc-sys-0.45.0/aws-lc/third_party/s2n-bignum/s2n-bignum-imported/include" "-I" "/home/agent/.cargo/registry/src/index.crates.io-1949cf8c6b5b557f/aws-lc-sys-0.45.0/aws-lc/third_party/jitterentropy/jitterentropy-library" "-I" "/home/agent/.cargo/registry/src/index.crates.io-1949cf8c6b5b557f/aws-lc-sys-0.45.0/aws-lc/third_party/jitterentropy/jitterentropy-library/src" "-Wall" "-Wextra" "-Wno-unused-parameter" "-pthread" "-D_XOPEN_SOURCE=700" "-DBORINGSSL_IMPLEMENTATION=1" "-DBORINGSSL_PREFIX=aws_lc_0_45_0" "-DAWS_LC_STDALIGN_AVAILABLE=1" "-DAWS_LC_BUILTIN_SWAP_SUPPORTED=1" "-DMY_ASSEMBLER_SUPPORTS_NEON_SHA3_EXTENSION=1" "-DHAVE_LINUX_RANDOM_H=1" "-o" "/home/agent/qa/toad/target/debug/build/aws-lc-sys-2c2aadc25d35480a/out/27a075eab3d35364-pem_x509.o" "-c" "/home/agent/.cargo/registry/src/index.crates.io-1949cf8c6b5b557f/aws-lc-sys-0.45.0/aws-lc/crypto/pem/pem_x509.c"cargo:rerun-if-env-changed=CC_aarch64-unknown-linux-gnu
warning: aws-lc-sys@0.45.0: Cannot create temporary file in /tmp/: No space left on device
warning: aws-lc-sys@0.45.0: ToolExecError: command did not execute successfully (status code signal: 6 (SIGABRT)): LC_ALL="C" "gcc" "-O0" "-ffunction-sections" "-fdata-sections" "-fPIC" "-std=c11" "-I" "/home/agent/.cargo/registry/src/index.crates.io-1949cf8c6b5b557f/aws-lc-sys-0.45.0/generated-include" "-I" "/home/agent/.cargo/registry/src/index.crates.io-1949cf8c6b5b557f/aws-lc-sys-0.45.0/include" "-I" "/home/agent/.cargo/registry/src/index.crates.io-1949cf8c6b5b557f/aws-lc-sys-0.45.0/aws-lc/include" "-I" "/home/agent/.cargo/registry/src/index.crates.io-1949cf8c6b5b557f/aws-lc-sys-0.45.0/aws-lc/third_party/s2n-bignum/include" "-I" "/home/agent/.cargo/registry/src/index.crates.io-1949cf8c6b5b557f/aws-lc-sys-0.45.0/aws-lc/third_party/s2n-bignum/s2n-bignum-imported/include" "-I" "/home/agent/.cargo/registry/src/index.crates.io-1949cf8c6b5b557f/aws-lc-sys-0.45.0/aws-lc/third_party/jitterentropy/jitterentropy-library" "-I" "/home/agent/.cargo/registry/src/index.crates.io-1949cf8c6b5b557f/aws-lc-sys-0.45.0/aws-lc/third_party/jitterentropy/jitterentropy-library/src" "-Wall" "-Wextra" "-Wno-unused-parameter" "-pthread" "-D_XOPEN_SOURCE=700" "-DBORINGSSL_IMPLEMENTATION=1" "-DBORINGSSL_PREFIX=aws_lc_0_45_0" "-DAWS_LC_STDALIGN_AVAILABLE=1" "-DAWS_LC_BUILTIN_SWAP_SUPPORTED=1" "-DMY_ASSEMBLER_SUPPORTS_NEON_SHA3_EXTENSION=1" "-DHAVE_LINUX_RANDOM_H=1" "-o" "/home/agent/qa/toad/target/debug/build/aws-lc-sys-2c2aadc25d35480a/out/27a075eab3d35364-pem_xaux.o" "-c" "/home/agent/.cargo/registry/src/index.crates.io-1949cf8c6b5b557f/aws-lc-sys-0.45.0/aws-lc/crypto/pem/pem_xaux.c"cargo:rerun-if-env-changed=CC_aarch64-unknown-linux-gnu
error: failed to run custom build command for `aws-lc-sys v0.45.0`

Caused by:
  process didn't exit successfully: `/home/agent/qa/toad/target/debug/build/aws-lc-sys-9df4c062e41b17b7/build-script-main` (exit status: 1)
  --- stdout
  cargo:rerun-if-env-changed=AWS_LC_SYS_NO_PREFIX_aarch64_unknown_linux_gnu
  cargo:rerun-if-env-changed=AWS_LC_SYS_NO_PREFIX
  cargo:rerun-if-env-changed=AWS_LC_SYS_PREGENERATING_BINDINGS_aarch64_unknown_linux_gnu
  cargo:rerun-if-env-changed=AWS_LC_SYS_PREGENERATING_BINDINGS
  cargo:rerun-if-env-changed=AWS_LC_SYS_EXTERNAL_BINDGEN_aarch64_unknown_linux_gnu
  cargo:rerun-if-env-changed=AWS_LC_SYS_EXTERNAL_BINDGEN
  cargo:rerun-if-env-changed=AWS_LC_SYS_NO_ASM_aarch64_unknown_linux_gnu
  cargo:rerun-if-env-changed=AWS_LC_SYS_NO_ASM
  cargo:rerun-if-env-changed=AWS_LC_SYS_PREBUILT_NASM_aarch64_unknown_linux_gnu
  cargo:rerun-if-env-changed=AWS_LC_SYS_PREBUILT_NASM
  cargo:rerun-if-env-changed=AWS_LC_SYS_C_STD_aarch64_unknown_linux_gnu
  cargo:rerun-if-env-changed=AWS_LC_SYS_C_STD
  cargo:rerun-if-env-changed=AWS_LC_SYS_CMAKE_BUILDER_aarch64_unknown_linux_gnu
  cargo:rerun-if-env-changed=AWS_LC_SYS_CMAKE_BUILDER
  cargo:rerun-if-env-changed=AWS_LC_SYS_NO_PREGENERATED_SRC_aarch64_unknown_linux_gnu
  cargo:rerun-if-env-changed=AWS_LC_SYS_NO_PREGENERATED_SRC
  cargo:rerun-if-env-changed=AWS_LC_SYS_SMALL_aarch64_unknown_linux_gnu
  cargo:rerun-if-env-changed=AWS_LC_SYS_SMALL
  cargo:rerun-if-env-changed=AWS_LC_SYS_EFFECTIVE_TARGET_aarch64_unknown_linux_gnu
  cargo:rerun-if-env-changed=AWS_LC_SYS_EFFECTIVE_TARGET
  cargo:rerun-if-env-changed=AWS_LC_SYS_NO_JITTER_ENTROPY_aarch64_unknown_linux_gnu
  cargo:rerun-if-env-changed=AWS_LC_SYS_NO_JITTER_ENTROPY
  cargo:rerun-if-env-changed=AWS_LC_SYS_NO_U1_BINDINGS_aarch64_unknown_linux_gnu
  cargo:rerun-if-env-changed=AWS_LC_SYS_NO_U1_BINDINGS
  cargo:rerun-if-env-changed=AWS_LC_SYS_INCLUDES_aarch64_unknown_linux_gnu
  cargo:rerun-if-env-changed=AWS_LC_SYS_INCLUDES
  cargo:rerun-if-env-changed=AWS_LC_SYS_SANITIZER_aarch64_unknown_linux_gnu
  cargo:rerun-if-env-changed=AWS_LC_SYS_SANITIZER
  cargo:rerun-if-env-changed=AWS_LC_SYS_LINK_WHOLE_ARCHIVE_aarch64_unknown_linux_gnu
  cargo:rerun-if-env-changed=AWS_LC_SYS_LINK_WHOLE_ARCHIVE
  cargo:rerun-if-env-changed=AWS_LC_SYS_STATIC_aarch64_unknown_linux_gnu
  cargo:rerun-if-env-changed=AWS_LC_SYS_STATIC
  cargo:rerun-if-env-changed=AWS_LC_SYS_SYSTEM_DIR_aarch64_unknown_linux_gnu
  cargo:rerun-if-env-changed=AWS_LC_SYS_SYSTEM_DIR
  cargo:rerun-if-env-changed=AWS_LC_SYS_USE_SYSTEM_aarch64_unknown_linux_gnu
  cargo:rerun-if-env-changed=AWS_LC_SYS_USE_SYSTEM
  cargo:rerun-if-env-changed=AWS_LC_SYS_SYSTEM_BINDINGS_aarch64_unknown_linux_gnu
  cargo:rerun-if-env-changed=AWS_LC_SYS_SYSTEM_BINDINGS
  cargo:rerun-if-env-changed=AWS_LC_SYS_SYSTEM_SKIP_VERSION_CHECK_aarch64_unknown_linux_gnu
  cargo:rerun-if-env-changed=AWS_LC_SYS_SYSTEM_SKIP_VERSION_CHECK
  cargo:rerun-if-env-changed=CARGO_ENCODED_RUSTFLAGS
  cargo:warning=Environment Variable found 'CARGO_ENCODED_RUSTFLAGS': ''
  cargo:warning=Emitting configuration: cargo:rustc-cfg=universal
  cargo:rustc-cfg=universal
  cargo:rerun-if-env-changed=OPENSSL_DIR_aarch64_unknown_linux_gnu
  cargo:rerun-if-env-changed=OPENSSL_DIR
  cargo:rerun-if-env-changed=OPENSSL_INCLUDE_DIR_aarch64_unknown_linux_gnu
  cargo:rerun-if-env-changed=OPENSSL_INCLUDE_DIR
  cargo:rerun-if-env-changed=OPENSSL_LIB_DIR_aarch64_unknown_linux_gnu
  cargo:rerun-if-env-changed=OPENSSL_LIB_DIR
  cargo:rerun-if-env-changed=OPENSSL_NO_PKG_CONFIG
  cargo:rerun-if-env-changed=PKG_CONFIG_aarch64-unknown-linux-gnu
  cargo:rerun-if-env-changed=PKG_CONFIG_aarch64_unknown_linux_gnu
  cargo:rerun-if-env-changed=HOST_PKG_CONFIG
  cargo:rerun-if-env-changed=PKG_CONFIG
  cargo:rerun-if-env-changed=OPENSSL_STATIC
  cargo:rerun-if-env-changed=OPENSSL_DYNAMIC
  cargo:rerun-if-env-changed=PKG_CONFIG_ALL_STATIC
  cargo:rerun-if-env-changed=PKG_CONFIG_ALL_DYNAMIC
  cargo:rerun-if-env-changed=PKG_CONFIG_PATH_aarch64-unknown-linux-gnu
  cargo:rerun-if-env-changed=PKG_CONFIG_PATH_aarch64_unknown_linux_gnu
  cargo:rerun-if-env-changed=HOST_PKG_CONFIG_PATH
  cargo:rerun-if-env-changed=PKG_CONFIG_PATH
  cargo:rerun-if-env-changed=PKG_CONFIG_LIBDIR_aarch64-unknown-linux-gnu
  cargo:rerun-if-env-changed=PKG_CONFIG_LIBDIR_aarch64_unknown_linux_gnu
  cargo:rerun-if-env-changed=HOST_PKG_CONFIG_LIBDIR
  cargo:rerun-if-env-changed=PKG_CONFIG_LIBDIR
  cargo:rerun-if-env-changed=PKG_CONFIG_SYSROOT_DIR_aarch64-unknown-linux-gnu
  cargo:rerun-if-env-changed=PKG_CONFIG_SYSROOT_DIR_aarch64_unknown_linux_gnu
  cargo:rerun-if-env-changed=HOST_PKG_CONFIG_SYSROOT_DIR
  cargo:rerun-if-env-changed=PKG_CONFIG_SYSROOT_DIR
  cargo:rerun-if-env-changed=PKG_CONFIG_SYSROOT_DIR
  cargo:rerun-if-env-changed=SYSROOT
  cargo:rerun-if-env-changed=OPENSSL_STATIC
  cargo:rerun-if-env-changed=OPENSSL_DYNAMIC
  cargo:rerun-if-env-changed=PKG_CONFIG_ALL_STATIC
  cargo:rerun-if-env-changed=PKG_CONFIG_ALL_DYNAMIC
  cargo:rerun-if-env-changed=PKG_CONFIG_aarch64-unknown-linux-gnu
  cargo:rerun-if-env-changed=PKG_CONFIG_aarch64_unknown_linux_gnu
  cargo:rerun-if-env-changed=HOST_PKG_CONFIG
  cargo:rerun-if-env-changed=PKG_CONFIG
  cargo:rerun-if-env-changed=OPENSSL_STATIC
  cargo:rerun-if-env-changed=OPENSSL_DYNAMIC
  cargo:rerun-if-env-changed=PKG_CONFIG_ALL_STATIC
  cargo:rerun-if-env-changed=PKG_CONFIG_ALL_DYNAMIC
  cargo:rerun-if-env-changed=PKG_CONFIG_PATH_aarch64-unknown-linux-gnu
  cargo:rerun-if-env-changed=PKG_CONFIG_PATH_aarch64_unknown_linux_gnu
  cargo:rerun-if-env-changed=HOST_PKG_CONFIG_PATH
  cargo:rerun-if-env-changed=PKG_CONFIG_PATH
  cargo:rerun-if-env-changed=PKG_CONFIG_LIBDIR_aarch64-unknown-linux-gnu
  cargo:rerun-if-env-changed=PKG_CONFIG_LIBDIR_aarch64_unknown_linux_gnu
  cargo:rerun-if-env-changed=HOST_PKG_CONFIG_LIBDIR
  cargo:rerun-if-env-changed=PKG_CONFIG_LIBDIR
  cargo:rerun-if-env-changed=PKG_CONFIG_SYSROOT_DIR_aarch64-unknown-linux-gnu
  cargo:rerun-if-env-changed=PKG_CONFIG_SYSROOT_DIR_aarch64_unknown_linux_gnu
  cargo:rerun-if-env-changed=HOST_PKG_CONFIG_SYSROOT_DIR
  cargo:rerun-if-env-changed=PKG_CONFIG_SYSROOT_DIR
  cargo:rerun-if-env-changed=AWS_LC_NO_PKG_CONFIG
  cargo:rerun-if-env-changed=PKG_CONFIG_aarch64-unknown-linux-gnu
  cargo:rerun-if-env-changed=PKG_CONFIG_aarch64_unknown_linux_gnu
  cargo:rerun-if-env-changed=HOST_PKG_CONFIG
  cargo:rerun-if-env-changed=PKG_CONFIG
  cargo:rerun-if-env-changed=AWS_LC_STATIC
  cargo:rerun-if-env-changed=AWS_LC_DYNAMIC
  cargo:rerun-if-env-changed=PKG_CONFIG_ALL_STATIC
  cargo:rerun-if-env-changed=PKG_CONFIG_ALL_DYNAMIC
  cargo:rerun-if-env-changed=PKG_CONFIG_PATH_aarch64-unknown-linux-gnu
  cargo:rerun-if-env-changed=PKG_CONFIG_PATH_aarch64_unknown_linux_gnu
  cargo:rerun-if-env-changed=HOST_PKG_CONFIG_PATH
  cargo:rerun-if-env-changed=PKG_CONFIG_PATH
  cargo:rerun-if-env-changed=PKG_CONFIG_LIBDIR_aarch64-unknown-linux-gnu
  cargo:rerun-if-env-changed=PKG_CONFIG_LIBDIR_aarch64_unknown_linux_gnu
  cargo:rerun-if-env-changed=HOST_PKG_CONFIG_LIBDIR
  cargo:rerun-if-env-changed=PKG_CONFIG_LIBDIR
  cargo:rerun-if-env-changed=PKG_CONFIG_SYSROOT_DIR_aarch64-unknown-linux-gnu
  cargo:rerun-if-env-changed=PKG_CONFIG_SYSROOT_DIR_aarch64_unknown_linux_gnu
  cargo:rerun-if-env-changed=HOST_PKG_CONFIG_SYSROOT_DIR
  cargo:rerun-if-env-changed=PKG_CONFIG_SYSROOT_DIR
  cargo:rerun-if-env-changed=LIBCRYPTO_NO_PKG_CONFIG
  cargo:rerun-if-env-changed=PKG_CONFIG_aarch64-unknown-linux-gnu
  cargo:rerun-if-env-changed=PKG_CONFIG_aarch64_unknown_linux_gnu
  cargo:rerun-if-env-changed=HOST_PKG_CONFIG
  cargo:rerun-if-env-changed=PKG_CONFIG
  cargo:rerun-if-env-changed=LIBCRYPTO_STATIC
  cargo:rerun-if-env-changed=LIBCRYPTO_DYNAMIC
  cargo:rerun-if-env-changed=PKG_CONFIG_ALL_STATIC
  cargo:rerun-if-env-changed=PKG_CONFIG_ALL_DYNAMIC
  cargo:rerun-if-env-changed=PKG_CONFIG_PATH_aarch64-unknown-linux-gnu
  cargo:rerun-if-env-changed=PKG_CONFIG_PATH_aarch64_unknown_linux_gnu
  cargo:rerun-if-env-changed=HOST_PKG_CONFIG_PATH
  cargo:rerun-if-env-changed=PKG_CONFIG_PATH
  cargo:rerun-if-env-changed=PKG_CONFIG_LIBDIR_aarch64-unknown-linux-gnu
  cargo:rerun-if-env-changed=PKG_CONFIG_LIBDIR_aarch64_unknown_linux_gnu
  cargo:rerun-if-env-changed=HOST_PKG_CONFIG_LIBDIR
  cargo:rerun-if-env-changed=PKG_CONFIG_LIBDIR
  cargo:rerun-if-env-changed=PKG_CONFIG_SYSROOT_DIR_aarch64-unknown-linux-gnu
  cargo:rerun-if-env-changed=PKG_CONFIG_SYSROOT_DIR_aarch64_unknown_linux_gnu
  cargo:rerun-if-env-changed=HOST_PKG_CONFIG_SYSROOT_DIR
  cargo:rerun-if-env-changed=PKG_CONFIG_SYSROOT_DIR
  cargo:rerun-if-env-changed=PKG_CONFIG_SYSROOT_DIR
  cargo:rerun-if-env-changed=SYSROOT
  cargo:rerun-if-env-changed=LIBCRYPTO_STATIC
  cargo:rerun-if-env-changed=LIBCRYPTO_DYNAMIC
  cargo:rerun-if-env-changed=PKG_CONFIG_ALL_STATIC
  cargo:rerun-if-env-changed=PKG_CONFIG_ALL_DYNAMIC
  cargo:rerun-if-env-changed=PKG_CONFIG_aarch64-unknown-linux-gnu
  cargo:rerun-if-env-changed=PKG_CONFIG_aarch64_unknown_linux_gnu
  cargo:rerun-if-env-changed=HOST_PKG_CONFIG
  cargo:rerun-if-env-changed=PKG_CONFIG
  cargo:rerun-if-env-changed=LIBCRYPTO_STATIC
  cargo:rerun-if-env-changed=LIBCRYPTO_DYNAMIC
  cargo:rerun-if-env-changed=PKG_CONFIG_ALL_STATIC
  cargo:rerun-if-env-changed=PKG_CONFIG_ALL_DYNAMIC
  cargo:rerun-if-env-changed=PKG_CONFIG_PATH_aarch64-unknown-linux-gnu
  cargo:rerun-if-env-changed=PKG_CONFIG_PATH_aarch64_unknown_linux_gnu
  cargo:rerun-if-env-changed=HOST_PKG_CONFIG_PATH
  cargo:rerun-if-env-changed=PKG_CONFIG_PATH
  cargo:rerun-if-env-changed=PKG_CONFIG_LIBDIR_aarch64-unknown-linux-gnu
  cargo:rerun-if-env-changed=PKG_CONFIG_LIBDIR_aarch64_unknown_linux_gnu
  cargo:rerun-if-env-changed=HOST_PKG_CONFIG_LIBDIR
  cargo:rerun-if-env-changed=PKG_CONFIG_LIBDIR
  cargo:rerun-if-env-changed=PKG_CONFIG_SYSROOT_DIR_aarch64-unknown-linux-gnu
  cargo:rerun-if-env-changed=PKG_CONFIG_SYSROOT_DIR_aarch64_unknown_linux_gnu
  cargo:rerun-if-env-changed=HOST_PKG_CONFIG_SYSROOT_DIR
  cargo:rerun-if-env-changed=PKG_CONFIG_SYSROOT_DIR
  cargo:rerun-if-env-changed=LIBCRYPTO_AWSLC_NO_PKG_CONFIG
  cargo:rerun-if-env-changed=PKG_CONFIG_aarch64-unknown-linux-gnu
  cargo:rerun-if-env-changed=PKG_CONFIG_aarch64_unknown_linux_gnu
  cargo:rerun-if-env-changed=HOST_PKG_CONFIG
  cargo:rerun-if-env-changed=PKG_CONFIG
  cargo:rerun-if-env-changed=LIBCRYPTO_AWSLC_STATIC
  cargo:rerun-if-env-changed=LIBCRYPTO_AWSLC_DYNAMIC
  cargo:rerun-if-env-changed=PKG_CONFIG_ALL_STATIC
  cargo:rerun-if-env-changed=PKG_CONFIG_ALL_DYNAMIC
  cargo:rerun-if-env-changed=PKG_CONFIG_PATH_aarch64-unknown-linux-gnu
  cargo:rerun-if-env-changed=PKG_CONFIG_PATH_aarch64_unknown_linux_gnu
  cargo:rerun-if-env-changed=HOST_PKG_CONFIG_PATH
  cargo:rerun-if-env-changed=PKG_CONFIG_PATH
  cargo:rerun-if-env-changed=PKG_CONFIG_LIBDIR_aarch64-unknown-linux-gnu
  cargo:rerun-if-env-changed=PKG_CONFIG_LIBDIR_aarch64_unknown_linux_gnu
  cargo:rerun-if-env-changed=HOST_PKG_CONFIG_LIBDIR
  cargo:rerun-if-env-changed=PKG_CONFIG_LIBDIR
  cargo:rerun-if-env-changed=PKG_CONFIG_SYSROOT_DIR_aarch64-unknown-linux-gnu
  cargo:rerun-if-env-changed=PKG_CONFIG_SYSROOT_DIR_aarch64_unknown_linux_gnu
  cargo:rerun-if-env-changed=HOST_PKG_CONFIG_SYSROOT_DIR
  cargo:rerun-if-env-changed=PKG_CONFIG_SYSROOT_DIR
  cargo:warning=Only dynamic crypto library found in system install; using dynamic linking.
  Ignoring candidate AWS-LC at /nix/store/ik15agzk82h1sbazhalg11y8zw1xvl8n-openssl-3.6.4-dev: Failed to read /nix/store/ik15agzk82h1sbazhalg11y8zw1xvl8n-openssl-3.6.4-dev/include/openssl/base.h: No such file or directory (os error 2)
  cargo:warning=Only dynamic crypto library found in system install; using dynamic linking.
  Ignoring candidate AWS-LC at /nix/store/ik15agzk82h1sbazhalg11y8zw1xvl8n-openssl-3.6.4-dev: Failed to read /nix/store/ik15agzk82h1sbazhalg11y8zw1xvl8n-openssl-3.6.4-dev/include/openssl/base.h: No such file or directory (os error 2)
  cargo:rerun-if-env-changed=CARGO_FEATURE_SSL
  cargo:warning=Building with: CC
  cargo:warning=Symbol Prefix: Some("aws_lc_0_45_0")
  cargo:rerun-if-env-changed=CARGO_FEATURE_SSL
  cargo:warning=Target platform: 'aarch64-unknown-linux-gnu'
  cargo:root=/home/agent/qa/toad/target/debug/build/aws-lc-sys-2c2aadc25d35480a/out
  cargo:rerun-if-env-changed=AWS_LC_SYS_HOST_CFLAGS_aarch64_unknown_linux_gnu
  cargo:rerun-if-env-changed=AWS_LC_SYS_HOST_CFLAGS
  cargo:rerun-if-env-changed=HOST_CFLAGS_aarch64_unknown_linux_gnu
  cargo:rerun-if-env-changed=HOST_CFLAGS
  cargo:rerun-if-env-changed=AWS_LC_SYS_CFLAGS_aarch64_unknown_linux_gnu
  cargo:rerun-if-env-changed=AWS_LC_SYS_CFLAGS
  cargo:rerun-if-env-changed=CFLAGS_aarch64_unknown_linux_gnu
  cargo:rerun-if-env-changed=CFLAGS
  cargo:rerun-if-env-changed=CC_aarch64-unknown-linux-gnu
  CC_aarch64-unknown-linux-gnu = None
  cargo:rerun-if-env-changed=CC_aarch64_unknown_linux_gnu
  CC_aarch64_unknown_linux_gnu = None
  cargo:rerun-if-env-changed=HOST_CC
  HOST_CC = None
  cargo:rerun-if-env-changed=CC
  CC = Some(gcc)
  cargo:rerun-if-env-changed=CC_KNOWN_WRAPPER_CUSTOM
  CC_KNOWN_WRAPPER_CUSTOM = None
  cargo:rerun-if-env-changed=CC_ENABLE_DEBUG_OUTPUT
  cargo:rerun-if-env-changed=CRATE_CC_NO_DEFAULTS
  CRATE_CC_NO_DEFAULTS = None
  cargo:rerun-if-env-changed=CFLAGS
  CFLAGS = None
  cargo:rerun-if-env-changed=HOST_CFLAGS
  HOST_CFLAGS = None
  cargo:rerun-if-env-changed=CFLAGS_aarch64_unknown_linux_gnu
  CFLAGS_aarch64_unknown_linux_gnu = None
  cargo:rerun-if-env-changed=CFLAGS_aarch64-unknown-linux-gnu
  CFLAGS_aarch64-unknown-linux-gnu = None
  cargo:rerun-if-env-changed=CC_aarch64-unknown-linux-gnu
  CC_aarch64-unknown-linux-gnu = None
  cargo:rerun-if-env-changed=CC_aarch64_unknown_linux_gnu
  CC_aarch64_unknown_linux_gnu = None
  cargo:rerun-if-env-changed=HOST_CC
  HOST_CC = None
  cargo:rerun-if-env-changed=CC
  CC = Some(gcc)
  cargo:rerun-if-env-changed=CC_KNOWN_WRAPPER_CUSTOM
  CC_KNOWN_WRAPPER_CUSTOM = None
  cargo:rerun-if-env-changed=CC_ENABLE_DEBUG_OUTPUT
  cargo:rerun-if-env-changed=CRATE_CC_NO_DEFAULTS
  CRATE_CC_NO_DEFAULTS = None
  cargo:rerun-if-env-changed=CFLAGS
  CFLAGS = None
  cargo:rerun-if-env-changed=HOST_CFLAGS
  HOST_CFLAGS = None
  cargo:rerun-if-env-changed=CFLAGS_aarch64_unknown_linux_gnu
  CFLAGS_aarch64_unknown_linux_gnu = None
  cargo:rerun-if-env-changed=CFLAGS_aarch64-unknown-linux-gnu
  CFLAGS_aarch64-unknown-linux-gnu = None
  cargo:rerun-if-env-changed=CC_aarch64-unknown-linux-gnu
  CC_aarch64-unknown-linux-gnu = None
  cargo:rerun-if-env-changed=CC_aarch64_unknown_linux_gnu
  CC_aarch64_unknown_linux_gnu = None
  cargo:rerun-if-env-changed=HOST_CC
  HOST_CC = None
  cargo:rerun-if-env-changed=CC
  CC = Some(gcc)
  cargo:rerun-if-env-changed=CC_KNOWN_WRAPPER_CUSTOM
  CC_KNOWN_WRAPPER_CUSTOM = None
  cargo:rerun-if-env-changed=CC_ENABLE_DEBUG_OUTPUT
  cargo:rerun-if-env-changed=CRATE_CC_NO_DEFAULTS
  CRATE_CC_NO_DEFAULTS = None
  cargo:rerun-if-env-changed=CFLAGS
  CFLAGS = None
  cargo:rerun-if-env-changed=HOST_CFLAGS
  HOST_CFLAGS = None
  cargo:rerun-if-env-changed=CFLAGS_aarch64_unknown_linux_gnu
  CFLAGS_aarch64_unknown_linux_gnu = None
  cargo:rerun-if-env-changed=CFLAGS_aarch64-unknown-linux-gnu
  CFLAGS_aarch64-unknown-linux-gnu = None
  cargo:rerun-if-env-changed=CC_FORCE_DISABLE
  CC_FORCE_DISABLE = None
  cargo:rerun-if-env-changed=CC_aarch64-unknown-linux-gnu
  CC_aarch64-unknown-linux-gnu = None
  cargo:rerun-if-env-changed=CC_aarch64_unknown_linux_gnu
  CC_aarch64_unknown_linux_gnu = None
  cargo:rerun-if-env-changed=HOST_CC
  HOST_CC = None
  cargo:rerun-if-env-changed=CC
  CC = Some(gcc)
  cargo:rerun-if-env-changed=CC_KNOWN_WRAPPER_CUSTOM
  CC_KNOWN_WRAPPER_CUSTOM = None
  cargo:rerun-if-env-changed=CRATE_CC_NO_DEFAULTS
  CRATE_CC_NO_DEFAULTS = None
  cargo:rerun-if-env-changed=CFLAGS
  CFLAGS = None
  cargo:rerun-if-env-changed=HOST_CFLAGS
  HOST_CFLAGS = None
  cargo:rerun-if-env-changed=CFLAGS_aarch64_unknown_linux_gnu
  CFLAGS_aarch64_unknown_linux_gnu = None
  cargo:rerun-if-env-changed=CFLAGS_aarch64-unknown-linux-gnu
  CFLAGS_aarch64-unknown-linux-gnu = None
  cargo:warning=Compilation of 'c11.c' succeeded - Ok(["/home/agent/qa/toad/target/debug/build/aws-lc-sys-2c2aadc25d35480a/out/out-c11/7dfda64fdf5a526c-c11.o"]).
  cargo:rerun-if-env-changed=AWS_LC_SYS_HOST_CC_aarch64_unknown_linux_gnu
  cargo:rerun-if-env-changed=AWS_LC_SYS_HOST_CC
  cargo:rerun-if-env-changed=HOST_CC_aarch64_unknown_linux_gnu
  cargo:rerun-if-env-changed=HOST_CC
  cargo:rerun-if-env-changed=AWS_LC_SYS_CC_aarch64_unknown_linux_gnu
  cargo:rerun-if-env-changed=AWS_LC_SYS_CC
  cargo:rerun-if-env-changed=CC_aarch64_unknown_linux_gnu
  cargo:rerun-if-env-changed=CC
  cargo:warning=Environment Variable found 'CC': 'gcc'
  cargo:warning=Setting CC_aarch64_unknown_linux_gnu: gcc
  cargo:rerun-if-env-changed=AWS_LC_SYS_HOST_CXX_aarch64_unknown_linux_gnu
  cargo:rerun-if-env-changed=AWS_LC_SYS_HOST_CXX
  cargo:rerun-if-env-changed=HOST_CXX_aarch64_unknown_linux_gnu
  cargo:rerun-if-env-changed=HOST_CXX
  cargo:rerun-if-env-changed=AWS_LC_SYS_CXX_aarch64_unknown_linux_gnu
  cargo:rerun-if-env-changed=AWS_LC_SYS_CXX
  cargo:rerun-if-env-changed=CXX_aarch64_unknown_linux_gnu
  cargo:rerun-if-env-changed=CXX
  cargo:warning=Environment Variable found 'CXX': 'g++'
  cargo:warning=Setting CXX_aarch64_unknown_linux_gnu: g++
  cargo:rerun-if-env-changed=CC_aarch64-unknown-linux-gnu
  CC_aarch64-unknown-linux-gnu = None
  cargo:rerun-if-env-changed=CC_aarch64_unknown_linux_gnu
  CC_aarch64_unknown_linux_gnu = Some(gcc)
  cargo:rerun-if-env-changed=CC_KNOWN_WRAPPER_CUSTOM
  CC_KNOWN_WRAPPER_CUSTOM = None
  cargo:rerun-if-env-changed=CC_ENABLE_DEBUG_OUTPUT
  cargo:rerun-if-env-changed=CRATE_CC_NO_DEFAULTS
  CRATE_CC_NO_DEFAULTS = None
  cargo:rerun-if-env-changed=CFLAGS
  CFLAGS = None
  cargo:rerun-if-env-changed=HOST_CFLAGS
  HOST_CFLAGS = None
  cargo:rerun-if-env-changed=CFLAGS_aarch64_unknown_linux_gnu
  CFLAGS_aarch64_unknown_linux_gnu = None
  cargo:rerun-if-env-changed=CFLAGS_aarch64-unknown-linux-gnu
  CFLAGS_aarch64-unknown-linux-gnu = None
  cargo:rerun-if-env-changed=CC_FORCE_DISABLE
  CC_FORCE_DISABLE = None
  cargo:rerun-if-env-changed=CC_aarch64-unknown-linux-gnu
  CC_aarch64-unknown-linux-gnu = None
  cargo:rerun-if-env-changed=CC_aarch64_unknown_linux_gnu
  CC_aarch64_unknown_linux_gnu = Some(gcc)
  cargo:rerun-if-env-changed=CC_KNOWN_WRAPPER_CUSTOM
  CC_KNOWN_WRAPPER_CUSTOM = None
  cargo:rerun-if-env-changed=CRATE_CC_NO_DEFAULTS
  CRATE_CC_NO_DEFAULTS = None
  cargo:rerun-if-env-changed=CFLAGS
  CFLAGS = None
  cargo:rerun-if-env-changed=HOST_CFLAGS
  HOST_CFLAGS = None
  cargo:rerun-if-env-changed=CFLAGS_aarch64_unknown_linux_gnu
  CFLAGS_aarch64_unknown_linux_gnu = None
  cargo:rerun-if-env-changed=CFLAGS_aarch64-unknown-linux-gnu
  CFLAGS_aarch64-unknown-linux-gnu = None
  cargo:warning=Compilation of 'stdalign_check.c' succeeded - Ok(["/home/agent/qa/toad/target/debug/build/aws-lc-sys-2c2aadc25d35480a/out/out-stdalign_check/7dfda64fdf5a526c-stdalign_check.o"]).
  cargo:rerun-if-env-changed=CC_aarch64-unknown-linux-gnu
  CC_aarch64-unknown-linux-gnu = None
  cargo:rerun-if-env-changed=CC_aarch64_unknown_linux_gnu
  CC_aarch64_unknown_linux_gnu = Some(gcc)
  cargo:rerun-if-env-changed=CC_KNOWN_WRAPPER_CUSTOM
  CC_KNOWN_WRAPPER_CUSTOM = None
  cargo:rerun-if-env-changed=CC_ENABLE_DEBUG_OUTPUT
  cargo:rerun-if-env-changed=CRATE_CC_NO_DEFAULTS
  CRATE_CC_NO_DEFAULTS = None
  cargo:rerun-if-env-changed=CFLAGS
  CFLAGS = None
  cargo:rerun-if-env-changed=HOST_CFLAGS
  HOST_CFLAGS = None
  cargo:rerun-if-env-changed=CFLAGS_aarch64_unknown_linux_gnu
  CFLAGS_aarch64_unknown_linux_gnu = None
  cargo:rerun-if-env-changed=CFLAGS_aarch64-unknown-linux-gnu
  CFLAGS_aarch64-unknown-linux-gnu = None
  cargo:rerun-if-env-changed=CC_FORCE_DISABLE
  CC_FORCE_DISABLE = None
  cargo:rerun-if-env-changed=CC_aarch64-unknown-linux-gnu
  CC_aarch64-unknown-linux-gnu = None
  cargo:rerun-if-env-changed=CC_aarch64_unknown_linux_gnu
  CC_aarch64_unknown_linux_gnu = Some(gcc)
  cargo:rerun-if-env-changed=CC_KNOWN_WRAPPER_CUSTOM
  CC_KNOWN_WRAPPER_CUSTOM = None
  cargo:rerun-if-env-changed=CRATE_CC_NO_DEFAULTS
  CRATE_CC_NO_DEFAULTS = None
  cargo:rerun-if-env-changed=CFLAGS
  CFLAGS = None
  cargo:rerun-if-env-changed=HOST_CFLAGS
  HOST_CFLAGS = None
  cargo:rerun-if-env-changed=CFLAGS_aarch64_unknown_linux_gnu
  CFLAGS_aarch64_unknown_linux_gnu = None
  cargo:rerun-if-env-changed=CFLAGS_aarch64-unknown-linux-gnu
  CFLAGS_aarch64-unknown-linux-gnu = None
  cargo:warning=Compilation of 'builtin_swap_check.c' succeeded - Ok(["/home/agent/qa/toad/target/debug/build/aws-lc-sys-2c2aadc25d35480a/out/out-builtin_swap_check/7dfda64fdf5a526c-builtin_swap_check.o"]).
  cargo:rerun-if-env-changed=CC_aarch64-unknown-linux-gnu
  CC_aarch64-unknown-linux-gnu = None
  cargo:rerun-if-env-changed=CC_aarch64_unknown_linux_gnu
  CC_aarch64_unknown_linux_gnu = Some(gcc)
  cargo:rerun-if-env-changed=CC_KNOWN_WRAPPER_CUSTOM
  CC_KNOWN_WRAPPER_CUSTOM = None
  cargo:rerun-if-env-changed=CC_ENABLE_DEBUG_OUTPUT
  cargo:rerun-if-env-changed=CRATE_CC_NO_DEFAULTS
  CRATE_CC_NO_DEFAULTS = None
  cargo:rerun-if-env-changed=CFLAGS
  CFLAGS = None
  cargo:rerun-if-env-changed=HOST_CFLAGS
  HOST_CFLAGS = None
  cargo:rerun-if-env-changed=CFLAGS_aarch64_unknown_linux_gnu
  CFLAGS_aarch64_unknown_linux_gnu = None
  cargo:rerun-if-env-changed=CFLAGS_aarch64-unknown-linux-gnu
  CFLAGS_aarch64-unknown-linux-gnu = None
  cargo:rerun-if-env-changed=CC_FORCE_DISABLE
  CC_FORCE_DISABLE = None
  cargo:rerun-if-env-changed=CC_aarch64-unknown-linux-gnu
  CC_aarch64-unknown-linux-gnu = None
  cargo:rerun-if-env-changed=CC_aarch64_unknown_linux_gnu
  CC_aarch64_unknown_linux_gnu = Some(gcc)
  cargo:rerun-if-env-changed=CC_KNOWN_WRAPPER_CUSTOM
  CC_KNOWN_WRAPPER_CUSTOM = None
  cargo:rerun-if-env-changed=CRATE_CC_NO_DEFAULTS
  CRATE_CC_NO_DEFAULTS = None
  cargo:rerun-if-env-changed=CFLAGS
  CFLAGS = None
  cargo:rerun-if-env-changed=HOST_CFLAGS
  HOST_CFLAGS = None
  cargo:rerun-if-env-changed=CFLAGS_aarch64_unknown_linux_gnu
  CFLAGS_aarch64_unknown_linux_gnu = None
  cargo:rerun-if-env-changed=CFLAGS_aarch64-unknown-linux-gnu
  CFLAGS_aarch64-unknown-linux-gnu = None
  cargo:warning=Compilation of 'neon_sha3_check.c' succeeded - Ok(["/home/agent/qa/toad/target/debug/build/aws-lc-sys-2c2aadc25d35480a/out/out-neon_sha3_check/7dfda64fdf5a526c-neon_sha3_check.o"]).
  cargo:rerun-if-env-changed=CC_aarch64-unknown-linux-gnu
  CC_aarch64-unknown-linux-gnu = None
  cargo:rerun-if-env-changed=CC_aarch64_unknown_linux_gnu
  CC_aarch64_unknown_linux_gnu = Some(gcc)
  cargo:rerun-if-env-changed=CC_KNOWN_WRAPPER_CUSTOM
  CC_KNOWN_WRAPPER_CUSTOM = None
  cargo:rerun-if-env-changed=CC_ENABLE_DEBUG_OUTPUT
  cargo:rerun-if-env-changed=CRATE_CC_NO_DEFAULTS
  CRATE_CC_NO_DEFAULTS = None
  cargo:rerun-if-env-changed=CFLAGS
  CFLAGS = None
  cargo:rerun-if-env-changed=HOST_CFLAGS
  HOST_CFLAGS = None
  cargo:rerun-if-env-changed=CFLAGS_aarch64_unknown_linux_gnu
  CFLAGS_aarch64_unknown_linux_gnu = None
  cargo:rerun-if-env-changed=CFLAGS_aarch64-unknown-linux-gnu
  CFLAGS_aarch64-unknown-linux-gnu = None
  cargo:rerun-if-env-changed=CC_FORCE_DISABLE
  CC_FORCE_DISABLE = None
  cargo:rerun-if-env-changed=CC_aarch64-unknown-linux-gnu
  CC_aarch64-unknown-linux-gnu = None
  cargo:rerun-if-env-changed=CC_aarch64_unknown_linux_gnu
  CC_aarch64_unknown_linux_gnu = Some(gcc)
  cargo:rerun-if-env-changed=CC_KNOWN_WRAPPER_CUSTOM
  CC_KNOWN_WRAPPER_CUSTOM = None
  cargo:rerun-if-env-changed=CRATE_CC_NO_DEFAULTS
  CRATE_CC_NO_DEFAULTS = None
  cargo:rerun-if-env-changed=CFLAGS
  CFLAGS = None
  cargo:rerun-if-env-changed=HOST_CFLAGS
  HOST_CFLAGS = None
  cargo:rerun-if-env-changed=CFLAGS_aarch64_unknown_linux_gnu
  CFLAGS_aarch64_unknown_linux_gnu = None
  cargo:rerun-if-env-changed=CFLAGS_aarch64-unknown-linux-gnu
  CFLAGS_aarch64-unknown-linux-gnu = None
  cargo:warning=Compilation of 'linux_random_h.c' succeeded - Ok(["/home/agent/qa/toad/target/debug/build/aws-lc-sys-2c2aadc25d35480a/out/out-linux_random_h/7dfda64fdf5a526c-linux_random_h.o"]).
  cargo:rerun-if-env-changed=CC_aarch64-unknown-linux-gnu
  CC_aarch64-unknown-linux-gnu = None
  cargo:rerun-if-env-changed=CC_aarch64_unknown_linux_gnu
  CC_aarch64_unknown_linux_gnu = Some(gcc)
  cargo:rerun-if-env-changed=CC_KNOWN_WRAPPER_CUSTOM
  CC_KNOWN_WRAPPER_CUSTOM = None
  cargo:rerun-if-env-changed=CC_ENABLE_DEBUG_OUTPUT
  cargo:rerun-if-env-changed=CRATE_CC_NO_DEFAULTS
  CRATE_CC_NO_DEFAULTS = None
  cargo:rerun-if-env-changed=CFLAGS
  CFLAGS = None
  cargo:rerun-if-env-changed=HOST_CFLAGS
  HOST_CFLAGS = None
  cargo:rerun-if-env-changed=CFLAGS_aarch64_unknown_linux_gnu
  CFLAGS_aarch64_unknown_linux_gnu = None
  cargo:rerun-if-env-changed=CFLAGS_aarch64-unknown-linux-gnu
  CFLAGS_aarch64-unknown-linux-gnu = None
  cargo:rerun-if-env-changed=CC_aarch64-unknown-linux-gnu
  CC_aarch64-unknown-linux-gnu = None
  cargo:rerun-if-env-changed=CC_aarch64_unknown_linux_gnu
  CC_aarch64_unknown_linux_gnu = Some(gcc)
  cargo:rerun-if-env-changed=CC_KNOWN_WRAPPER_CUSTOM
  CC_KNOWN_WRAPPER_CUSTOM = None
  cargo:rerun-if-env-changed=CRATE_CC_NO_DEFAULTS
  CRATE_CC_NO_DEFAULTS = None
  cargo:rerun-if-env-changed=CFLAGS
  CFLAGS = None
  cargo:rerun-if-env-changed=HOST_CFLAGS
  HOST_CFLAGS = None
  cargo:rerun-if-env-changed=CFLAGS_aarch64_unknown_linux_gnu
  CFLAGS_aarch64_unknown_linux_gnu = None
  cargo:rerun-if-env-changed=CFLAGS_aarch64-unknown-linux-gnu
  CFLAGS_aarch64-unknown-linux-gnu = None
  cargo:rerun-if-env-changed=CC_aarch64-unknown-linux-gnu
  CC_aarch64-unknown-linux-gnu = None
  cargo:rerun-if-env-changed=CC_aarch64_unknown_linux_gnu
  CC_aarch64_unknown_linux_gnu = Some(gcc)
  cargo:rerun-if-env-changed=CC_KNOWN_WRAPPER_CUSTOM
  CC_KNOWN_WRAPPER_CUSTOM = None
  cargo:rerun-if-env-changed=CC_ENABLE_DEBUG_OUTPUT
  cargo:rerun-if-env-changed=CRATE_CC_NO_DEFAULTS
  CRATE_CC_NO_DEFAULTS = None
  cargo:rerun-if-env-changed=CFLAGS
  CFLAGS = None
  cargo:rerun-if-env-changed=HOST_CFLAGS
  HOST_CFLAGS = None
  cargo:rerun-if-env-changed=CFLAGS_aarch64_unknown_linux_gnu
  CFLAGS_aarch64_unknown_linux_gnu = None
  cargo:rerun-if-env-changed=CFLAGS_aarch64-unknown-linux-gnu
  CFLAGS_aarch64-unknown-linux-gnu = None
  cargo:rerun-if-env-changed=CC_aarch64-unknown-linux-gnu
  CC_aarch64-unknown-linux-gnu = None
  cargo:rerun-if-env-changed=CC_aarch64_unknown_linux_gnu
  CC_aarch64_unknown_linux_gnu = Some(gcc)
  cargo:rerun-if-env-changed=CC_KNOWN_WRAPPER_CUSTOM
  CC_KNOWN_WRAPPER_CUSTOM = None
  cargo:rerun-if-env-changed=CRATE_CC_NO_DEFAULTS
  CRATE_CC_NO_DEFAULTS = None
  cargo:rerun-if-env-changed=CFLAGS
  CFLAGS = None
  cargo:rerun-if-env-changed=HOST_CFLAGS
  HOST_CFLAGS = None
  cargo:rerun-if-env-changed=CFLAGS_aarch64_unknown_linux_gnu
  CFLAGS_aarch64_unknown_linux_gnu = None
  cargo:rerun-if-env-changed=CFLAGS_aarch64-unknown-linux-gnu
  CFLAGS_aarch64-unknown-linux-gnu = None
  cargo:rerun-if-env-changed=CC_FORCE_DISABLE
  CC_FORCE_DISABLE = None
  cargo:rerun-if-env-changed=CC_aarch64-unknown-linux-gnu
  CC_aarch64-unknown-linux-gnu = None
  cargo:rerun-if-env-changed=CC_aarch64_unknown_linux_gnu
  CC_aarch64_unknown_linux_gnu = Some(gcc)
  cargo:rerun-if-env-changed=CC_KNOWN_WRAPPER_CUSTOM
  CC_KNOWN_WRAPPER_CUSTOM = None
  cargo:rerun-if-env-changed=CRATE_CC_NO_DEFAULTS
  CRATE_CC_NO_DEFAULTS = None
  cargo:rerun-if-env-changed=CFLAGS
  CFLAGS = None
  cargo:rerun-if-env-changed=HOST_CFLAGS
  HOST_CFLAGS = None
  cargo:rerun-if-env-changed=CFLAGS_aarch64_unknown_linux_gnu
  CFLAGS_aarch64_unknown_linux_gnu = None
  cargo:rerun-if-env-changed=CFLAGS_aarch64-unknown-linux-gnu
  CFLAGS_aarch64-unknown-linux-gnu = None
  cargo:rerun-if-env-changed=CC_aarch64-unknown-linux-gnu
  CC_aarch64-unknown-linux-gnu = None
  cargo:rerun-if-env-changed=CC_aarch64_unknown_linux_gnu
  CC_aarch64_unknown_linux_gnu = Some(gcc)
  cargo:rerun-if-env-changed=CC_KNOWN_WRAPPER_CUSTOM
  CC_KNOWN_WRAPPER_CUSTOM = None
  cargo:rerun-if-env-changed=CRATE_CC_NO_DEFAULTS
  CRATE_CC_NO_DEFAULTS = None
  cargo:rerun-if-env-changed=CFLAGS
  CFLAGS = None
  cargo:rerun-if-env-changed=HOST_CFLAGS
  HOST_CFLAGS = None
  cargo:rerun-if-env-changed=CFLAGS_aarch64_unknown_linux_gnu
  CFLAGS_aarch64_unknown_linux_gnu = None
  cargo:rerun-if-env-changed=CFLAGS_aarch64-unknown-linux-gnu
  CFLAGS_aarch64-unknown-linux-gnu = None
  cargo:rerun-if-env-changed=CC_aarch64-unknown-linux-gnu
  CC_aarch64-unknown-linux-gnu = None
  cargo:rerun-if-env-changed=CC_aarch64_unknown_linux_gnu
  CC_aarch64_unknown_linux_gnu = Some(gcc)
  cargo:rerun-if-env-changed=CC_KNOWN_WRAPPER_CUSTOM
  CC_KNOWN_WRAPPER_CUSTOM = None
  cargo:rerun-if-env-changed=CRATE_CC_NO_DEFAULTS
  CRATE_CC_NO_DEFAULTS = None
  cargo:rerun-if-env-changed=CFLAGS
  CFLAGS = None
  cargo:rerun-if-env-changed=HOST_CFLAGS
  HOST_CFLAGS = None
  cargo:rerun-if-env-changed=CFLAGS_aarch64_unknown_linux_gnu
  CFLAGS_aarch64_unknown_linux_gnu = None
  cargo:rerun-if-env-changed=CFLAGS_aarch64-unknown-linux-gnu
  CFLAGS_aarch64-unknown-linux-gnu = None
  cargo:rerun-if-env-changed=CC_aarch64-unknown-linux-gnu
  CC_aarch64-unknown-linux-gnu = None
  cargo:rerun-if-env-changed=CC_aarch64_unknown_linux_gnu
  CC_aarch64_unknown_linux_gnu = Some(gcc)
  cargo:rerun-if-env-changed=CC_KNOWN_WRAPPER_CUSTOM
  CC_KNOWN_WRAPPER_CUSTOM = None
  cargo:rerun-if-env-changed=CRATE_CC_NO_DEFAULTS
  CRATE_CC_NO_DEFAULTS = None
  cargo:rerun-if-env-changed=CFLAGS
  CFLAGS = None
  cargo:rerun-if-env-changed=HOST_CFLAGS
  HOST_CFLAGS = None
  cargo:rerun-if-env-changed=CFLAGS_aarch64_unknown_linux_gnu
  CFLAGS_aarch64_unknown_linux_gnu = None
  cargo:rerun-if-env-changed=CFLAGS_aarch64-unknown-linux-gnu
  CFLAGS_aarch64-unknown-linux-gnu = None
  cargo:rerun-if-env-changed=CC_aarch64-unknown-linux-gnu
  CC_aarch64-unknown-linux-gnu = None
  cargo:rerun-if-env-changed=CC_aarch64_unknown_linux_gnu
  CC_aarch64_unknown_linux_gnu = Some(gcc)
  cargo:rerun-if-env-changed=CC_KNOWN_WRAPPER_CUSTOM
  CC_KNOWN_WRAPPER_CUSTOM = None
  cargo:rerun-if-env-changed=CRATE_CC_NO_DEFAULTS
  CRATE_CC_NO_DEFAULTS = None
  cargo:rerun-if-env-changed=CFLAGS
  CFLAGS = None
  cargo:rerun-if-env-changed=HOST_CFLAGS
  HOST_CFLAGS = None
  cargo:rerun-if-env-changed=CFLAGS_aarch64_unknown_linux_gnu
  CFLAGS_aarch64_unknown_linux_gnu = None
  cargo:rerun-if-env-changed=CFLAGS_aarch64-unknown-linux-gnu
  CFLAGS_aarch64-unknown-linux-gnu = None
  cargo:rerun-if-env-changed=CC_aarch64-unknown-linux-gnu
  CC_aarch64-unknown-linux-gnu = None
  cargo:rerun-if-env-changed=CC_aarch64_unknown_linux_gnu
  CC_aarch64_unknown_linux_gnu = Some(gcc)
  cargo:rerun-if-env-changed=CC_KNOWN_WRAPPER_CUSTOM
  CC_KNOWN_WRAPPER_CUSTOM = None
  cargo:rerun-if-env-changed=CRATE_CC_NO_DEFAULTS
  CRATE_CC_NO_DEFAULTS = None
  cargo:rerun-if-env-changed=CFLAGS
  CFLAGS = None
  cargo:rerun-if-env-changed=HOST_CFLAGS
  HOST_CFLAGS = None
  cargo:rerun-if-env-changed=CFLAGS_aarch64_unknown_linux_gnu
  CFLAGS_aarch64_unknown_linux_gnu = None
  cargo:rerun-if-env-changed=CFLAGS_aarch64-unknown-linux-gnu
  CFLAGS_aarch64-unknown-linux-gnu = None
  cargo:rerun-if-env-changed=CC_aarch64-unknown-linux-gnu
  CC_aarch64-unknown-linux-gnu = None
  cargo:rerun-if-env-changed=CC_aarch64_unknown_linux_gnu
  CC_aarch64_unknown_linux_gnu = Some(gcc)
  cargo:rerun-if-env-changed=CC_KNOWN_WRAPPER_CUSTOM
  CC_KNOWN_WRAPPER_CUSTOM = None
  cargo:rerun-if-env-changed=CRATE_CC_NO_DEFAULTS
  CRATE_CC_NO_DEFAULTS = None
  cargo:rerun-if-env-changed=CFLAGS
  CFLAGS = None
  cargo:rerun-if-env-changed=HOST_CFLAGS
  HOST_CFLAGS = None
  cargo:rerun-if-env-changed=CFLAGS_aarch64_unknown_linux_gnu
  CFLAGS_aarch64_unknown_linux_gnu = None
  cargo:rerun-if-env-changed=CFLAGS_aarch64-unknown-linux-gnu
  CFLAGS_aarch64-unknown-linux-gnu = None
  cargo:rerun-if-env-changed=CC_aarch64-unknown-linux-gnu
  CC_aarch64-unknown-linux-gnu = None
  cargo:rerun-if-env-changed=CC_aarch64_unknown_linux_gnu
  CC_aarch64_unknown_linux_gnu = Some(gcc)
  cargo:rerun-if-env-changed=CC_KNOWN_WRAPPER_CUSTOM
  CC_KNOWN_WRAPPER_CUSTOM = None
  cargo:rerun-if-env-changed=CRATE_CC_NO_DEFAULTS
  CRATE_CC_NO_DEFAULTS = None
  cargo:rerun-if-env-changed=CFLAGS
  CFLAGS = None
  cargo:rerun-if-env-changed=HOST_CFLAGS
  HOST_CFLAGS = None
  cargo:rerun-if-env-changed=CFLAGS_aarch64_unknown_linux_gnu
  CFLAGS_aarch64_unknown_linux_gnu = None
  cargo:rerun-if-env-changed=CFLAGS_aarch64-unknown-linux-gnu
  CFLAGS_aarch64-unknown-linux-gnu = None
  cargo:rerun-if-env-changed=CC_aarch64-unknown-linux-gnu
  CC_aarch64-unknown-linux-gnu = None
  cargo:rerun-if-env-changed=CC_aarch64_unknown_linux_gnu
  CC_aarch64_unknown_linux_gnu = Some(gcc)
  cargo:rerun-if-env-changed=CC_KNOWN_WRAPPER_CUSTOM
  CC_KNOWN_WRAPPER_CUSTOM = None
  cargo:rerun-if-env-changed=CRATE_CC_NO_DEFAULTS
  CRATE_CC_NO_DEFAULTS = None
  cargo:rerun-if-env-changed=CFLAGS
  CFLAGS = None
  cargo:rerun-if-env-changed=HOST_CFLAGS
  HOST_CFLAGS = None
  cargo:rerun-if-env-changed=CFLAGS_aarch64_unknown_linux_gnu
  CFLAGS_aarch64_unknown_linux_gnu = None
  cargo:rerun-if-env-changed=CFLAGS_aarch64-unknown-linux-gnu
  CFLAGS_aarch64-unknown-linux-gnu = None
  cargo:rerun-if-env-changed=CC_aarch64-unknown-linux-gnu
  CC_aarch64-unknown-linux-gnu = None
  cargo:rerun-if-env-changed=CC_aarch64_unknown_linux_gnu
  CC_aarch64_unknown_linux_gnu = Some(gcc)
  cargo:rerun-if-env-changed=CC_KNOWN_WRAPPER_CUSTOM
  CC_KNOWN_WRAPPER_CUSTOM = None
  cargo:rerun-if-env-changed=CRATE_CC_NO_DEFAULTS
  CRATE_CC_NO_DEFAULTS = None
  cargo:rerun-if-env-changed=CFLAGS
  CFLAGS = None
  cargo:rerun-if-env-changed=HOST_CFLAGS
  HOST_CFLAGS = None
  cargo:rerun-if-env-changed=CFLAGS_aarch64_unknown_linux_gnu
  CFLAGS_aarch64_unknown_linux_gnu = None
  cargo:rerun-if-env-changed=CFLAGS_aarch64-unknown-linux-gnu
  CFLAGS_aarch64-unknown-linux-gnu = None
  exit status: 0
  exit status: 0
  exit status: 0
  exit status: 0
  exit status: 0
  exit status: 0
  exit status: 0
  exit status: 0
  cargo:rerun-if-env-changed=CC_aarch64-unknown-linux-gnu
  CC_aarch64-unknown-linux-gnu = None
  cargo:rerun-if-env-changed=CC_aarch64_unknown_linux_gnu
  CC_aarch64_unknown_linux_gnu = Some(gcc)
  cargo:rerun-if-env-changed=CC_KNOWN_WRAPPER_CUSTOM
  CC_KNOWN_WRAPPER_CUSTOM = None
  cargo:rerun-if-env-changed=CRATE_CC_NO_DEFAULTS
  CRATE_CC_NO_DEFAULTS = None
  cargo:rerun-if-env-changed=CFLAGS
  CFLAGS = None
  cargo:rerun-if-env-changed=HOST_CFLAGS
  HOST_CFLAGS = None
  cargo:rerun-if-env-changed=CFLAGS_aarch64_unknown_linux_gnu
  CFLAGS_aarch64_unknown_linux_gnu = None
  cargo:rerun-if-env-changed=CFLAGS_aarch64-unknown-linux-gnu
  CFLAGS_aarch64-unknown-linux-gnu = None
  cargo:rerun-if-env-changed=CC_aarch64-unknown-linux-gnu
  CC_aarch64-unknown-linux-gnu = None
  cargo:rerun-if-env-changed=CC_aarch64_unknown_linux_gnu
  CC_aarch64_unknown_linux_gnu = Some(gcc)
  cargo:rerun-if-env-changed=CC_KNOWN_WRAPPER_CUSTOM
  CC_KNOWN_WRAPPER_CUSTOM = None
  cargo:rerun-if-env-changed=CRATE_CC_NO_DEFAULTS
  CRATE_CC_NO_DEFAULTS = None
  cargo:rerun-if-env-changed=CFLAGS
  CFLAGS = None
  cargo:rerun-if-env-changed=HOST_CFLAGS
  HOST_CFLAGS = None
  cargo:rerun-if-env-changed=CFLAGS_aarch64_unknown_linux_gnu
  CFLAGS_aarch64_unknown_linux_gnu = None
  cargo:rerun-if-env-changed=CFLAGS_aarch64-unknown-linux-gnu
  CFLAGS_aarch64-unknown-linux-gnu = None
  cargo:rerun-if-env-changed=CC_aarch64-unknown-linux-gnu
  CC_aarch64-unknown-linux-gnu = None
  cargo:rerun-if-env-changed=CC_aarch64_unknown_linux_gnu
  CC_aarch64_unknown_linux_gnu = Some(gcc)
  cargo:rerun-if-env-changed=CC_KNOWN_WRAPPER_CUSTOM
  CC_KNOWN_WRAPPER_CUSTOM = None
  cargo:rerun-if-env-changed=CRATE_CC_NO_DEFAULTS
  CRATE_CC_NO_DEFAULTS = None
  cargo:rerun-if-env-changed=CFLAGS
  CFLAGS = None
  cargo:rerun-if-env-changed=HOST_CFLAGS
  HOST_CFLAGS = None
  cargo:rerun-if-env-changed=CFLAGS_aarch64_unknown_linux_gnu
  CFLAGS_aarch64_unknown_linux_gnu = None
  cargo:rerun-if-env-changed=CFLAGS_aarch64-unknown-linux-gnu
  CFLAGS_aarch64-unknown-linux-gnu = None
  cargo:rerun-if-env-changed=CC_aarch64-unknown-linux-gnu
  CC_aarch64-unknown-linux-gnu = None
  cargo:rerun-if-env-changed=CC_aarch64_unknown_linux_gnu
  CC_aarch64_unknown_linux_gnu = Some(gcc)
  cargo:rerun-if-env-changed=CC_KNOWN_WRAPPER_CUSTOM
  CC_KNOWN_WRAPPER_CUSTOM = None
  cargo:rerun-if-env-changed=CRATE_CC_NO_DEFAULTS
  CRATE_CC_NO_DEFAULTS = None
  cargo:rerun-if-env-changed=CFLAGS
  CFLAGS = None
  cargo:rerun-if-env-changed=HOST_CFLAGS
  HOST_CFLAGS = None
  cargo:rerun-if-env-changed=CFLAGS_aarch64_unknown_linux_gnu
  CFLAGS_aarch64_unknown_linux_gnu = None
  cargo:rerun-if-env-changed=CFLAGS_aarch64-unknown-linux-gnu
  CFLAGS_aarch64-unknown-linux-gnu = None
  cargo:rerun-if-env-changed=CC_aarch64-unknown-linux-gnu
  CC_aarch64-unknown-linux-gnu = None
  cargo:rerun-if-env-changed=CC_aarch64_unknown_linux_gnu
  CC_aarch64_unknown_linux_gnu = Some(gcc)
  cargo:rerun-if-env-changed=CC_KNOWN_WRAPPER_CUSTOM
  CC_KNOWN_WRAPPER_CUSTOM = None
  cargo:rerun-if-env-changed=CRATE_CC_NO_DEFAULTS
  CRATE_CC_NO_DEFAULTS = None
  cargo:rerun-if-env-changed=CFLAGS
  CFLAGS = None
  cargo:rerun-if-env-changed=HOST_CFLAGS
  HOST_CFLAGS = None
  cargo:rerun-if-env-changed=CFLAGS_aarch64_unknown_linux_gnu
  CFLAGS_aarch64_unknown_linux_gnu = None
  cargo:rerun-if-env-changed=CFLAGS_aarch64-unknown-linux-gnu
  CFLAGS_aarch64-unknown-linux-gnu = None
  cargo:rerun-if-env-changed=CC_aarch64-unknown-linux-gnu
  CC_aarch64-unknown-linux-gnu = None
  cargo:rerun-if-env-changed=CC_aarch64_unknown_linux_gnu
  CC_aarch64_unknown_linux_gnu = Some(gcc)
  cargo:rerun-if-env-changed=CC_KNOWN_WRAPPER_CUSTOM
  CC_KNOWN_WRAPPER_CUSTOM = None
  cargo:rerun-if-env-changed=CRATE_CC_NO_DEFAULTS
  CRATE_CC_NO_DEFAULTS = None
  cargo:rerun-if-env-changed=CFLAGS
  CFLAGS = None
  cargo:rerun-if-env-changed=HOST_CFLAGS
  HOST_CFLAGS = None
  cargo:rerun-if-env-changed=CFLAGS_aarch64_unknown_linux_gnu
  CFLAGS_aarch64_unknown_linux_gnu = None
  cargo:rerun-if-env-changed=CFLAGS_aarch64-unknown-linux-gnu
  CFLAGS_aarch64-unknown-linux-gnu = None
  cargo:rerun-if-env-changed=CC_aarch64-unknown-linux-gnu
  CC_aarch64-unknown-linux-gnu = None
  cargo:rerun-if-env-changed=CC_aarch64_unknown_linux_gnu
  CC_aarch64_unknown_linux_gnu = Some(gcc)
  cargo:rerun-if-env-changed=CC_KNOWN_WRAPPER_CUSTOM
  CC_KNOWN_WRAPPER_CUSTOM = None
  cargo:rerun-if-env-changed=CRATE_CC_NO_DEFAULTS
  CRATE_CC_NO_DEFAULTS = None
  cargo:rerun-if-env-changed=CFLAGS
  CFLAGS = None
  cargo:rerun-if-env-changed=HOST_CFLAGS
  HOST_CFLAGS = None
  cargo:rerun-if-env-changed=CFLAGS_aarch64_unknown_linux_gnu
  CFLAGS_aarch64_unknown_linux_gnu = None
  cargo:rerun-if-env-changed=CFLAGS_aarch64-unknown-linux-gnu
  CFLAGS_aarch64-unknown-linux-gnu = None
  cargo:rerun-if-env-changed=CC_aarch64-unknown-linux-gnu
  CC_aarch64-unknown-linux-gnu = None
  cargo:rerun-if-env-changed=CC_aarch64_unknown_linux_gnu
  CC_aarch64_unknown_linux_gnu = Some(gcc)
  cargo:rerun-if-env-changed=CC_KNOWN_WRAPPER_CUSTOM
  CC_KNOWN_WRAPPER_CUSTOM = None
  cargo:rerun-if-env-changed=CRATE_CC_NO_DEFAULTS
  CRATE_CC_NO_DEFAULTS = None
  cargo:rerun-if-env-changed=CFLAGS
  CFLAGS = None
  cargo:rerun-if-env-changed=HOST_CFLAGS
  HOST_CFLAGS = None
  cargo:rerun-if-env-changed=CFLAGS_aarch64_unknown_linux_gnu
  CFLAGS_aarch64_unknown_linux_gnu = None
  cargo:rerun-if-env-changed=CFLAGS_aarch64-unknown-linux-gnu
  CFLAGS_aarch64-unknown-linux-gnu = None
  exit status: 0
  exit status: 0
  exit status: 0
  exit status: 0
  exit status: 0
  exit status: 0
  exit status: 0
  exit status: 0
  cargo:rerun-if-env-changed=CC_aarch64-unknown-linux-gnu
  CC_aarch64-unknown-linux-gnu = None
  cargo:rerun-if-env-changed=CC_aarch64_unknown_linux_gnu
  CC_aarch64_unknown_linux_gnu = Some(gcc)
  cargo:rerun-if-env-changed=CC_KNOWN_WRAPPER_CUSTOM
  CC_KNOWN_WRAPPER_CUSTOM = None
  cargo:rerun-if-env-changed=CRATE_CC_NO_DEFAULTS
  CRATE_CC_NO_DEFAULTS = None
  cargo:rerun-if-env-changed=CFLAGS
  CFLAGS = None
  cargo:rerun-if-env-changed=HOST_CFLAGS
  HOST_CFLAGS = None
  cargo:rerun-if-env-changed=CFLAGS_aarch64_unknown_linux_gnu
  CFLAGS_aarch64_unknown_linux_gnu = None
  cargo:rerun-if-env-changed=CFLAGS_aarch64-unknown-linux-gnu
  CFLAGS_aarch64-unknown-linux-gnu = None
  cargo:rerun-if-env-changed=CC_aarch64-unknown-linux-gnu
  CC_aarch64-unknown-linux-gnu = None
  cargo:rerun-if-env-changed=CC_aarch64_unknown_linux_gnu
  CC_aarch64_unknown_linux_gnu = Some(gcc)
  cargo:rerun-if-env-changed=CC_KNOWN_WRAPPER_CUSTOM
  CC_KNOWN_WRAPPER_CUSTOM = None
  cargo:rerun-if-env-changed=CRATE_CC_NO_DEFAULTS
  CRATE_CC_NO_DEFAULTS = None
  cargo:rerun-if-env-changed=CFLAGS
  CFLAGS = None
  cargo:rerun-if-env-changed=HOST_CFLAGS
  HOST_CFLAGS = None
  cargo:rerun-if-env-changed=CFLAGS_aarch64_unknown_linux_gnu
  CFLAGS_aarch64_unknown_linux_gnu = None
  cargo:rerun-if-env-changed=CFLAGS_aarch64-unknown-linux-gnu
  CFLAGS_aarch64-unknown-linux-gnu = None
  cargo:rerun-if-env-changed=CC_aarch64-unknown-linux-gnu
  CC_aarch64-unknown-linux-gnu = None
  cargo:rerun-if-env-changed=CC_aarch64_unknown_linux_gnu
  CC_aarch64_unknown_linux_gnu = Some(gcc)
  cargo:rerun-if-env-changed=CC_KNOWN_WRAPPER_CUSTOM
  CC_KNOWN_WRAPPER_CUSTOM = None
  cargo:rerun-if-env-changed=CRATE_CC_NO_DEFAULTS
  CRATE_CC_NO_DEFAULTS = None
  cargo:rerun-if-env-changed=CFLAGS
  CFLAGS = None
  cargo:rerun-if-env-changed=HOST_CFLAGS
  HOST_CFLAGS = None
  cargo:rerun-if-env-changed=CFLAGS_aarch64_unknown_linux_gnu
  CFLAGS_aarch64_unknown_linux_gnu = None
  cargo:rerun-if-env-changed=CFLAGS_aarch64-unknown-linux-gnu
  CFLAGS_aarch64-unknown-linux-gnu = None
  cargo:rerun-if-env-changed=CC_aarch64-unknown-linux-gnu
  CC_aarch64-unknown-linux-gnu = None
  cargo:rerun-if-env-changed=CC_aarch64_unknown_linux_gnu
  CC_aarch64_unknown_linux_gnu = Some(gcc)
  cargo:rerun-if-env-changed=CC_KNOWN_WRAPPER_CUSTOM
  CC_KNOWN_WRAPPER_CUSTOM = None
  cargo:rerun-if-env-changed=CRATE_CC_NO_DEFAULTS
  CRATE_CC_NO_DEFAULTS = None
  cargo:rerun-if-env-changed=CFLAGS
  CFLAGS = None
  cargo:rerun-if-env-changed=HOST_CFLAGS
  HOST_CFLAGS = None
  cargo:rerun-if-env-changed=CFLAGS_aarch64_unknown_linux_gnu
  CFLAGS_aarch64_unknown_linux_gnu = None
  cargo:rerun-if-env-changed=CFLAGS_aarch64-unknown-linux-gnu
  CFLAGS_aarch64-unknown-linux-gnu = None
  cargo:rerun-if-env-changed=CC_aarch64-unknown-linux-gnu
  CC_aarch64-unknown-linux-gnu = None
  cargo:rerun-if-env-changed=CC_aarch64_unknown_linux_gnu
  CC_aarch64_unknown_linux_gnu = Some(gcc)
  cargo:rerun-if-env-changed=CC_KNOWN_WRAPPER_CUSTOM
  CC_KNOWN_WRAPPER_CUSTOM = None
  cargo:rerun-if-env-changed=CRATE_CC_NO_DEFAULTS
  CRATE_CC_NO_DEFAULTS = None
  cargo:rerun-if-env-changed=CFLAGS
  CFLAGS = None
  cargo:rerun-if-env-changed=HOST_CFLAGS
  HOST_CFLAGS = None
  cargo:rerun-if-env-changed=CFLAGS_aarch64_unknown_linux_gnu
  CFLAGS_aarch64_unknown_linux_gnu = None
  cargo:rerun-if-env-changed=CFLAGS_aarch64-unknown-linux-gnu
  CFLAGS_aarch64-unknown-linux-gnu = None
  cargo:rerun-if-env-changed=CC_aarch64-unknown-linux-gnu
  CC_aarch64-unknown-linux-gnu = None
  cargo:rerun-if-env-changed=CC_aarch64_unknown_linux_gnu
  CC_aarch64_unknown_linux_gnu = Some(gcc)
  cargo:rerun-if-env-changed=CC_KNOWN_WRAPPER_CUSTOM
  CC_KNOWN_WRAPPER_CUSTOM = None
  cargo:rerun-if-env-changed=CRATE_CC_NO_DEFAULTS
  CRATE_CC_NO_DEFAULTS = None
  cargo:rerun-if-env-changed=CFLAGS
  CFLAGS = None
  cargo:rerun-if-env-changed=HOST_CFLAGS
  HOST_CFLAGS = None
  cargo:rerun-if-env-changed=CFLAGS_aarch64_unknown_linux_gnu
  CFLAGS_aarch64_unknown_linux_gnu = None
  cargo:rerun-if-env-changed=CFLAGS_aarch64-unknown-linux-gnu
  CFLAGS_aarch64-unknown-linux-gnu = None
  cargo:rerun-if-env-changed=CC_aarch64-unknown-linux-gnu
  CC_aarch64-unknown-linux-gnu = None
  cargo:rerun-if-env-changed=CC_aarch64_unknown_linux_gnu
  CC_aarch64_unknown_linux_gnu = Some(gcc)
  cargo:rerun-if-env-changed=CC_KNOWN_WRAPPER_CUSTOM
  CC_KNOWN_WRAPPER_CUSTOM = None
  cargo:rerun-if-env-changed=CRATE_CC_NO_DEFAULTS
  CRATE_CC_NO_DEFAULTS = None
  cargo:rerun-if-env-changed=CFLAGS
  CFLAGS = None
  cargo:rerun-if-env-changed=HOST_CFLAGS
  HOST_CFLAGS = None
  cargo:rerun-if-env-changed=CFLAGS_aarch64_unknown_linux_gnu
  CFLAGS_aarch64_unknown_linux_gnu = None
  cargo:rerun-if-env-changed=CFLAGS_aarch64-unknown-linux-gnu
  CFLAGS_aarch64-unknown-linux-gnu = None
  cargo:rerun-if-env-changed=CC_aarch64-unknown-linux-gnu
  CC_aarch64-unknown-linux-gnu = None
  cargo:rerun-if-env-changed=CC_aarch64_unknown_linux_gnu
  CC_aarch64_unknown_linux_gnu = Some(gcc)
  cargo:rerun-if-env-changed=CC_KNOWN_WRAPPER_CUSTOM
  CC_KNOWN_WRAPPER_CUSTOM = None
  cargo:rerun-if-env-changed=CRATE_CC_NO_DEFAULTS
  CRATE_CC_NO_DEFAULTS = None
  cargo:rerun-if-env-changed=CFLAGS
  CFLAGS = None
  cargo:rerun-if-env-changed=HOST_CFLAGS
  HOST_CFLAGS = None
  cargo:rerun-if-env-changed=CFLAGS_aarch64_unknown_linux_gnu
  CFLAGS_aarch64_unknown_linux_gnu = None
  cargo:rerun-if-env-changed=CFLAGS_aarch64-unknown-linux-gnu
  CFLAGS_aarch64-unknown-linux-gnu = None
  exit status: 0
  exit status: 0
  exit status: 0
  exit status: 0
  exit status: 0
  exit status: 0
  exit status: 0
  exit status: 0
  cargo:rerun-if-env-changed=CC_aarch64-unknown-linux-gnu
  CC_aarch64-unknown-linux-gnu = None
  cargo:rerun-if-env-changed=CC_aarch64_unknown_linux_gnu
  CC_aarch64_unknown_linux_gnu = Some(gcc)
  cargo:rerun-if-env-changed=CC_KNOWN_WRAPPER_CUSTOM
  CC_KNOWN_WRAPPER_CUSTOM = None
  cargo:rerun-if-env-changed=CRATE_CC_NO_DEFAULTS
  CRATE_CC_NO_DEFAULTS = None
  cargo:rerun-if-env-changed=CFLAGS
  CFLAGS = None
  cargo:rerun-if-env-changed=HOST_CFLAGS
  HOST_CFLAGS = None
  cargo:rerun-if-env-changed=CFLAGS_aarch64_unknown_linux_gnu
  CFLAGS_aarch64_unknown_linux_gnu = None
  cargo:rerun-if-env-changed=CFLAGS_aarch64-unknown-linux-gnu
  CFLAGS_aarch64-unknown-linux-gnu = None
  cargo:rerun-if-env-changed=CC_aarch64-unknown-linux-gnu
  CC_aarch64-unknown-linux-gnu = None
  cargo:rerun-if-env-changed=CC_aarch64_unknown_linux_gnu
  CC_aarch64_unknown_linux_gnu = Some(gcc)
  cargo:rerun-if-env-changed=CC_KNOWN_WRAPPER_CUSTOM
  CC_KNOWN_WRAPPER_CUSTOM = None
  cargo:rerun-if-env-changed=CRATE_CC_NO_DEFAULTS
  CRATE_CC_NO_DEFAULTS = None
  cargo:rerun-if-env-changed=CFLAGS
  CFLAGS = None
  cargo:rerun-if-env-changed=HOST_CFLAGS
  HOST_CFLAGS = None
  cargo:rerun-if-env-changed=CFLAGS_aarch64_unknown_linux_gnu
  CFLAGS_aarch64_unknown_linux_gnu = None
  cargo:rerun-if-env-changed=CFLAGS_aarch64-unknown-linux-gnu
  CFLAGS_aarch64-unknown-linux-gnu = None
  cargo:rerun-if-env-changed=CC_aarch64-unknown-linux-gnu
  CC_aarch64-unknown-linux-gnu = None
  cargo:rerun-if-env-changed=CC_aarch64_unknown_linux_gnu
  CC_aarch64_unknown_linux_gnu = Some(gcc)
  cargo:rerun-if-env-changed=CC_KNOWN_WRAPPER_CUSTOM
  CC_KNOWN_WRAPPER_CUSTOM = None
  cargo:rerun-if-env-changed=CRATE_CC_NO_DEFAULTS
  CRATE_CC_NO_DEFAULTS = None
  cargo:rerun-if-env-changed=CFLAGS
  CFLAGS = None
  cargo:rerun-if-env-changed=HOST_CFLAGS
  HOST_CFLAGS = None
  cargo:rerun-if-env-changed=CFLAGS_aarch64_unknown_linux_gnu
  CFLAGS_aarch64_unknown_linux_gnu = None
  cargo:rerun-if-env-changed=CFLAGS_aarch64-unknown-linux-gnu
  CFLAGS_aarch64-unknown-linux-gnu = None
  cargo:rerun-if-env-changed=CC_aarch64-unknown-linux-gnu
  CC_aarch64-unknown-linux-gnu = None
  cargo:rerun-if-env-changed=CC_aarch64_unknown_linux_gnu
  CC_aarch64_unknown_linux_gnu = Some(gcc)
  cargo:rerun-if-env-changed=CC_KNOWN_WRAPPER_CUSTOM
  CC_KNOWN_WRAPPER_CUSTOM = None
  cargo:rerun-if-env-changed=CRATE_CC_NO_DEFAULTS
  CRATE_CC_NO_DEFAULTS = None
  cargo:rerun-if-env-changed=CFLAGS
  CFLAGS = None
  cargo:rerun-if-env-changed=HOST_CFLAGS
  HOST_CFLAGS = None
  cargo:rerun-if-env-changed=CFLAGS_aarch64_unknown_linux_gnu
  CFLAGS_aarch64_unknown_linux_gnu = None
  cargo:rerun-if-env-changed=CFLAGS_aarch64-unknown-linux-gnu
  CFLAGS_aarch64-unknown-linux-gnu = None
  cargo:rerun-if-env-changed=CC_aarch64-unknown-linux-gnu
  CC_aarch64-unknown-linux-gnu = None
  cargo:rerun-if-env-changed=CC_aarch64_unknown_linux_gnu
  CC_aarch64_unknown_linux_gnu = Some(gcc)
  cargo:rerun-if-env-changed=CC_KNOWN_WRAPPER_CUSTOM
  CC_KNOWN_WRAPPER_CUSTOM = None
  cargo:rerun-if-env-changed=CRATE_CC_NO_DEFAULTS
  CRATE_CC_NO_DEFAULTS = None
  cargo:rerun-if-env-changed=CFLAGS
  CFLAGS = None
  cargo:rerun-if-env-changed=HOST_CFLAGS
  HOST_CFLAGS = None
  cargo:rerun-if-env-changed=CFLAGS_aarch64_unknown_linux_gnu
  CFLAGS_aarch64_unknown_linux_gnu = None
  cargo:rerun-if-env-changed=CFLAGS_aarch64-unknown-linux-gnu
  CFLAGS_aarch64-unknown-linux-gnu = None
  cargo:rerun-if-env-changed=CC_aarch64-unknown-linux-gnu
  CC_aarch64-unknown-linux-gnu = None
  cargo:rerun-if-env-changed=CC_aarch64_unknown_linux_gnu
  CC_aarch64_unknown_linux_gnu = Some(gcc)
  cargo:rerun-if-env-changed=CC_KNOWN_WRAPPER_CUSTOM
  CC_KNOWN_WRAPPER_CUSTOM = None
  cargo:rerun-if-env-changed=CRATE_CC_NO_DEFAULTS
  CRATE_CC_NO_DEFAULTS = None
  cargo:rerun-if-env-changed=CFLAGS
  CFLAGS = None
  cargo:rerun-if-env-changed=HOST_CFLAGS
  HOST_CFLAGS = None
  cargo:rerun-if-env-changed=CFLAGS_aarch64_unknown_linux_gnu
  CFLAGS_aarch64_unknown_linux_gnu = None
  cargo:rerun-if-env-changed=CFLAGS_aarch64-unknown-linux-gnu
  CFLAGS_aarch64-unknown-linux-gnu = None
  cargo:rerun-if-env-changed=CC_aarch64-unknown-linux-gnu
  CC_aarch64-unknown-linux-gnu = None
  cargo:rerun-if-env-changed=CC_aarch64_unknown_linux_gnu
  CC_aarch64_unknown_linux_gnu = Some(gcc)
  cargo:rerun-if-env-changed=CC_KNOWN_WRAPPER_CUSTOM
  CC_KNOWN_WRAPPER_CUSTOM = None
  cargo:rerun-if-env-changed=CRATE_CC_NO_DEFAULTS
  CRATE_CC_NO_DEFAULTS = None
  cargo:rerun-if-env-changed=CFLAGS
  CFLAGS = None
  cargo:rerun-if-env-changed=HOST_CFLAGS
  HOST_CFLAGS = None
  cargo:rerun-if-env-changed=CFLAGS_aarch64_unknown_linux_gnu
  CFLAGS_aarch64_unknown_linux_gnu = None
  cargo:rerun-if-env-changed=CFLAGS_aarch64-unknown-linux-gnu
  CFLAGS_aarch64-unknown-linux-gnu = None
  cargo:rerun-if-env-changed=CC_aarch64-unknown-linux-gnu
  CC_aarch64-unknown-linux-gnu = None
  cargo:rerun-if-env-changed=CC_aarch64_unknown_linux_gnu
  CC_aarch64_unknown_linux_gnu = Some(gcc)
  cargo:rerun-if-env-changed=CC_KNOWN_WRAPPER_CUSTOM
  CC_KNOWN_WRAPPER_CUSTOM = None
  cargo:rerun-if-env-changed=CRATE_CC_NO_DEFAULTS
  CRATE_CC_NO_DEFAULTS = None
  cargo:rerun-if-env-changed=CFLAGS
  CFLAGS = None
  cargo:rerun-if-env-changed=HOST_CFLAGS
  HOST_CFLAGS = None
  cargo:rerun-if-env-changed=CFLAGS_aarch64_unknown_linux_gnu
  CFLAGS_aarch64_unknown_linux_gnu = None
  cargo:rerun-if-env-changed=CFLAGS_aarch64-unknown-linux-gnu
  CFLAGS_aarch64-unknown-linux-gnu = None
  exit status: 0
  exit status: 0
  exit status: 0
  exit status: 0
  exit status: 0
  exit status: 0
  exit status: 0
  exit status: 0
  cargo:rerun-if-env-changed=CC_aarch64-unknown-linux-gnu
  CC_aarch64-unknown-linux-gnu = None
  cargo:rerun-if-env-changed=CC_aarch64_unknown_linux_gnu
  CC_aarch64_unknown_linux_gnu = Some(gcc)
  cargo:rerun-if-env-changed=CC_KNOWN_WRAPPER_CUSTOM
  CC_KNOWN_WRAPPER_CUSTOM = None
  cargo:rerun-if-env-changed=CRATE_CC_NO_DEFAULTS
  CRATE_CC_NO_DEFAULTS = None
  cargo:rerun-if-env-changed=CFLAGS
  CFLAGS = None
  cargo:rerun-if-env-changed=HOST_CFLAGS
  HOST_CFLAGS = None
  cargo:rerun-if-env-changed=CFLAGS_aarch64_unknown_linux_gnu
  CFLAGS_aarch64_unknown_linux_gnu = None
  cargo:rerun-if-env-changed=CFLAGS_aarch64-unknown-linux-gnu
  CFLAGS_aarch64-unknown-linux-gnu = None
  cargo:rerun-if-env-changed=CC_aarch64-unknown-linux-gnu
  CC_aarch64-unknown-linux-gnu = None
  cargo:rerun-if-env-changed=CC_aarch64_unknown_linux_gnu
  CC_aarch64_unknown_linux_gnu = Some(gcc)
  cargo:rerun-if-env-changed=CC_KNOWN_WRAPPER_CUSTOM
  CC_KNOWN_WRAPPER_CUSTOM = None
  cargo:rerun-if-env-changed=CRATE_CC_NO_DEFAULTS
  CRATE_CC_NO_DEFAULTS = None
  cargo:rerun-if-env-changed=CFLAGS
  CFLAGS = None
  cargo:rerun-if-env-changed=HOST_CFLAGS
  HOST_CFLAGS = None
  cargo:rerun-if-env-changed=CFLAGS_aarch64_unknown_linux_gnu
  CFLAGS_aarch64_unknown_linux_gnu = None
  cargo:rerun-if-env-changed=CFLAGS_aarch64-unknown-linux-gnu
  CFLAGS_aarch64-unknown-linux-gnu = None
  cargo:rerun-if-env-changed=CC_aarch64-unknown-linux-gnu
  CC_aarch64-unknown-linux-gnu = None
  cargo:rerun-if-env-changed=CC_aarch64_unknown_linux_gnu
  CC_aarch64_unknown_linux_gnu = Some(gcc)
  cargo:rerun-if-env-changed=CC_KNOWN_WRAPPER_CUSTOM
  CC_KNOWN_WRAPPER_CUSTOM = None
  cargo:rerun-if-env-changed=CRATE_CC_NO_DEFAULTS
  CRATE_CC_NO_DEFAULTS = None
  cargo:rerun-if-env-changed=CFLAGS
  CFLAGS = None
  cargo:rerun-if-env-changed=HOST_CFLAGS
  HOST_CFLAGS = None
  cargo:rerun-if-env-changed=CFLAGS_aarch64_unknown_linux_gnu
  CFLAGS_aarch64_unknown_linux_gnu = None
  cargo:rerun-if-env-changed=CFLAGS_aarch64-unknown-linux-gnu
  CFLAGS_aarch64-unknown-linux-gnu = None
  cargo:rerun-if-env-changed=CC_aarch64-unknown-linux-gnu
  CC_aarch64-unknown-linux-gnu = None
  cargo:rerun-if-env-changed=CC_aarch64_unknown_linux_gnu
  CC_aarch64_unknown_linux_gnu = Some(gcc)
  cargo:rerun-if-env-changed=CC_KNOWN_WRAPPER_CUSTOM
  CC_KNOWN_WRAPPER_CUSTOM = None
  cargo:rerun-if-env-changed=CRATE_CC_NO_DEFAULTS
  CRATE_CC_NO_DEFAULTS = None
  cargo:rerun-if-env-changed=CFLAGS
  CFLAGS = None
  cargo:rerun-if-env-changed=HOST_CFLAGS
  HOST_CFLAGS = None
  cargo:rerun-if-env-changed=CFLAGS_aarch64_unknown_linux_gnu
  CFLAGS_aarch64_unknown_linux_gnu = None
  cargo:rerun-if-env-changed=CFLAGS_aarch64-unknown-linux-gnu
  CFLAGS_aarch64-unknown-linux-gnu = None
  cargo:rerun-if-env-changed=CC_aarch64-unknown-linux-gnu
  CC_aarch64-unknown-linux-gnu = None
  cargo:rerun-if-env-changed=CC_aarch64_unknown_linux_gnu
  CC_aarch64_unknown_linux_gnu = Some(gcc)
  cargo:rerun-if-env-changed=CC_KNOWN_WRAPPER_CUSTOM
  CC_KNOWN_WRAPPER_CUSTOM = None
  cargo:rerun-if-env-changed=CRATE_CC_NO_DEFAULTS
  CRATE_CC_NO_DEFAULTS = None
  cargo:rerun-if-env-changed=CFLAGS
  CFLAGS = None
  cargo:rerun-if-env-changed=HOST_CFLAGS
  HOST_CFLAGS = None
  cargo:rerun-if-env-changed=CFLAGS_aarch64_unknown_linux_gnu
  CFLAGS_aarch64_unknown_linux_gnu = None
  cargo:rerun-if-env-changed=CFLAGS_aarch64-unknown-linux-gnu
  CFLAGS_aarch64-unknown-linux-gnu = None
  cargo:rerun-if-env-changed=CC_aarch64-unknown-linux-gnu
  CC_aarch64-unknown-linux-gnu = None
  cargo:rerun-if-env-changed=CC_aarch64_unknown_linux_gnu
  CC_aarch64_unknown_linux_gnu = Some(gcc)
  cargo:rerun-if-env-changed=CC_KNOWN_WRAPPER_CUSTOM
  CC_KNOWN_WRAPPER_CUSTOM = None
  cargo:rerun-if-env-changed=CRATE_CC_NO_DEFAULTS
  CRATE_CC_NO_DEFAULTS = None
  cargo:rerun-if-env-changed=CFLAGS
  CFLAGS = None
  cargo:rerun-if-env-changed=HOST_CFLAGS
  HOST_CFLAGS = None
  cargo:rerun-if-env-changed=CFLAGS_aarch64_unknown_linux_gnu
  CFLAGS_aarch64_unknown_linux_gnu = None
  cargo:rerun-if-env-changed=CFLAGS_aarch64-unknown-linux-gnu
  CFLAGS_aarch64-unknown-linux-gnu = None
  cargo:rerun-if-env-changed=CC_aarch64-unknown-linux-gnu
  CC_aarch64-unknown-linux-gnu = None
  cargo:rerun-if-env-changed=CC_aarch64_unknown_linux_gnu
  CC_aarch64_unknown_linux_gnu = Some(gcc)
  cargo:rerun-if-env-changed=CC_KNOWN_WRAPPER_CUSTOM
  CC_KNOWN_WRAPPER_CUSTOM = None
  cargo:rerun-if-env-changed=CRATE_CC_NO_DEFAULTS
  CRATE_CC_NO_DEFAULTS = None
  cargo:rerun-if-env-changed=CFLAGS
  CFLAGS = None
  cargo:rerun-if-env-changed=HOST_CFLAGS
  HOST_CFLAGS = None
  cargo:rerun-if-env-changed=CFLAGS_aarch64_unknown_linux_gnu
  CFLAGS_aarch64_unknown_linux_gnu = None
  cargo:rerun-if-env-changed=CFLAGS_aarch64-unknown-linux-gnu
  CFLAGS_aarch64-unknown-linux-gnu = None
  cargo:rerun-if-env-changed=CC_aarch64-unknown-linux-gnu
  CC_aarch64-unknown-linux-gnu = None
  cargo:rerun-if-env-changed=CC_aarch64_unknown_linux_gnu
  CC_aarch64_unknown_linux_gnu = Some(gcc)
  cargo:rerun-if-env-changed=CC_KNOWN_WRAPPER_CUSTOM
  CC_KNOWN_WRAPPER_CUSTOM = None
  cargo:rerun-if-env-changed=CRATE_CC_NO_DEFAULTS
  CRATE_CC_NO_DEFAULTS = None
  cargo:rerun-if-env-changed=CFLAGS
  CFLAGS = None
  cargo:rerun-if-env-changed=HOST_CFLAGS
  HOST_CFLAGS = None
  cargo:rerun-if-env-changed=CFLAGS_aarch64_unknown_linux_gnu
  CFLAGS_aarch64_unknown_linux_gnu = None
  cargo:rerun-if-env-changed=CFLAGS_aarch64-unknown-linux-gnu
  CFLAGS_aarch64-unknown-linux-gnu = None
  exit status: 0
  exit status: 0
  exit status: 0
  exit status: 0
  exit status: 0
  exit status: 0
  exit status: 0
  exit status: 0
  cargo:rerun-if-env-changed=CC_aarch64-unknown-linux-gnu
  CC_aarch64-unknown-linux-gnu = None
  cargo:rerun-if-env-changed=CC_aarch64_unknown_linux_gnu
  CC_aarch64_unknown_linux_gnu = Some(gcc)
  cargo:rerun-if-env-changed=CC_KNOWN_WRAPPER_CUSTOM
  CC_KNOWN_WRAPPER_CUSTOM = None
  cargo:rerun-if-env-changed=CRATE_CC_NO_DEFAULTS
  CRATE_CC_NO_DEFAULTS = None
  cargo:rerun-if-env-changed=CFLAGS
  CFLAGS = None
  cargo:rerun-if-env-changed=HOST_CFLAGS
  HOST_CFLAGS = None
  cargo:rerun-if-env-changed=CFLAGS_aarch64_unknown_linux_gnu
  CFLAGS_aarch64_unknown_linux_gnu = None
  cargo:rerun-if-env-changed=CFLAGS_aarch64-unknown-linux-gnu
  CFLAGS_aarch64-unknown-linux-gnu = None
  cargo:rerun-if-env-changed=CC_aarch64-unknown-linux-gnu
  CC_aarch64-unknown-linux-gnu = None
  cargo:rerun-if-env-changed=CC_aarch64_unknown_linux_gnu
  CC_aarch64_unknown_linux_gnu = Some(gcc)
  cargo:rerun-if-env-changed=CC_KNOWN_WRAPPER_CUSTOM
  CC_KNOWN_WRAPPER_CUSTOM = None
  cargo:rerun-if-env-changed=CRATE_CC_NO_DEFAULTS
  CRATE_CC_NO_DEFAULTS = None
  cargo:rerun-if-env-changed=CFLAGS
  CFLAGS = None
  cargo:rerun-if-env-changed=HOST_CFLAGS
  HOST_CFLAGS = None
  cargo:rerun-if-env-changed=CFLAGS_aarch64_unknown_linux_gnu
  CFLAGS_aarch64_unknown_linux_gnu = None
  cargo:rerun-if-env-changed=CFLAGS_aarch64-unknown-linux-gnu
  CFLAGS_aarch64-unknown-linux-gnu = None
  cargo:rerun-if-env-changed=CC_aarch64-unknown-linux-gnu
  CC_aarch64-unknown-linux-gnu = None
  cargo:rerun-if-env-changed=CC_aarch64_unknown_linux_gnu
  CC_aarch64_unknown_linux_gnu = Some(gcc)
  cargo:rerun-if-env-changed=CC_KNOWN_WRAPPER_CUSTOM
  CC_KNOWN_WRAPPER_CUSTOM = None
  cargo:rerun-if-env-changed=CRATE_CC_NO_DEFAULTS
  CRATE_CC_NO_DEFAULTS = None
  cargo:rerun-if-env-changed=CFLAGS
  CFLAGS = None
  cargo:rerun-if-env-changed=HOST_CFLAGS
  HOST_CFLAGS = None
  cargo:rerun-if-env-changed=CFLAGS_aarch64_unknown_linux_gnu
  CFLAGS_aarch64_unknown_linux_gnu = None
  cargo:rerun-if-env-changed=CFLAGS_aarch64-unknown-linux-gnu
  CFLAGS_aarch64-unknown-linux-gnu = None
  cargo:rerun-if-env-changed=CC_aarch64-unknown-linux-gnu
  CC_aarch64-unknown-linux-gnu = None
  cargo:rerun-if-env-changed=CC_aarch64_unknown_linux_gnu
  CC_aarch64_unknown_linux_gnu = Some(gcc)
  cargo:rerun-if-env-changed=CC_KNOWN_WRAPPER_CUSTOM
  CC_KNOWN_WRAPPER_CUSTOM = None
  cargo:rerun-if-env-changed=CRATE_CC_NO_DEFAULTS
  CRATE_CC_NO_DEFAULTS = None
  cargo:rerun-if-env-changed=CFLAGS
  CFLAGS = None
  cargo:rerun-if-env-changed=HOST_CFLAGS
  HOST_CFLAGS = None
  cargo:rerun-if-env-changed=CFLAGS_aarch64_unknown_linux_gnu
  CFLAGS_aarch64_unknown_linux_gnu = None
  cargo:rerun-if-env-changed=CFLAGS_aarch64-unknown-linux-gnu
  CFLAGS_aarch64-unknown-linux-gnu = None
  cargo:rerun-if-env-changed=CC_aarch64-unknown-linux-gnu
  CC_aarch64-unknown-linux-gnu = None
  cargo:rerun-if-env-changed=CC_aarch64_unknown_linux_gnu
  CC_aarch64_unknown_linux_gnu = Some(gcc)
  cargo:rerun-if-env-changed=CC_KNOWN_WRAPPER_CUSTOM
  CC_KNOWN_WRAPPER_CUSTOM = None
  cargo:rerun-if-env-changed=CRATE_CC_NO_DEFAULTS
  CRATE_CC_NO_DEFAULTS = None
  cargo:rerun-if-env-changed=CFLAGS
  CFLAGS = None
  cargo:rerun-if-env-changed=HOST_CFLAGS
  HOST_CFLAGS = None
  cargo:rerun-if-env-changed=CFLAGS_aarch64_unknown_linux_gnu
  CFLAGS_aarch64_unknown_linux_gnu = None
  cargo:rerun-if-env-changed=CFLAGS_aarch64-unknown-linux-gnu
  CFLAGS_aarch64-unknown-linux-gnu = None
  cargo:rerun-if-env-changed=CC_aarch64-unknown-linux-gnu
  CC_aarch64-unknown-linux-gnu = None
  cargo:rerun-if-env-changed=CC_aarch64_unknown_linux_gnu
  CC_aarch64_unknown_linux_gnu = Some(gcc)
  cargo:rerun-if-env-changed=CC_KNOWN_WRAPPER_CUSTOM
  CC_KNOWN_WRAPPER_CUSTOM = None
  cargo:rerun-if-env-changed=CRATE_CC_NO_DEFAULTS
  CRATE_CC_NO_DEFAULTS = None
  cargo:rerun-if-env-changed=CFLAGS
  CFLAGS = None
  cargo:rerun-if-env-changed=HOST_CFLAGS
  HOST_CFLAGS = None
  cargo:rerun-if-env-changed=CFLAGS_aarch64_unknown_linux_gnu
  CFLAGS_aarch64_unknown_linux_gnu = None
  cargo:rerun-if-env-changed=CFLAGS_aarch64-unknown-linux-gnu
  CFLAGS_aarch64-unknown-linux-gnu = None
  cargo:rerun-if-env-changed=CC_aarch64-unknown-linux-gnu
  CC_aarch64-unknown-linux-gnu = None
  cargo:rerun-if-env-changed=CC_aarch64_unknown_linux_gnu
  CC_aarch64_unknown_linux_gnu = Some(gcc)
  cargo:rerun-if-env-changed=CC_KNOWN_WRAPPER_CUSTOM
  CC_KNOWN_WRAPPER_CUSTOM = None
  cargo:rerun-if-env-changed=CRATE_CC_NO_DEFAULTS
  CRATE_CC_NO_DEFAULTS = None
  cargo:rerun-if-env-changed=CFLAGS
  CFLAGS = None
  cargo:rerun-if-env-changed=HOST_CFLAGS
  HOST_CFLAGS = None
  cargo:rerun-if-env-changed=CFLAGS_aarch64_unknown_linux_gnu
  CFLAGS_aarch64_unknown_linux_gnu = None
  cargo:rerun-if-env-changed=CFLAGS_aarch64-unknown-linux-gnu
  CFLAGS_aarch64-unknown-linux-gnu = None
  cargo:rerun-if-env-changed=CC_aarch64-unknown-linux-gnu
  CC_aarch64-unknown-linux-gnu = None
  cargo:rerun-if-env-changed=CC_aarch64_unknown_linux_gnu
  CC_aarch64_unknown_linux_gnu = Some(gcc)
  cargo:rerun-if-env-changed=CC_KNOWN_WRAPPER_CUSTOM
  CC_KNOWN_WRAPPER_CUSTOM = None
  cargo:rerun-if-env-changed=CRATE_CC_NO_DEFAULTS
  CRATE_CC_NO_DEFAULTS = None
  cargo:rerun-if-env-changed=CFLAGS
  CFLAGS = None
  cargo:rerun-if-env-changed=HOST_CFLAGS
  HOST_CFLAGS = None
  cargo:rerun-if-env-changed=CFLAGS_aarch64_unknown_linux_gnu
  CFLAGS_aarch64_unknown_linux_gnu = None
  cargo:rerun-if-env-changed=CFLAGS_aarch64-unknown-linux-gnu
  CFLAGS_aarch64-unknown-linux-gnu = None
  exit status: 0
  exit status: 0
  exit status: 0
  exit status: 0
  exit status: 0
  exit status: 0
  exit status: 0
  exit status: 0
  cargo:rerun-if-env-changed=CC_aarch64-unknown-linux-gnu
  CC_aarch64-unknown-linux-gnu = None
  cargo:rerun-if-env-changed=CC_aarch64_unknown_linux_gnu
  CC_aarch64_unknown_linux_gnu = Some(gcc)
  cargo:rerun-if-env-changed=CC_KNOWN_WRAPPER_CUSTOM
  CC_KNOWN_WRAPPER_CUSTOM = None
  cargo:rerun-if-env-changed=CRATE_CC_NO_DEFAULTS
  CRATE_CC_NO_DEFAULTS = None
  cargo:rerun-if-env-changed=CFLAGS
  CFLAGS = None
  cargo:rerun-if-env-changed=HOST_CFLAGS
  HOST_CFLAGS = None
  cargo:rerun-if-env-changed=CFLAGS_aarch64_unknown_linux_gnu
  CFLAGS_aarch64_unknown_linux_gnu = None
  cargo:rerun-if-env-changed=CFLAGS_aarch64-unknown-linux-gnu
  CFLAGS_aarch64-unknown-linux-gnu = None
  cargo:rerun-if-env-changed=CC_aarch64-unknown-linux-gnu
  CC_aarch64-unknown-linux-gnu = None
  cargo:rerun-if-env-changed=CC_aarch64_unknown_linux_gnu
  CC_aarch64_unknown_linux_gnu = Some(gcc)
  cargo:rerun-if-env-changed=CC_KNOWN_WRAPPER_CUSTOM
  CC_KNOWN_WRAPPER_CUSTOM = None
  cargo:rerun-if-env-changed=CRATE_CC_NO_DEFAULTS
  CRATE_CC_NO_DEFAULTS = None
  cargo:rerun-if-env-changed=CFLAGS
  CFLAGS = None
  cargo:rerun-if-env-changed=HOST_CFLAGS
  HOST_CFLAGS = None
  cargo:rerun-if-env-changed=CFLAGS_aarch64_unknown_linux_gnu
  CFLAGS_aarch64_unknown_linux_gnu = None
  cargo:rerun-if-env-changed=CFLAGS_aarch64-unknown-linux-gnu
  CFLAGS_aarch64-unknown-linux-gnu = None
  cargo:rerun-if-env-changed=CC_aarch64-unknown-linux-gnu
  CC_aarch64-unknown-linux-gnu = None
  cargo:rerun-if-env-changed=CC_aarch64_unknown_linux_gnu
  CC_aarch64_unknown_linux_gnu = Some(gcc)
  cargo:rerun-if-env-changed=CC_KNOWN_WRAPPER_CUSTOM
  CC_KNOWN_WRAPPER_CUSTOM = None
  cargo:rerun-if-env-changed=CRATE_CC_NO_DEFAULTS
  CRATE_CC_NO_DEFAULTS = None
  cargo:rerun-if-env-changed=CFLAGS
  CFLAGS = None
  cargo:rerun-if-env-changed=HOST_CFLAGS
  HOST_CFLAGS = None
  cargo:rerun-if-env-changed=CFLAGS_aarch64_unknown_linux_gnu
  CFLAGS_aarch64_unknown_linux_gnu = None
  cargo:rerun-if-env-changed=CFLAGS_aarch64-unknown-linux-gnu
  CFLAGS_aarch64-unknown-linux-gnu = None
  cargo:rerun-if-env-changed=CC_aarch64-unknown-linux-gnu
  CC_aarch64-unknown-linux-gnu = None
  cargo:rerun-if-env-changed=CC_aarch64_unknown_linux_gnu
  CC_aarch64_unknown_linux_gnu = Some(gcc)
  cargo:rerun-if-env-changed=CC_KNOWN_WRAPPER_CUSTOM
  CC_KNOWN_WRAPPER_CUSTOM = None
  cargo:rerun-if-env-changed=CRATE_CC_NO_DEFAULTS
  CRATE_CC_NO_DEFAULTS = None
  cargo:rerun-if-env-changed=CFLAGS
  CFLAGS = None
  cargo:rerun-if-env-changed=HOST_CFLAGS
  HOST_CFLAGS = None
  cargo:rerun-if-env-changed=CFLAGS_aarch64_unknown_linux_gnu
  CFLAGS_aarch64_unknown_linux_gnu = None
  cargo:rerun-if-env-changed=CFLAGS_aarch64-unknown-linux-gnu
  CFLAGS_aarch64-unknown-linux-gnu = None
  cargo:rerun-if-env-changed=CC_aarch64-unknown-linux-gnu
  CC_aarch64-unknown-linux-gnu = None
  cargo:rerun-if-env-changed=CC_aarch64_unknown_linux_gnu
  CC_aarch64_unknown_linux_gnu = Some(gcc)
  cargo:rerun-if-env-changed=CC_KNOWN_WRAPPER_CUSTOM
  CC_KNOWN_WRAPPER_CUSTOM = None
  cargo:rerun-if-env-changed=CRATE_CC_NO_DEFAULTS
  CRATE_CC_NO_DEFAULTS = None
  cargo:rerun-if-env-changed=CFLAGS
  CFLAGS = None
  cargo:rerun-if-env-changed=HOST_CFLAGS
  HOST_CFLAGS = None
  cargo:rerun-if-env-changed=CFLAGS_aarch64_unknown_linux_gnu
  CFLAGS_aarch64_unknown_linux_gnu = None
  cargo:rerun-if-env-changed=CFLAGS_aarch64-unknown-linux-gnu
  CFLAGS_aarch64-unknown-linux-gnu = None
  cargo:rerun-if-env-changed=CC_aarch64-unknown-linux-gnu
  CC_aarch64-unknown-linux-gnu = None
  cargo:rerun-if-env-changed=CC_aarch64_unknown_linux_gnu
  CC_aarch64_unknown_linux_gnu = Some(gcc)
  cargo:rerun-if-env-changed=CC_KNOWN_WRAPPER_CUSTOM
  CC_KNOWN_WRAPPER_CUSTOM = None
  cargo:rerun-if-env-changed=CRATE_CC_NO_DEFAULTS
  CRATE_CC_NO_DEFAULTS = None
  cargo:rerun-if-env-changed=CFLAGS
  CFLAGS = None
  cargo:rerun-if-env-changed=HOST_CFLAGS
  HOST_CFLAGS = None
  cargo:rerun-if-env-changed=CFLAGS_aarch64_unknown_linux_gnu
  CFLAGS_aarch64_unknown_linux_gnu = None
  cargo:rerun-if-env-changed=CFLAGS_aarch64-unknown-linux-gnu
  CFLAGS_aarch64-unknown-linux-gnu = None
  cargo:rerun-if-env-changed=CC_aarch64-unknown-linux-gnu
  CC_aarch64-unknown-linux-gnu = None
  cargo:rerun-if-env-changed=CC_aarch64_unknown_linux_gnu
  CC_aarch64_unknown_linux_gnu = Some(gcc)
  cargo:rerun-if-env-changed=CC_KNOWN_WRAPPER_CUSTOM
  CC_KNOWN_WRAPPER_CUSTOM = None
  cargo:rerun-if-env-changed=CRATE_CC_NO_DEFAULTS
  CRATE_CC_NO_DEFAULTS = None
  cargo:rerun-if-env-changed=CFLAGS
  CFLAGS = None
  cargo:rerun-if-env-changed=HOST_CFLAGS
  HOST_CFLAGS = None
  cargo:rerun-if-env-changed=CFLAGS_aarch64_unknown_linux_gnu
  CFLAGS_aarch64_unknown_linux_gnu = None
  cargo:rerun-if-env-changed=CFLAGS_aarch64-unknown-linux-gnu
  CFLAGS_aarch64-unknown-linux-gnu = None
  cargo:rerun-if-env-changed=CC_aarch64-unknown-linux-gnu
  CC_aarch64-unknown-linux-gnu = None
  cargo:rerun-if-env-changed=CC_aarch64_unknown_linux_gnu
  CC_aarch64_unknown_linux_gnu = Some(gcc)
  cargo:rerun-if-env-changed=CC_KNOWN_WRAPPER_CUSTOM
  CC_KNOWN_WRAPPER_CUSTOM = None
  cargo:rerun-if-env-changed=CRATE_CC_NO_DEFAULTS
  CRATE_CC_NO_DEFAULTS = None
  cargo:rerun-if-env-changed=CFLAGS
  CFLAGS = None
  cargo:rerun-if-env-changed=HOST_CFLAGS
  HOST_CFLAGS = None
  cargo:rerun-if-env-changed=CFLAGS_aarch64_unknown_linux_gnu
  CFLAGS_aarch64_unknown_linux_gnu = None
  cargo:rerun-if-env-changed=CFLAGS_aarch64-unknown-linux-gnu
  CFLAGS_aarch64-unknown-linux-gnu = None
  exit status: 0
  exit status: 0
  exit status: 0
  exit status: 0
  exit status: 0
  exit status: 0
  exit status: 0
  exit status: 0
  cargo:rerun-if-env-changed=CC_aarch64-unknown-linux-gnu
  CC_aarch64-unknown-linux-gnu = None
  cargo:rerun-if-env-changed=CC_aarch64_unknown_linux_gnu
  CC_aarch64_unknown_linux_gnu = Some(gcc)
  cargo:rerun-if-env-changed=CC_KNOWN_WRAPPER_CUSTOM
  CC_KNOWN_WRAPPER_CUSTOM = None
  cargo:rerun-if-env-changed=CRATE_CC_NO_DEFAULTS
  CRATE_CC_NO_DEFAULTS = None
  cargo:rerun-if-env-changed=CFLAGS
  CFLAGS = None
  cargo:rerun-if-env-changed=HOST_CFLAGS
  HOST_CFLAGS = None
  cargo:rerun-if-env-changed=CFLAGS_aarch64_unknown_linux_gnu
  CFLAGS_aarch64_unknown_linux_gnu = None
  cargo:rerun-if-env-changed=CFLAGS_aarch64-unknown-linux-gnu
  CFLAGS_aarch64-unknown-linux-gnu = None
  cargo:rerun-if-env-changed=CC_aarch64-unknown-linux-gnu
  CC_aarch64-unknown-linux-gnu = None
  cargo:rerun-if-env-changed=CC_aarch64_unknown_linux_gnu
  CC_aarch64_unknown_linux_gnu = Some(gcc)
  cargo:rerun-if-env-changed=CC_KNOWN_WRAPPER_CUSTOM
  CC_KNOWN_WRAPPER_CUSTOM = None
  cargo:rerun-if-env-changed=CRATE_CC_NO_DEFAULTS
  CRATE_CC_NO_DEFAULTS = None
  cargo:rerun-if-env-changed=CFLAGS
  CFLAGS = None
  cargo:rerun-if-env-changed=HOST_CFLAGS
  HOST_CFLAGS = None
  cargo:rerun-if-env-changed=CFLAGS_aarch64_unknown_linux_gnu
  CFLAGS_aarch64_unknown_linux_gnu = None
  cargo:rerun-if-env-changed=CFLAGS_aarch64-unknown-linux-gnu
  CFLAGS_aarch64-unknown-linux-gnu = None
  cargo:rerun-if-env-changed=CC_aarch64-unknown-linux-gnu
  CC_aarch64-unknown-linux-gnu = None
  cargo:rerun-if-env-changed=CC_aarch64_unknown_linux_gnu
  CC_aarch64_unknown_linux_gnu = Some(gcc)
  cargo:rerun-if-env-changed=CC_KNOWN_WRAPPER_CUSTOM
  CC_KNOWN_WRAPPER_CUSTOM = None
  cargo:rerun-if-env-changed=CRATE_CC_NO_DEFAULTS
  CRATE_CC_NO_DEFAULTS = None
  cargo:rerun-if-env-changed=CFLAGS
  CFLAGS = None
  cargo:rerun-if-env-changed=HOST_CFLAGS
  HOST_CFLAGS = None
  cargo:rerun-if-env-changed=CFLAGS_aarch64_unknown_linux_gnu
  CFLAGS_aarch64_unknown_linux_gnu = None
  cargo:rerun-if-env-changed=CFLAGS_aarch64-unknown-linux-gnu
  CFLAGS_aarch64-unknown-linux-gnu = None
  cargo:rerun-if-env-changed=CC_aarch64-unknown-linux-gnu
  CC_aarch64-unknown-linux-gnu = None
  cargo:rerun-if-env-changed=CC_aarch64_unknown_linux_gnu
  CC_aarch64_unknown_linux_gnu = Some(gcc)
  cargo:rerun-if-env-changed=CC_KNOWN_WRAPPER_CUSTOM
  CC_KNOWN_WRAPPER_CUSTOM = None
  cargo:rerun-if-env-changed=CRATE_CC_NO_DEFAULTS
  CRATE_CC_NO_DEFAULTS = None
  cargo:rerun-if-env-changed=CFLAGS
  CFLAGS = None
  cargo:rerun-if-env-changed=HOST_CFLAGS
  HOST_CFLAGS = None
  cargo:rerun-if-env-changed=CFLAGS_aarch64_unknown_linux_gnu
  CFLAGS_aarch64_unknown_linux_gnu = None
  cargo:rerun-if-env-changed=CFLAGS_aarch64-unknown-linux-gnu
  CFLAGS_aarch64-unknown-linux-gnu = None
  cargo:rerun-if-env-changed=CC_aarch64-unknown-linux-gnu
  CC_aarch64-unknown-linux-gnu = None
  cargo:rerun-if-env-changed=CC_aarch64_unknown_linux_gnu
  CC_aarch64_unknown_linux_gnu = Some(gcc)
  cargo:rerun-if-env-changed=CC_KNOWN_WRAPPER_CUSTOM
  CC_KNOWN_WRAPPER_CUSTOM = None
  cargo:rerun-if-env-changed=CRATE_CC_NO_DEFAULTS
  CRATE_CC_NO_DEFAULTS = None
  cargo:rerun-if-env-changed=CFLAGS
  CFLAGS = None
  cargo:rerun-if-env-changed=HOST_CFLAGS
  HOST_CFLAGS = None
  cargo:rerun-if-env-changed=CFLAGS_aarch64_unknown_linux_gnu
  CFLAGS_aarch64_unknown_linux_gnu = None
  cargo:rerun-if-env-changed=CFLAGS_aarch64-unknown-linux-gnu
  CFLAGS_aarch64-unknown-linux-gnu = None
  cargo:rerun-if-env-changed=CC_aarch64-unknown-linux-gnu
  CC_aarch64-unknown-linux-gnu = None
  cargo:rerun-if-env-changed=CC_aarch64_unknown_linux_gnu
  CC_aarch64_unknown_linux_gnu = Some(gcc)
  cargo:rerun-if-env-changed=CC_KNOWN_WRAPPER_CUSTOM
  CC_KNOWN_WRAPPER_CUSTOM = None
  cargo:rerun-if-env-changed=CRATE_CC_NO_DEFAULTS
  CRATE_CC_NO_DEFAULTS = None
  cargo:rerun-if-env-changed=CFLAGS
  CFLAGS = None
  cargo:rerun-if-env-changed=HOST_CFLAGS
  HOST_CFLAGS = None
  cargo:rerun-if-env-changed=CFLAGS_aarch64_unknown_linux_gnu
  CFLAGS_aarch64_unknown_linux_gnu = None
  cargo:rerun-if-env-changed=CFLAGS_aarch64-unknown-linux-gnu
  CFLAGS_aarch64-unknown-linux-gnu = None
  cargo:rerun-if-env-changed=CC_aarch64-unknown-linux-gnu
  CC_aarch64-unknown-linux-gnu = None
  cargo:rerun-if-env-changed=CC_aarch64_unknown_linux_gnu
  CC_aarch64_unknown_linux_gnu = Some(gcc)
  cargo:rerun-if-env-changed=CC_KNOWN_WRAPPER_CUSTOM
  CC_KNOWN_WRAPPER_CUSTOM = None
  cargo:rerun-if-env-changed=CRATE_CC_NO_DEFAULTS
  CRATE_CC_NO_DEFAULTS = None
  cargo:rerun-if-env-changed=CFLAGS
  CFLAGS = None
  cargo:rerun-if-env-changed=HOST_CFLAGS
  HOST_CFLAGS = None
  cargo:rerun-if-env-changed=CFLAGS_aarch64_unknown_linux_gnu
  CFLAGS_aarch64_unknown_linux_gnu = None
  cargo:rerun-if-env-changed=CFLAGS_aarch64-unknown-linux-gnu
  CFLAGS_aarch64-unknown-linux-gnu = None
  cargo:rerun-if-env-changed=CC_aarch64-unknown-linux-gnu
  CC_aarch64-unknown-linux-gnu = None
  cargo:rerun-if-env-changed=CC_aarch64_unknown_linux_gnu
  CC_aarch64_unknown_linux_gnu = Some(gcc)
  cargo:rerun-if-env-changed=CC_KNOWN_WRAPPER_CUSTOM
  CC_KNOWN_WRAPPER_CUSTOM = None
  cargo:rerun-if-env-changed=CRATE_CC_NO_DEFAULTS
  CRATE_CC_NO_DEFAULTS = None
  cargo:rerun-if-env-changed=CFLAGS
  CFLAGS = None
  cargo:rerun-if-env-changed=HOST_CFLAGS
  HOST_CFLAGS = None
  cargo:rerun-if-env-changed=CFLAGS_aarch64_unknown_linux_gnu
  CFLAGS_aarch64_unknown_linux_gnu = None
  cargo:rerun-if-env-changed=CFLAGS_aarch64-unknown-linux-gnu
  CFLAGS_aarch64-unknown-linux-gnu = None
  exit status: 0
  exit status: 0
  exit status: 0
  exit status: 0
  exit status: 0
  exit status: 0
  exit status: 0
  exit status: 0
  cargo:rerun-if-env-changed=CC_aarch64-unknown-linux-gnu
  CC_aarch64-unknown-linux-gnu = None
  cargo:rerun-if-env-changed=CC_aarch64_unknown_linux_gnu
  CC_aarch64_unknown_linux_gnu = Some(gcc)
  cargo:rerun-if-env-changed=CC_KNOWN_WRAPPER_CUSTOM
  CC_KNOWN_WRAPPER_CUSTOM = None
  cargo:rerun-if-env-changed=CRATE_CC_NO_DEFAULTS
  CRATE_CC_NO_DEFAULTS = None
  cargo:rerun-if-env-changed=CFLAGS
  CFLAGS = None
  cargo:rerun-if-env-changed=HOST_CFLAGS
  HOST_CFLAGS = None
  cargo:rerun-if-env-changed=CFLAGS_aarch64_unknown_linux_gnu
  CFLAGS_aarch64_unknown_linux_gnu = None
  cargo:rerun-if-env-changed=CFLAGS_aarch64-unknown-linux-gnu
  CFLAGS_aarch64-unknown-linux-gnu = None
  cargo:rerun-if-env-changed=CC_aarch64-unknown-linux-gnu
  CC_aarch64-unknown-linux-gnu = None
  cargo:rerun-if-env-changed=CC_aarch64_unknown_linux_gnu
  CC_aarch64_unknown_linux_gnu = Some(gcc)
  cargo:rerun-if-env-changed=CC_KNOWN_WRAPPER_CUSTOM
  CC_KNOWN_WRAPPER_CUSTOM = None
  cargo:rerun-if-env-changed=CRATE_CC_NO_DEFAULTS
  CRATE_CC_NO_DEFAULTS = None
  cargo:rerun-if-env-changed=CFLAGS
  CFLAGS = None
  cargo:rerun-if-env-changed=HOST_CFLAGS
  HOST_CFLAGS = None
  cargo:rerun-if-env-changed=CFLAGS_aarch64_unknown_linux_gnu
  CFLAGS_aarch64_unknown_linux_gnu = None
  cargo:rerun-if-env-changed=CFLAGS_aarch64-unknown-linux-gnu
  CFLAGS_aarch64-unknown-linux-gnu = None
  cargo:rerun-if-env-changed=CC_aarch64-unknown-linux-gnu
  CC_aarch64-unknown-linux-gnu = None
  cargo:rerun-if-env-changed=CC_aarch64_unknown_linux_gnu
  CC_aarch64_unknown_linux_gnu = Some(gcc)
  cargo:rerun-if-env-changed=CC_KNOWN_WRAPPER_CUSTOM
  CC_KNOWN_WRAPPER_CUSTOM = None
  cargo:rerun-if-env-changed=CRATE_CC_NO_DEFAULTS
  CRATE_CC_NO_DEFAULTS = None
  cargo:rerun-if-env-changed=CFLAGS
  CFLAGS = None
  cargo:rerun-if-env-changed=HOST_CFLAGS
  HOST_CFLAGS = None
  cargo:rerun-if-env-changed=CFLAGS_aarch64_unknown_linux_gnu
  CFLAGS_aarch64_unknown_linux_gnu = None
  cargo:rerun-if-env-changed=CFLAGS_aarch64-unknown-linux-gnu
  CFLAGS_aarch64-unknown-linux-gnu = None
  exit status: 0
  exit status: 0
  exit status: 0
  exit status: 0
  exit status: 0
  cargo:rerun-if-env-changed=CC_FORCE_DISABLE
  CC_FORCE_DISABLE = None
  cargo:rerun-if-env-changed=CC_aarch64-unknown-linux-gnu
  CC_aarch64-unknown-linux-gnu = None
  cargo:rerun-if-env-changed=CC_aarch64_unknown_linux_gnu
  CC_aarch64_unknown_linux_gnu = Some(gcc)
  cargo:rerun-if-env-changed=CC_KNOWN_WRAPPER_CUSTOM
  CC_KNOWN_WRAPPER_CUSTOM = None
  cargo:rerun-if-env-changed=CRATE_CC_NO_DEFAULTS
  CRATE_CC_NO_DEFAULTS = None
  cargo:rerun-if-env-changed=CFLAGS
  CFLAGS = None
  cargo:rerun-if-env-changed=HOST_CFLAGS
  HOST_CFLAGS = None
  cargo:rerun-if-env-changed=CFLAGS_aarch64_unknown_linux_gnu
  CFLAGS_aarch64_unknown_linux_gnu = None
  cargo:rerun-if-env-changed=CFLAGS_aarch64-unknown-linux-gnu
  CFLAGS_aarch64-unknown-linux-gnu = None
  cargo:rerun-if-env-changed=CC_aarch64-unknown-linux-gnu
  CC_aarch64-unknown-linux-gnu = None
  cargo:rerun-if-env-changed=CC_aarch64_unknown_linux_gnu
  CC_aarch64_unknown_linux_gnu = Some(gcc)
  cargo:rerun-if-env-changed=CC_KNOWN_WRAPPER_CUSTOM
  CC_KNOWN_WRAPPER_CUSTOM = None
  cargo:rerun-if-env-changed=CRATE_CC_NO_DEFAULTS
  CRATE_CC_NO_DEFAULTS = None
  cargo:rerun-if-env-changed=CFLAGS
  CFLAGS = None
  cargo:rerun-if-env-changed=HOST_CFLAGS
  HOST_CFLAGS = None
  cargo:rerun-if-env-changed=CFLAGS_aarch64_unknown_linux_gnu
  CFLAGS_aarch64_unknown_linux_gnu = None
  cargo:rerun-if-env-changed=CFLAGS_aarch64-unknown-linux-gnu
  CFLAGS_aarch64-unknown-linux-gnu = None
  cargo:rerun-if-env-changed=CC_aarch64-unknown-linux-gnu
  CC_aarch64-unknown-linux-gnu = None
  cargo:rerun-if-env-changed=CC_aarch64_unknown_linux_gnu
  CC_aarch64_unknown_linux_gnu = Some(gcc)
  cargo:rerun-if-env-changed=CC_KNOWN_WRAPPER_CUSTOM
  CC_KNOWN_WRAPPER_CUSTOM = None
  cargo:rerun-if-env-changed=CRATE_CC_NO_DEFAULTS
  CRATE_CC_NO_DEFAULTS = None
  cargo:rerun-if-env-changed=CFLAGS
  CFLAGS = None
  cargo:rerun-if-env-changed=HOST_CFLAGS
  HOST_CFLAGS = None
  cargo:rerun-if-env-changed=CFLAGS_aarch64_unknown_linux_gnu
  CFLAGS_aarch64_unknown_linux_gnu = None
  cargo:rerun-if-env-changed=CFLAGS_aarch64-unknown-linux-gnu
  CFLAGS_aarch64-unknown-linux-gnu = None
  cargo:rerun-if-env-changed=CC_aarch64-unknown-linux-gnu
  CC_aarch64-unknown-linux-gnu = None
  cargo:rerun-if-env-changed=CC_aarch64_unknown_linux_gnu
  CC_aarch64_unknown_linux_gnu = Some(gcc)
  cargo:rerun-if-env-changed=CC_KNOWN_WRAPPER_CUSTOM
  CC_KNOWN_WRAPPER_CUSTOM = None
  cargo:rerun-if-env-changed=CRATE_CC_NO_DEFAULTS
  CRATE_CC_NO_DEFAULTS = None
  cargo:rerun-if-env-changed=CFLAGS
  CFLAGS = None
  cargo:rerun-if-env-changed=HOST_CFLAGS
  HOST_CFLAGS = None
  cargo:rerun-if-env-changed=CFLAGS_aarch64_unknown_linux_gnu
  CFLAGS_aarch64_unknown_linux_gnu = None
  cargo:rerun-if-env-changed=CFLAGS_aarch64-unknown-linux-gnu
  CFLAGS_aarch64-unknown-linux-gnu = None
  cargo:rerun-if-env-changed=CC_aarch64-unknown-linux-gnu
  CC_aarch64-unknown-linux-gnu = None
  cargo:rerun-if-env-changed=CC_aarch64_unknown_linux_gnu
  CC_aarch64_unknown_linux_gnu = Some(gcc)
  cargo:rerun-if-env-changed=CC_KNOWN_WRAPPER_CUSTOM
  CC_KNOWN_WRAPPER_CUSTOM = None
  cargo:rerun-if-env-changed=CRATE_CC_NO_DEFAULTS
  CRATE_CC_NO_DEFAULTS = None
  cargo:rerun-if-env-changed=CFLAGS
  CFLAGS = None
  cargo:rerun-if-env-changed=HOST_CFLAGS
  HOST_CFLAGS = None
  cargo:rerun-if-env-changed=CFLAGS_aarch64_unknown_linux_gnu
  CFLAGS_aarch64_unknown_linux_gnu = None
  cargo:rerun-if-env-changed=CFLAGS_aarch64-unknown-linux-gnu
  CFLAGS_aarch64-unknown-linux-gnu = None
  cargo:rerun-if-env-changed=CC_aarch64-unknown-linux-gnu
  CC_aarch64-unknown-linux-gnu = None
  cargo:rerun-if-env-changed=CC_aarch64_unknown_linux_gnu
  CC_aarch64_unknown_linux_gnu = Some(gcc)
  cargo:rerun-if-env-changed=CC_KNOWN_WRAPPER_CUSTOM
  CC_KNOWN_WRAPPER_CUSTOM = None
  cargo:rerun-if-env-changed=CRATE_CC_NO_DEFAULTS
  CRATE_CC_NO_DEFAULTS = None
  cargo:rerun-if-env-changed=CFLAGS
  CFLAGS = None
  cargo:rerun-if-env-changed=HOST_CFLAGS
  HOST_CFLAGS = None
  cargo:rerun-if-env-changed=CFLAGS_aarch64_unknown_linux_gnu
  CFLAGS_aarch64_unknown_linux_gnu = None
  cargo:rerun-if-env-changed=CFLAGS_aarch64-unknown-linux-gnu
  CFLAGS_aarch64-unknown-linux-gnu = None
  exit status: 0
  exit status: 0
  exit status: 0
  exit status: 0
  exit status: 0
  exit status: 0
  cargo:rerun-if-env-changed=CC_FORCE_DISABLE
  CC_FORCE_DISABLE = None
  cargo:rerun-if-env-changed=CC_aarch64-unknown-linux-gnu
  CC_aarch64-unknown-linux-gnu = None
  cargo:rerun-if-env-changed=CC_aarch64_unknown_linux_gnu
  CC_aarch64_unknown_linux_gnu = Some(gcc)
  cargo:rerun-if-env-changed=CC_KNOWN_WRAPPER_CUSTOM
  CC_KNOWN_WRAPPER_CUSTOM = None
  cargo:rerun-if-env-changed=CRATE_CC_NO_DEFAULTS
  CRATE_CC_NO_DEFAULTS = None
  cargo:rerun-if-env-changed=CFLAGS
  CFLAGS = None
  cargo:rerun-if-env-changed=HOST_CFLAGS
  HOST_CFLAGS = None
  cargo:rerun-if-env-changed=CFLAGS_aarch64_unknown_linux_gnu
  CFLAGS_aarch64_unknown_linux_gnu = None
  cargo:rerun-if-env-changed=CFLAGS_aarch64-unknown-linux-gnu
  CFLAGS_aarch64-unknown-linux-gnu = None
  cargo:rerun-if-env-changed=CC_aarch64-unknown-linux-gnu
  CC_aarch64-unknown-linux-gnu = None
  cargo:rerun-if-env-changed=CC_aarch64_unknown_linux_gnu
  CC_aarch64_unknown_linux_gnu = Some(gcc)
  cargo:rerun-if-env-changed=CC_KNOWN_WRAPPER_CUSTOM
  CC_KNOWN_WRAPPER_CUSTOM = None
  cargo:rerun-if-env-changed=CRATE_CC_NO_DEFAULTS
  CRATE_CC_NO_DEFAULTS = None
  cargo:rerun-if-env-changed=CFLAGS
  CFLAGS = None
  cargo:rerun-if-env-changed=HOST_CFLAGS
  HOST_CFLAGS = None
  cargo:rerun-if-env-changed=CFLAGS_aarch64_unknown_linux_gnu
  CFLAGS_aarch64_unknown_linux_gnu = None
  cargo:rerun-if-env-changed=CFLAGS_aarch64-unknown-linux-gnu
  CFLAGS_aarch64-unknown-linux-gnu = None
  cargo:rerun-if-env-changed=CC_aarch64-unknown-linux-gnu
  CC_aarch64-unknown-linux-gnu = None
  cargo:rerun-if-env-changed=CC_aarch64_unknown_linux_gnu
  CC_aarch64_unknown_linux_gnu = Some(gcc)
  cargo:rerun-if-env-changed=CC_KNOWN_WRAPPER_CUSTOM
  CC_KNOWN_WRAPPER_CUSTOM = None
  cargo:rerun-if-env-changed=CRATE_CC_NO_DEFAULTS
  CRATE_CC_NO_DEFAULTS = None
  cargo:rerun-if-env-changed=CFLAGS
  CFLAGS = None
  cargo:rerun-if-env-changed=HOST_CFLAGS
  HOST_CFLAGS = None
  cargo:rerun-if-env-changed=CFLAGS_aarch64_unknown_linux_gnu
  CFLAGS_aarch64_unknown_linux_gnu = None
  cargo:rerun-if-env-changed=CFLAGS_aarch64-unknown-linux-gnu
  CFLAGS_aarch64-unknown-linux-gnu = None
  cargo:rerun-if-env-changed=CC_aarch64-unknown-linux-gnu
  CC_aarch64-unknown-linux-gnu = None
  cargo:rerun-if-env-changed=CC_aarch64_unknown_linux_gnu
  CC_aarch64_unknown_linux_gnu = Some(gcc)
  cargo:rerun-if-env-changed=CC_KNOWN_WRAPPER_CUSTOM
  CC_KNOWN_WRAPPER_CUSTOM = None
  cargo:rerun-if-env-changed=CRATE_CC_NO_DEFAULTS
  CRATE_CC_NO_DEFAULTS = None
  cargo:rerun-if-env-changed=CFLAGS
  CFLAGS = None
  cargo:rerun-if-env-changed=HOST_CFLAGS
  HOST_CFLAGS = None
  cargo:rerun-if-env-changed=CFLAGS_aarch64_unknown_linux_gnu
  CFLAGS_aarch64_unknown_linux_gnu = None
  cargo:rerun-if-env-changed=CFLAGS_aarch64-unknown-linux-gnu
  CFLAGS_aarch64-unknown-linux-gnu = None
  cargo:rerun-if-env-changed=CC_aarch64-unknown-linux-gnu
  CC_aarch64-unknown-linux-gnu = None
  cargo:rerun-if-env-changed=CC_aarch64_unknown_linux_gnu
  CC_aarch64_unknown_linux_gnu = Some(gcc)
  cargo:rerun-if-env-changed=CC_KNOWN_WRAPPER_CUSTOM
  CC_KNOWN_WRAPPER_CUSTOM = None
  cargo:rerun-if-env-changed=CRATE_CC_NO_DEFAULTS
  CRATE_CC_NO_DEFAULTS = None
  cargo:rerun-if-env-changed=CFLAGS
  CFLAGS = None
  cargo:rerun-if-env-changed=HOST_CFLAGS
  HOST_CFLAGS = None
  cargo:rerun-if-env-changed=CFLAGS_aarch64_unknown_linux_gnu
  CFLAGS_aarch64_unknown_linux_gnu = None
  cargo:rerun-if-env-changed=CFLAGS_aarch64-unknown-linux-gnu
  CFLAGS_aarch64-unknown-linux-gnu = None
  cargo:rerun-if-env-changed=CC_aarch64-unknown-linux-gnu
  CC_aarch64-unknown-linux-gnu = None
  cargo:rerun-if-env-changed=CC_aarch64_unknown_linux_gnu
  CC_aarch64_unknown_linux_gnu = Some(gcc)
  cargo:rerun-if-env-changed=CC_KNOWN_WRAPPER_CUSTOM
  CC_KNOWN_WRAPPER_CUSTOM = None
  cargo:rerun-if-env-changed=CRATE_CC_NO_DEFAULTS
  CRATE_CC_NO_DEFAULTS = None
  cargo:rerun-if-env-changed=CFLAGS
  CFLAGS = None
  cargo:rerun-if-env-changed=HOST_CFLAGS
  HOST_CFLAGS = None
  cargo:rerun-if-env-changed=CFLAGS_aarch64_unknown_linux_gnu
  CFLAGS_aarch64_unknown_linux_gnu = None
  cargo:rerun-if-env-changed=CFLAGS_aarch64-unknown-linux-gnu
  CFLAGS_aarch64-unknown-linux-gnu = None
  cargo:rerun-if-env-changed=CC_aarch64-unknown-linux-gnu
  CC_aarch64-unknown-linux-gnu = None
  cargo:rerun-if-env-changed=CC_aarch64_unknown_linux_gnu
  CC_aarch64_unknown_linux_gnu = Some(gcc)
  cargo:rerun-if-env-changed=CC_KNOWN_WRAPPER_CUSTOM
  CC_KNOWN_WRAPPER_CUSTOM = None
  cargo:rerun-if-env-changed=CRATE_CC_NO_DEFAULTS
  CRATE_CC_NO_DEFAULTS = None
  cargo:rerun-if-env-changed=CFLAGS
  CFLAGS = None
  cargo:rerun-if-env-changed=HOST_CFLAGS
  HOST_CFLAGS = None
  cargo:rerun-if-env-changed=CFLAGS_aarch64_unknown_linux_gnu
  CFLAGS_aarch64_unknown_linux_gnu = None
  cargo:rerun-if-env-changed=CFLAGS_aarch64-unknown-linux-gnu
  CFLAGS_aarch64-unknown-linux-gnu = None
  cargo:rerun-if-env-changed=CC_aarch64-unknown-linux-gnu
  CC_aarch64-unknown-linux-gnu = None
  cargo:rerun-if-env-changed=CC_aarch64_unknown_linux_gnu
  CC_aarch64_unknown_linux_gnu = Some(gcc)
  cargo:rerun-if-env-changed=CC_KNOWN_WRAPPER_CUSTOM
  CC_KNOWN_WRAPPER_CUSTOM = None
  cargo:rerun-if-env-changed=CRATE_CC_NO_DEFAULTS
  CRATE_CC_NO_DEFAULTS = None
  cargo:rerun-if-env-changed=CFLAGS
  CFLAGS = None
  cargo:rerun-if-env-changed=HOST_CFLAGS
  HOST_CFLAGS = None
  cargo:rerun-if-env-changed=CFLAGS_aarch64_unknown_linux_gnu
  CFLAGS_aarch64_unknown_linux_gnu = None
  cargo:rerun-if-env-changed=CFLAGS_aarch64-unknown-linux-gnu
  CFLAGS_aarch64-unknown-linux-gnu = None
  cargo:rerun-if-env-changed=CC_aarch64-unknown-linux-gnu
  CC_aarch64-unknown-linux-gnu = None
  cargo:rerun-if-env-changed=CC_aarch64_unknown_linux_gnu
  CC_aarch64_unknown_linux_gnu = Some(gcc)
  cargo:rerun-if-env-changed=CC_KNOWN_WRAPPER_CUSTOM
  CC_KNOWN_WRAPPER_CUSTOM = None
  cargo:rerun-if-env-changed=CRATE_CC_NO_DEFAULTS
  CRATE_CC_NO_DEFAULTS = None
  cargo:rerun-if-env-changed=CFLAGS
  CFLAGS = None
  cargo:rerun-if-env-changed=HOST_CFLAGS
  HOST_CFLAGS = None
  cargo:rerun-if-env-changed=CFLAGS_aarch64_unknown_linux_gnu
  CFLAGS_aarch64_unknown_linux_gnu = None
  cargo:rerun-if-env-changed=CFLAGS_aarch64-unknown-linux-gnu
  CFLAGS_aarch64-unknown-linux-gnu = None
  cargo:rerun-if-env-changed=CC_aarch64-unknown-linux-gnu
  CC_aarch64-unknown-linux-gnu = None
  cargo:rerun-if-env-changed=CC_aarch64_unknown_linux_gnu
  CC_aarch64_unknown_linux_gnu = Some(gcc)
  cargo:rerun-if-env-changed=CC_KNOWN_WRAPPER_CUSTOM
  CC_KNOWN_WRAPPER_CUSTOM = None
  cargo:rerun-if-env-changed=CRATE_CC_NO_DEFAULTS
  CRATE_CC_NO_DEFAULTS = None
  cargo:rerun-if-env-changed=CFLAGS
  CFLAGS = None
  cargo:rerun-if-env-changed=HOST_CFLAGS
  HOST_CFLAGS = None
  cargo:rerun-if-env-changed=CFLAGS_aarch64_unknown_linux_gnu
  CFLAGS_aarch64_unknown_linux_gnu = None
  cargo:rerun-if-env-changed=CFLAGS_aarch64-unknown-linux-gnu
  CFLAGS_aarch64-unknown-linux-gnu = None
  exit status: 0
  exit status: 0
  exit status: 0
  exit status: 0
  exit status: 0
  exit status: 0
  exit status: 0
  exit status: 0
  cargo:rerun-if-env-changed=CC_aarch64-unknown-linux-gnu
  CC_aarch64-unknown-linux-gnu = None
  cargo:rerun-if-env-changed=CC_aarch64_unknown_linux_gnu
  CC_aarch64_unknown_linux_gnu = Some(gcc)
  cargo:rerun-if-env-changed=CC_KNOWN_WRAPPER_CUSTOM
  CC_KNOWN_WRAPPER_CUSTOM = None
  cargo:rerun-if-env-changed=CRATE_CC_NO_DEFAULTS
  CRATE_CC_NO_DEFAULTS = None
  cargo:rerun-if-env-changed=CFLAGS
  CFLAGS = None
  cargo:rerun-if-env-changed=HOST_CFLAGS
  HOST_CFLAGS = None
  cargo:rerun-if-env-changed=CFLAGS_aarch64_unknown_linux_gnu
  CFLAGS_aarch64_unknown_linux_gnu = None
  cargo:rerun-if-env-changed=CFLAGS_aarch64-unknown-linux-gnu
  CFLAGS_aarch64-unknown-linux-gnu = None
  cargo:rerun-if-env-changed=CC_aarch64-unknown-linux-gnu
  CC_aarch64-unknown-linux-gnu = None
  cargo:rerun-if-env-changed=CC_aarch64_unknown_linux_gnu
  CC_aarch64_unknown_linux_gnu = Some(gcc)
  cargo:rerun-if-env-changed=CC_KNOWN_WRAPPER_CUSTOM
  CC_KNOWN_WRAPPER_CUSTOM = None
  cargo:rerun-if-env-changed=CRATE_CC_NO_DEFAULTS
  CRATE_CC_NO_DEFAULTS = None
  cargo:rerun-if-env-changed=CFLAGS
  CFLAGS = None
  cargo:rerun-if-env-changed=HOST_CFLAGS
  HOST_CFLAGS = None
  cargo:rerun-if-env-changed=CFLAGS_aarch64_unknown_linux_gnu
  CFLAGS_aarch64_unknown_linux_gnu = None
  cargo:rerun-if-env-changed=CFLAGS_aarch64-unknown-linux-gnu
  CFLAGS_aarch64-unknown-linux-gnu = None
  cargo:rerun-if-env-changed=CC_aarch64-unknown-linux-gnu
  CC_aarch64-unknown-linux-gnu = None
  cargo:rerun-if-env-changed=CC_aarch64_unknown_linux_gnu
  CC_aarch64_unknown_linux_gnu = Some(gcc)
  cargo:rerun-if-env-changed=CC_KNOWN_WRAPPER_CUSTOM
  CC_KNOWN_WRAPPER_CUSTOM = None
  cargo:rerun-if-env-changed=CRATE_CC_NO_DEFAULTS
  CRATE_CC_NO_DEFAULTS = None
  cargo:rerun-if-env-changed=CFLAGS
  CFLAGS = None
  cargo:rerun-if-env-changed=HOST_CFLAGS
  HOST_CFLAGS = None
  cargo:rerun-if-env-changed=CFLAGS_aarch64_unknown_linux_gnu
  CFLAGS_aarch64_unknown_linux_gnu = None
  cargo:rerun-if-env-changed=CFLAGS_aarch64-unknown-linux-gnu
  CFLAGS_aarch64-unknown-linux-gnu = None
  cargo:rerun-if-env-changed=CC_aarch64-unknown-linux-gnu
  CC_aarch64-unknown-linux-gnu = None
  cargo:rerun-if-env-changed=CC_aarch64_unknown_linux_gnu
  CC_aarch64_unknown_linux_gnu = Some(gcc)
  cargo:rerun-if-env-changed=CC_KNOWN_WRAPPER_CUSTOM
  CC_KNOWN_WRAPPER_CUSTOM = None
  cargo:rerun-if-env-changed=CRATE_CC_NO_DEFAULTS
  CRATE_CC_NO_DEFAULTS = None
  cargo:rerun-if-env-changed=CFLAGS
  CFLAGS = None
  cargo:rerun-if-env-changed=HOST_CFLAGS
  HOST_CFLAGS = None
  cargo:rerun-if-env-changed=CFLAGS_aarch64_unknown_linux_gnu
  CFLAGS_aarch64_unknown_linux_gnu = None
  cargo:rerun-if-env-changed=CFLAGS_aarch64-unknown-linux-gnu
  CFLAGS_aarch64-unknown-linux-gnu = None
  cargo:rerun-if-env-changed=CC_aarch64-unknown-linux-gnu
  CC_aarch64-unknown-linux-gnu = None
  cargo:rerun-if-env-changed=CC_aarch64_unknown_linux_gnu
  CC_aarch64_unknown_linux_gnu = Some(gcc)
  cargo:rerun-if-env-changed=CC_KNOWN_WRAPPER_CUSTOM
  CC_KNOWN_WRAPPER_CUSTOM = None
  cargo:rerun-if-env-changed=CRATE_CC_NO_DEFAULTS
  CRATE_CC_NO_DEFAULTS = None
  cargo:rerun-if-env-changed=CFLAGS
  CFLAGS = None
  cargo:rerun-if-env-changed=HOST_CFLAGS
  HOST_CFLAGS = None
  cargo:rerun-if-env-changed=CFLAGS_aarch64_unknown_linux_gnu
  CFLAGS_aarch64_unknown_linux_gnu = None
  cargo:rerun-if-env-changed=CFLAGS_aarch64-unknown-linux-gnu
  CFLAGS_aarch64-unknown-linux-gnu = None
  cargo:rerun-if-env-changed=CC_aarch64-unknown-linux-gnu
  CC_aarch64-unknown-linux-gnu = None
  cargo:rerun-if-env-changed=CC_aarch64_unknown_linux_gnu
  CC_aarch64_unknown_linux_gnu = Some(gcc)
  cargo:rerun-if-env-changed=CC_KNOWN_WRAPPER_CUSTOM
  CC_KNOWN_WRAPPER_CUSTOM = None
  cargo:rerun-if-env-changed=CRATE_CC_NO_DEFAULTS
  CRATE_CC_NO_DEFAULTS = None
  cargo:rerun-if-env-changed=CFLAGS
  CFLAGS = None
  cargo:rerun-if-env-changed=HOST_CFLAGS
  HOST_CFLAGS = None
  cargo:rerun-if-env-changed=CFLAGS_aarch64_unknown_linux_gnu
  CFLAGS_aarch64_unknown_linux_gnu = None
  cargo:rerun-if-env-changed=CFLAGS_aarch64-unknown-linux-gnu
  CFLAGS_aarch64-unknown-linux-gnu = None
  cargo:rerun-if-env-changed=CC_aarch64-unknown-linux-gnu
  CC_aarch64-unknown-linux-gnu = None
  cargo:rerun-if-env-changed=CC_aarch64_unknown_linux_gnu
  CC_aarch64_unknown_linux_gnu = Some(gcc)
  cargo:rerun-if-env-changed=CC_KNOWN_WRAPPER_CUSTOM
  CC_KNOWN_WRAPPER_CUSTOM = None
  cargo:rerun-if-env-changed=CRATE_CC_NO_DEFAULTS
  CRATE_CC_NO_DEFAULTS = None
  cargo:rerun-if-env-changed=CFLAGS
  CFLAGS = None
  cargo:rerun-if-env-changed=HOST_CFLAGS
  HOST_CFLAGS = None
  cargo:rerun-if-env-changed=CFLAGS_aarch64_unknown_linux_gnu
  CFLAGS_aarch64_unknown_linux_gnu = None
  cargo:rerun-if-env-changed=CFLAGS_aarch64-unknown-linux-gnu
  CFLAGS_aarch64-unknown-linux-gnu = None
  cargo:rerun-if-env-changed=CC_aarch64-unknown-linux-gnu
  CC_aarch64-unknown-linux-gnu = None
  cargo:rerun-if-env-changed=CC_aarch64_unknown_linux_gnu
  CC_aarch64_unknown_linux_gnu = Some(gcc)
  cargo:rerun-if-env-changed=CC_KNOWN_WRAPPER_CUSTOM
  CC_KNOWN_WRAPPER_CUSTOM = None
  cargo:rerun-if-env-changed=CRATE_CC_NO_DEFAULTS
  CRATE_CC_NO_DEFAULTS = None
  cargo:rerun-if-env-changed=CFLAGS
  CFLAGS = None
  cargo:rerun-if-env-changed=HOST_CFLAGS
  HOST_CFLAGS = None
  cargo:rerun-if-env-changed=CFLAGS_aarch64_unknown_linux_gnu
  CFLAGS_aarch64_unknown_linux_gnu = None
  cargo:rerun-if-env-changed=CFLAGS_aarch64-unknown-linux-gnu
  CFLAGS_aarch64-unknown-linux-gnu = None
  exit status: 0
  exit status: 0
  exit status: 0
  exit status: 0
  exit status: 0
  exit status: 0
  exit status: 0
  exit status: 0
  cargo:rerun-if-env-changed=CC_aarch64-unknown-linux-gnu
  CC_aarch64-unknown-linux-gnu = None
  cargo:rerun-if-env-changed=CC_aarch64_unknown_linux_gnu
  CC_aarch64_unknown_linux_gnu = Some(gcc)
  cargo:rerun-if-env-changed=CC_KNOWN_WRAPPER_CUSTOM
  CC_KNOWN_WRAPPER_CUSTOM = None
  cargo:rerun-if-env-changed=CRATE_CC_NO_DEFAULTS
  CRATE_CC_NO_DEFAULTS = None
  cargo:rerun-if-env-changed=CFLAGS
  CFLAGS = None
  cargo:rerun-if-env-changed=HOST_CFLAGS
  HOST_CFLAGS = None
  cargo:rerun-if-env-changed=CFLAGS_aarch64_unknown_linux_gnu
  CFLAGS_aarch64_unknown_linux_gnu = None
  cargo:rerun-if-env-changed=CFLAGS_aarch64-unknown-linux-gnu
  CFLAGS_aarch64-unknown-linux-gnu = None
  cargo:rerun-if-env-changed=CC_aarch64-unknown-linux-gnu
  CC_aarch64-unknown-linux-gnu = None
  cargo:rerun-if-env-changed=CC_aarch64_unknown_linux_gnu
  CC_aarch64_unknown_linux_gnu = Some(gcc)
  cargo:rerun-if-env-changed=CC_KNOWN_WRAPPER_CUSTOM
  CC_KNOWN_WRAPPER_CUSTOM = None
  cargo:rerun-if-env-changed=CRATE_CC_NO_DEFAULTS
  CRATE_CC_NO_DEFAULTS = None
  cargo:rerun-if-env-changed=CFLAGS
  CFLAGS = None
  cargo:rerun-if-env-changed=HOST_CFLAGS
  HOST_CFLAGS = None
  cargo:rerun-if-env-changed=CFLAGS_aarch64_unknown_linux_gnu
  CFLAGS_aarch64_unknown_linux_gnu = None
  cargo:rerun-if-env-changed=CFLAGS_aarch64-unknown-linux-gnu
  CFLAGS_aarch64-unknown-linux-gnu = None
  cargo:rerun-if-env-changed=CC_aarch64-unknown-linux-gnu
  CC_aarch64-unknown-linux-gnu = None
  cargo:rerun-if-env-changed=CC_aarch64_unknown_linux_gnu
  CC_aarch64_unknown_linux_gnu = Some(gcc)
  cargo:rerun-if-env-changed=CC_KNOWN_WRAPPER_CUSTOM
  CC_KNOWN_WRAPPER_CUSTOM = None
  cargo:rerun-if-env-changed=CRATE_CC_NO_DEFAULTS
  CRATE_CC_NO_DEFAULTS = None
  cargo:rerun-if-env-changed=CFLAGS
  CFLAGS = None
  cargo:rerun-if-env-changed=HOST_CFLAGS
  HOST_CFLAGS = None
  cargo:rerun-if-env-changed=CFLAGS_aarch64_unknown_linux_gnu
  CFLAGS_aarch64_unknown_linux_gnu = None
  cargo:rerun-if-env-changed=CFLAGS_aarch64-unknown-linux-gnu
  CFLAGS_aarch64-unknown-linux-gnu = None
  cargo:rerun-if-env-changed=CC_aarch64-unknown-linux-gnu
  CC_aarch64-unknown-linux-gnu = None
  cargo:rerun-if-env-changed=CC_aarch64_unknown_linux_gnu
  CC_aarch64_unknown_linux_gnu = Some(gcc)
  cargo:rerun-if-env-changed=CC_KNOWN_WRAPPER_CUSTOM
  CC_KNOWN_WRAPPER_CUSTOM = None
  cargo:rerun-if-env-changed=CRATE_CC_NO_DEFAULTS
  CRATE_CC_NO_DEFAULTS = None
  cargo:rerun-if-env-changed=CFLAGS
  CFLAGS = None
  cargo:rerun-if-env-changed=HOST_CFLAGS
  HOST_CFLAGS = None
  cargo:rerun-if-env-changed=CFLAGS_aarch64_unknown_linux_gnu
  CFLAGS_aarch64_unknown_linux_gnu = None
  cargo:rerun-if-env-changed=CFLAGS_aarch64-unknown-linux-gnu
  CFLAGS_aarch64-unknown-linux-gnu = None
  cargo:rerun-if-env-changed=CC_aarch64-unknown-linux-gnu
  CC_aarch64-unknown-linux-gnu = None
  cargo:rerun-if-env-changed=CC_aarch64_unknown_linux_gnu
  CC_aarch64_unknown_linux_gnu = Some(gcc)
  cargo:rerun-if-env-changed=CC_KNOWN_WRAPPER_CUSTOM
  CC_KNOWN_WRAPPER_CUSTOM = None
  cargo:rerun-if-env-changed=CRATE_CC_NO_DEFAULTS
  CRATE_CC_NO_DEFAULTS = None
  cargo:rerun-if-env-changed=CFLAGS
  CFLAGS = None
  cargo:rerun-if-env-changed=HOST_CFLAGS
  HOST_CFLAGS = None
  cargo:rerun-if-env-changed=CFLAGS_aarch64_unknown_linux_gnu
  CFLAGS_aarch64_unknown_linux_gnu = None
  cargo:rerun-if-env-changed=CFLAGS_aarch64-unknown-linux-gnu
  CFLAGS_aarch64-unknown-linux-gnu = None
  cargo:rerun-if-env-changed=CC_aarch64-unknown-linux-gnu
  CC_aarch64-unknown-linux-gnu = None
  cargo:rerun-if-env-changed=CC_aarch64_unknown_linux_gnu
  CC_aarch64_unknown_linux_gnu = Some(gcc)
  cargo:rerun-if-env-changed=CC_KNOWN_WRAPPER_CUSTOM
  CC_KNOWN_WRAPPER_CUSTOM = None
  cargo:rerun-if-env-changed=CRATE_CC_NO_DEFAULTS
  CRATE_CC_NO_DEFAULTS = None
  cargo:rerun-if-env-changed=CFLAGS
  CFLAGS = None
  cargo:rerun-if-env-changed=HOST_CFLAGS
  HOST_CFLAGS = None
  cargo:rerun-if-env-changed=CFLAGS_aarch64_unknown_linux_gnu
  CFLAGS_aarch64_unknown_linux_gnu = None
  cargo:rerun-if-env-changed=CFLAGS_aarch64-unknown-linux-gnu
  CFLAGS_aarch64-unknown-linux-gnu = None
  cargo:rerun-if-env-changed=CC_aarch64-unknown-linux-gnu
  CC_aarch64-unknown-linux-gnu = None
  cargo:rerun-if-env-changed=CC_aarch64_unknown_linux_gnu
  CC_aarch64_unknown_linux_gnu = Some(gcc)
  cargo:rerun-if-env-changed=CC_KNOWN_WRAPPER_CUSTOM
  CC_KNOWN_WRAPPER_CUSTOM = None
  cargo:rerun-if-env-changed=CRATE_CC_NO_DEFAULTS
  CRATE_CC_NO_DEFAULTS = None
  cargo:rerun-if-env-changed=CFLAGS
  CFLAGS = None
  cargo:rerun-if-env-changed=HOST_CFLAGS
  HOST_CFLAGS = None
  cargo:rerun-if-env-changed=CFLAGS_aarch64_unknown_linux_gnu
  CFLAGS_aarch64_unknown_linux_gnu = None
  cargo:rerun-if-env-changed=CFLAGS_aarch64-unknown-linux-gnu
  CFLAGS_aarch64-unknown-linux-gnu = None
  cargo:rerun-if-env-changed=CC_aarch64-unknown-linux-gnu
  CC_aarch64-unknown-linux-gnu = None
  cargo:rerun-if-env-changed=CC_aarch64_unknown_linux_gnu
  CC_aarch64_unknown_linux_gnu = Some(gcc)
  cargo:rerun-if-env-changed=CC_KNOWN_WRAPPER_CUSTOM
  CC_KNOWN_WRAPPER_CUSTOM = None
  cargo:rerun-if-env-changed=CRATE_CC_NO_DEFAULTS
  CRATE_CC_NO_DEFAULTS = None
  cargo:rerun-if-env-changed=CFLAGS
  CFLAGS = None
  cargo:rerun-if-env-changed=HOST_CFLAGS
  HOST_CFLAGS = None
  cargo:rerun-if-env-changed=CFLAGS_aarch64_unknown_linux_gnu
  CFLAGS_aarch64_unknown_linux_gnu = None
  cargo:rerun-if-env-changed=CFLAGS_aarch64-unknown-linux-gnu
  CFLAGS_aarch64-unknown-linux-gnu = None
  exit status: 0
  exit status: 0
  exit status: 0
  exit status: 0
  exit status: 0
  exit status: 0
  exit status: 0
  exit status: 0
  cargo:rerun-if-env-changed=CC_aarch64-unknown-linux-gnu
  CC_aarch64-unknown-linux-gnu = None
  cargo:rerun-if-env-changed=CC_aarch64_unknown_linux_gnu
  CC_aarch64_unknown_linux_gnu = Some(gcc)
  cargo:rerun-if-env-changed=CC_KNOWN_WRAPPER_CUSTOM
  CC_KNOWN_WRAPPER_CUSTOM = None
  cargo:rerun-if-env-changed=CRATE_CC_NO_DEFAULTS
  CRATE_CC_NO_DEFAULTS = None
  cargo:rerun-if-env-changed=CFLAGS
  CFLAGS = None
  cargo:rerun-if-env-changed=HOST_CFLAGS
  HOST_CFLAGS = None
  cargo:rerun-if-env-changed=CFLAGS_aarch64_unknown_linux_gnu
  CFLAGS_aarch64_unknown_linux_gnu = None
  cargo:rerun-if-env-changed=CFLAGS_aarch64-unknown-linux-gnu
  CFLAGS_aarch64-unknown-linux-gnu = None
  cargo:rerun-if-env-changed=CC_aarch64-unknown-linux-gnu
  CC_aarch64-unknown-linux-gnu = None
  cargo:rerun-if-env-changed=CC_aarch64_unknown_linux_gnu
  CC_aarch64_unknown_linux_gnu = Some(gcc)
  cargo:rerun-if-env-changed=CC_KNOWN_WRAPPER_CUSTOM
  CC_KNOWN_WRAPPER_CUSTOM = None
  cargo:rerun-if-env-changed=CRATE_CC_NO_DEFAULTS
  CRATE_CC_NO_DEFAULTS = None
  cargo:rerun-if-env-changed=CFLAGS
  CFLAGS = None
  cargo:rerun-if-env-changed=HOST_CFLAGS
  HOST_CFLAGS = None
  cargo:rerun-if-env-changed=CFLAGS_aarch64_unknown_linux_gnu
  CFLAGS_aarch64_unknown_linux_gnu = None
  cargo:rerun-if-env-changed=CFLAGS_aarch64-unknown-linux-gnu
  CFLAGS_aarch64-unknown-linux-gnu = None
  cargo:rerun-if-env-changed=CC_aarch64-unknown-linux-gnu
  CC_aarch64-unknown-linux-gnu = None
  cargo:rerun-if-env-changed=CC_aarch64_unknown_linux_gnu
  CC_aarch64_unknown_linux_gnu = Some(gcc)
  cargo:rerun-if-env-changed=CC_KNOWN_WRAPPER_CUSTOM
  CC_KNOWN_WRAPPER_CUSTOM = None
  cargo:rerun-if-env-changed=CRATE_CC_NO_DEFAULTS
  CRATE_CC_NO_DEFAULTS = None
  cargo:rerun-if-env-changed=CFLAGS
  CFLAGS = None
  cargo:rerun-if-env-changed=HOST_CFLAGS
  HOST_CFLAGS = None
  cargo:rerun-if-env-changed=CFLAGS_aarch64_unknown_linux_gnu
  CFLAGS_aarch64_unknown_linux_gnu = None
  cargo:rerun-if-env-changed=CFLAGS_aarch64-unknown-linux-gnu
  CFLAGS_aarch64-unknown-linux-gnu = None
  cargo:rerun-if-env-changed=CC_aarch64-unknown-linux-gnu
  CC_aarch64-unknown-linux-gnu = None
  cargo:rerun-if-env-changed=CC_aarch64_unknown_linux_gnu
  CC_aarch64_unknown_linux_gnu = Some(gcc)
  cargo:rerun-if-env-changed=CC_KNOWN_WRAPPER_CUSTOM
  CC_KNOWN_WRAPPER_CUSTOM = None
  cargo:rerun-if-env-changed=CRATE_CC_NO_DEFAULTS
  CRATE_CC_NO_DEFAULTS = None
  cargo:rerun-if-env-changed=CFLAGS
  CFLAGS = None
  cargo:rerun-if-env-changed=HOST_CFLAGS
  HOST_CFLAGS = None
  cargo:rerun-if-env-changed=CFLAGS_aarch64_unknown_linux_gnu
  CFLAGS_aarch64_unknown_linux_gnu = None
  cargo:rerun-if-env-changed=CFLAGS_aarch64-unknown-linux-gnu
  CFLAGS_aarch64-unknown-linux-gnu = None
  cargo:rerun-if-env-changed=CC_aarch64-unknown-linux-gnu
  CC_aarch64-unknown-linux-gnu = None
  cargo:rerun-if-env-changed=CC_aarch64_unknown_linux_gnu
  CC_aarch64_unknown_linux_gnu = Some(gcc)
  cargo:rerun-if-env-changed=CC_KNOWN_WRAPPER_CUSTOM
  CC_KNOWN_WRAPPER_CUSTOM = None
  cargo:rerun-if-env-changed=CRATE_CC_NO_DEFAULTS
  CRATE_CC_NO_DEFAULTS = None
  cargo:rerun-if-env-changed=CFLAGS
  CFLAGS = None
  cargo:rerun-if-env-changed=HOST_CFLAGS
  HOST_CFLAGS = None
  cargo:rerun-if-env-changed=CFLAGS_aarch64_unknown_linux_gnu
  CFLAGS_aarch64_unknown_linux_gnu = None
  cargo:rerun-if-env-changed=CFLAGS_aarch64-unknown-linux-gnu
  CFLAGS_aarch64-unknown-linux-gnu = None
  cargo:rerun-if-env-changed=CC_aarch64-unknown-linux-gnu
  CC_aarch64-unknown-linux-gnu = None
  cargo:rerun-if-env-changed=CC_aarch64_unknown_linux_gnu
  CC_aarch64_unknown_linux_gnu = Some(gcc)
  cargo:rerun-if-env-changed=CC_KNOWN_WRAPPER_CUSTOM
  CC_KNOWN_WRAPPER_CUSTOM = None
  cargo:rerun-if-env-changed=CRATE_CC_NO_DEFAULTS
  CRATE_CC_NO_DEFAULTS = None
  cargo:rerun-if-env-changed=CFLAGS
  CFLAGS = None
  cargo:rerun-if-env-changed=HOST_CFLAGS
  HOST_CFLAGS = None
  cargo:rerun-if-env-changed=CFLAGS_aarch64_unknown_linux_gnu
  CFLAGS_aarch64_unknown_linux_gnu = None
  cargo:rerun-if-env-changed=CFLAGS_aarch64-unknown-linux-gnu
  CFLAGS_aarch64-unknown-linux-gnu = None
  cargo:rerun-if-env-changed=CC_aarch64-unknown-linux-gnu
  CC_aarch64-unknown-linux-gnu = None
  cargo:rerun-if-env-changed=CC_aarch64_unknown_linux_gnu
  CC_aarch64_unknown_linux_gnu = Some(gcc)
  cargo:rerun-if-env-changed=CC_KNOWN_WRAPPER_CUSTOM
  CC_KNOWN_WRAPPER_CUSTOM = None
  cargo:rerun-if-env-changed=CRATE_CC_NO_DEFAULTS
  CRATE_CC_NO_DEFAULTS = None
  cargo:rerun-if-env-changed=CFLAGS
  CFLAGS = None
  cargo:rerun-if-env-changed=HOST_CFLAGS
  HOST_CFLAGS = None
  cargo:rerun-if-env-changed=CFLAGS_aarch64_unknown_linux_gnu
  CFLAGS_aarch64_unknown_linux_gnu = None
  cargo:rerun-if-env-changed=CFLAGS_aarch64-unknown-linux-gnu
  CFLAGS_aarch64-unknown-linux-gnu = None
  cargo:rerun-if-env-changed=CC_aarch64-unknown-linux-gnu
  CC_aarch64-unknown-linux-gnu = None
  cargo:rerun-if-env-changed=CC_aarch64_unknown_linux_gnu
  CC_aarch64_unknown_linux_gnu = Some(gcc)
  cargo:rerun-if-env-changed=CC_KNOWN_WRAPPER_CUSTOM
  CC_KNOWN_WRAPPER_CUSTOM = None
  cargo:rerun-if-env-changed=CRATE_CC_NO_DEFAULTS
  CRATE_CC_NO_DEFAULTS = None
  cargo:rerun-if-env-changed=CFLAGS
  CFLAGS = None
  cargo:rerun-if-env-changed=HOST_CFLAGS
  HOST_CFLAGS = None
  cargo:rerun-if-env-changed=CFLAGS_aarch64_unknown_linux_gnu
  CFLAGS_aarch64_unknown_linux_gnu = None
  cargo:rerun-if-env-changed=CFLAGS_aarch64-unknown-linux-gnu
  CFLAGS_aarch64-unknown-linux-gnu = None
  exit status: 0
  exit status: 0
  exit status: 0
  exit status: 0
  exit status: 0
  exit status: 0
  exit status: 0
  exit status: 0
  cargo:rerun-if-env-changed=CC_aarch64-unknown-linux-gnu
  CC_aarch64-unknown-linux-gnu = None
  cargo:rerun-if-env-changed=CC_aarch64_unknown_linux_gnu
  CC_aarch64_unknown_linux_gnu = Some(gcc)
  cargo:rerun-if-env-changed=CC_KNOWN_WRAPPER_CUSTOM
  CC_KNOWN_WRAPPER_CUSTOM = None
  cargo:rerun-if-env-changed=CRATE_CC_NO_DEFAULTS
  CRATE_CC_NO_DEFAULTS = None
  cargo:rerun-if-env-changed=CFLAGS
  CFLAGS = None
  cargo:rerun-if-env-changed=HOST_CFLAGS
  HOST_CFLAGS = None
  cargo:rerun-if-env-changed=CFLAGS_aarch64_unknown_linux_gnu
  CFLAGS_aarch64_unknown_linux_gnu = None
  cargo:rerun-if-env-changed=CFLAGS_aarch64-unknown-linux-gnu
  CFLAGS_aarch64-unknown-linux-gnu = None
  cargo:rerun-if-env-changed=CC_aarch64-unknown-linux-gnu
  CC_aarch64-unknown-linux-gnu = None
  cargo:rerun-if-env-changed=CC_aarch64_unknown_linux_gnu
  CC_aarch64_unknown_linux_gnu = Some(gcc)
  cargo:rerun-if-env-changed=CC_KNOWN_WRAPPER_CUSTOM
  CC_KNOWN_WRAPPER_CUSTOM = None
  cargo:rerun-if-env-changed=CRATE_CC_NO_DEFAULTS
  CRATE_CC_NO_DEFAULTS = None
  cargo:rerun-if-env-changed=CFLAGS
  CFLAGS = None
  cargo:rerun-if-env-changed=HOST_CFLAGS
  HOST_CFLAGS = None
  cargo:rerun-if-env-changed=CFLAGS_aarch64_unknown_linux_gnu
  CFLAGS_aarch64_unknown_linux_gnu = None
  cargo:rerun-if-env-changed=CFLAGS_aarch64-unknown-linux-gnu
  CFLAGS_aarch64-unknown-linux-gnu = None
  cargo:rerun-if-env-changed=CC_aarch64-unknown-linux-gnu
  CC_aarch64-unknown-linux-gnu = None
  cargo:rerun-if-env-changed=CC_aarch64_unknown_linux_gnu
  CC_aarch64_unknown_linux_gnu = Some(gcc)
  cargo:rerun-if-env-changed=CC_KNOWN_WRAPPER_CUSTOM
  CC_KNOWN_WRAPPER_CUSTOM = None
  cargo:rerun-if-env-changed=CRATE_CC_NO_DEFAULTS
  CRATE_CC_NO_DEFAULTS = None
  cargo:rerun-if-env-changed=CFLAGS
  CFLAGS = None
  cargo:rerun-if-env-changed=HOST_CFLAGS
  HOST_CFLAGS = None
  cargo:rerun-if-env-changed=CFLAGS_aarch64_unknown_linux_gnu
  CFLAGS_aarch64_unknown_linux_gnu = None
  cargo:rerun-if-env-changed=CFLAGS_aarch64-unknown-linux-gnu
  CFLAGS_aarch64-unknown-linux-gnu = None
  cargo:rerun-if-env-changed=CC_aarch64-unknown-linux-gnu
  CC_aarch64-unknown-linux-gnu = None
  cargo:rerun-if-env-changed=CC_aarch64_unknown_linux_gnu
  CC_aarch64_unknown_linux_gnu = Some(gcc)
  cargo:rerun-if-env-changed=CC_KNOWN_WRAPPER_CUSTOM
  CC_KNOWN_WRAPPER_CUSTOM = None
  cargo:rerun-if-env-changed=CRATE_CC_NO_DEFAULTS
  CRATE_CC_NO_DEFAULTS = None
  cargo:rerun-if-env-changed=CFLAGS
  CFLAGS = None
  cargo:rerun-if-env-changed=HOST_CFLAGS
  HOST_CFLAGS = None
  cargo:rerun-if-env-changed=CFLAGS_aarch64_unknown_linux_gnu
  CFLAGS_aarch64_unknown_linux_gnu = None
  cargo:rerun-if-env-changed=CFLAGS_aarch64-unknown-linux-gnu
  CFLAGS_aarch64-unknown-linux-gnu = None
  cargo:rerun-if-env-changed=CC_aarch64-unknown-linux-gnu
  CC_aarch64-unknown-linux-gnu = None
  cargo:rerun-if-env-changed=CC_aarch64_unknown_linux_gnu
  CC_aarch64_unknown_linux_gnu = Some(gcc)
  cargo:rerun-if-env-changed=CC_KNOWN_WRAPPER_CUSTOM
  CC_KNOWN_WRAPPER_CUSTOM = None
  cargo:rerun-if-env-changed=CRATE_CC_NO_DEFAULTS
  CRATE_CC_NO_DEFAULTS = None
  cargo:rerun-if-env-changed=CFLAGS
  CFLAGS = None
  cargo:rerun-if-env-changed=HOST_CFLAGS
  HOST_CFLAGS = None
  cargo:rerun-if-env-changed=CFLAGS_aarch64_unknown_linux_gnu
  CFLAGS_aarch64_unknown_linux_gnu = None
  cargo:rerun-if-env-changed=CFLAGS_aarch64-unknown-linux-gnu
  CFLAGS_aarch64-unknown-linux-gnu = None
  cargo:rerun-if-env-changed=CC_aarch64-unknown-linux-gnu
  CC_aarch64-unknown-linux-gnu = None
  cargo:rerun-if-env-changed=CC_aarch64_unknown_linux_gnu
  CC_aarch64_unknown_linux_gnu = Some(gcc)
  cargo:rerun-if-env-changed=CC_KNOWN_WRAPPER_CUSTOM
  CC_KNOWN_WRAPPER_CUSTOM = None
  cargo:rerun-if-env-changed=CRATE_CC_NO_DEFAULTS
  CRATE_CC_NO_DEFAULTS = None
  cargo:rerun-if-env-changed=CFLAGS
  CFLAGS = None
  cargo:rerun-if-env-changed=HOST_CFLAGS
  HOST_CFLAGS = None
  cargo:rerun-if-env-changed=CFLAGS_aarch64_unknown_linux_gnu
  CFLAGS_aarch64_unknown_linux_gnu = None
  cargo:rerun-if-env-changed=CFLAGS_aarch64-unknown-linux-gnu
  CFLAGS_aarch64-unknown-linux-gnu = None
  cargo:rerun-if-env-changed=CC_aarch64-unknown-linux-gnu
  CC_aarch64-unknown-linux-gnu = None
  cargo:rerun-if-env-changed=CC_aarch64_unknown_linux_gnu
  CC_aarch64_unknown_linux_gnu = Some(gcc)
  cargo:rerun-if-env-changed=CC_KNOWN_WRAPPER_CUSTOM
  CC_KNOWN_WRAPPER_CUSTOM = None
  cargo:rerun-if-env-changed=CRATE_CC_NO_DEFAULTS
  CRATE_CC_NO_DEFAULTS = None
  cargo:rerun-if-env-changed=CFLAGS
  CFLAGS = None
  cargo:rerun-if-env-changed=HOST_CFLAGS
  HOST_CFLAGS = None
  cargo:rerun-if-env-changed=CFLAGS_aarch64_unknown_linux_gnu
  CFLAGS_aarch64_unknown_linux_gnu = None
  cargo:rerun-if-env-changed=CFLAGS_aarch64-unknown-linux-gnu
  CFLAGS_aarch64-unknown-linux-gnu = None
  cargo:rerun-if-env-changed=CC_aarch64-unknown-linux-gnu
  CC_aarch64-unknown-linux-gnu = None
  cargo:rerun-if-env-changed=CC_aarch64_unknown_linux_gnu
  CC_aarch64_unknown_linux_gnu = Some(gcc)
  cargo:rerun-if-env-changed=CC_KNOWN_WRAPPER_CUSTOM
  CC_KNOWN_WRAPPER_CUSTOM = None
  cargo:rerun-if-env-changed=CRATE_CC_NO_DEFAULTS
  CRATE_CC_NO_DEFAULTS = None
  cargo:rerun-if-env-changed=CFLAGS
  CFLAGS = None
  cargo:rerun-if-env-changed=HOST_CFLAGS
  HOST_CFLAGS = None
  cargo:rerun-if-env-changed=CFLAGS_aarch64_unknown_linux_gnu
  CFLAGS_aarch64_unknown_linux_gnu = None
  cargo:rerun-if-env-changed=CFLAGS_aarch64-unknown-linux-gnu
  CFLAGS_aarch64-unknown-linux-gnu = None
  exit status: 0
  exit status: 0
  exit status: 0
  exit status: 0
  exit status: 0
  exit status: 0
  exit status: 0
  exit status: 0
  cargo:rerun-if-env-changed=CC_aarch64-unknown-linux-gnu
  CC_aarch64-unknown-linux-gnu = None
  cargo:rerun-if-env-changed=CC_aarch64_unknown_linux_gnu
  CC_aarch64_unknown_linux_gnu = Some(gcc)
  cargo:rerun-if-env-changed=CC_KNOWN_WRAPPER_CUSTOM
  CC_KNOWN_WRAPPER_CUSTOM = None
  cargo:rerun-if-env-changed=CRATE_CC_NO_DEFAULTS
  CRATE_CC_NO_DEFAULTS = None
  cargo:rerun-if-env-changed=CFLAGS
  CFLAGS = None
  cargo:rerun-if-env-changed=HOST_CFLAGS
  HOST_CFLAGS = None
  cargo:rerun-if-env-changed=CFLAGS_aarch64_unknown_linux_gnu
  CFLAGS_aarch64_unknown_linux_gnu = None
  cargo:rerun-if-env-changed=CFLAGS_aarch64-unknown-linux-gnu
  CFLAGS_aarch64-unknown-linux-gnu = None
  cargo:rerun-if-env-changed=CC_aarch64-unknown-linux-gnu
  CC_aarch64-unknown-linux-gnu = None
  cargo:rerun-if-env-changed=CC_aarch64_unknown_linux_gnu
  CC_aarch64_unknown_linux_gnu = Some(gcc)
  cargo:rerun-if-env-changed=CC_KNOWN_WRAPPER_CUSTOM
  CC_KNOWN_WRAPPER_CUSTOM = None
  cargo:rerun-if-env-changed=CRATE_CC_NO_DEFAULTS
  CRATE_CC_NO_DEFAULTS = None
  cargo:rerun-if-env-changed=CFLAGS
  CFLAGS = None
  cargo:rerun-if-env-changed=HOST_CFLAGS
  HOST_CFLAGS = None
  cargo:rerun-if-env-changed=CFLAGS_aarch64_unknown_linux_gnu
  CFLAGS_aarch64_unknown_linux_gnu = None
  cargo:rerun-if-env-changed=CFLAGS_aarch64-unknown-linux-gnu
  CFLAGS_aarch64-unknown-linux-gnu = None
  cargo:rerun-if-env-changed=CC_aarch64-unknown-linux-gnu
  CC_aarch64-unknown-linux-gnu = None
  cargo:rerun-if-env-changed=CC_aarch64_unknown_linux_gnu
  CC_aarch64_unknown_linux_gnu = Some(gcc)
  cargo:rerun-if-env-changed=CC_KNOWN_WRAPPER_CUSTOM
  CC_KNOWN_WRAPPER_CUSTOM = None
  cargo:rerun-if-env-changed=CRATE_CC_NO_DEFAULTS
  CRATE_CC_NO_DEFAULTS = None
  cargo:rerun-if-env-changed=CFLAGS
  CFLAGS = None
  cargo:rerun-if-env-changed=HOST_CFLAGS
  HOST_CFLAGS = None
  cargo:rerun-if-env-changed=CFLAGS_aarch64_unknown_linux_gnu
  CFLAGS_aarch64_unknown_linux_gnu = None
  cargo:rerun-if-env-changed=CFLAGS_aarch64-unknown-linux-gnu
  CFLAGS_aarch64-unknown-linux-gnu = None
  cargo:rerun-if-env-changed=CC_aarch64-unknown-linux-gnu
  CC_aarch64-unknown-linux-gnu = None
  cargo:rerun-if-env-changed=CC_aarch64_unknown_linux_gnu
  CC_aarch64_unknown_linux_gnu = Some(gcc)
  cargo:rerun-if-env-changed=CC_KNOWN_WRAPPER_CUSTOM
  CC_KNOWN_WRAPPER_CUSTOM = None
  cargo:rerun-if-env-changed=CRATE_CC_NO_DEFAULTS
  CRATE_CC_NO_DEFAULTS = None
  cargo:rerun-if-env-changed=CFLAGS
  CFLAGS = None
  cargo:rerun-if-env-changed=HOST_CFLAGS
  HOST_CFLAGS = None
  cargo:rerun-if-env-changed=CFLAGS_aarch64_unknown_linux_gnu
  CFLAGS_aarch64_unknown_linux_gnu = None
  cargo:rerun-if-env-changed=CFLAGS_aarch64-unknown-linux-gnu
  CFLAGS_aarch64-unknown-linux-gnu = None
  cargo:rerun-if-env-changed=CC_aarch64-unknown-linux-gnu
  CC_aarch64-unknown-linux-gnu = None
  cargo:rerun-if-env-changed=CC_aarch64_unknown_linux_gnu
  CC_aarch64_unknown_linux_gnu = Some(gcc)
  cargo:rerun-if-env-changed=CC_KNOWN_WRAPPER_CUSTOM
  CC_KNOWN_WRAPPER_CUSTOM = None
  cargo:rerun-if-env-changed=CRATE_CC_NO_DEFAULTS
  CRATE_CC_NO_DEFAULTS = None
  cargo:rerun-if-env-changed=CFLAGS
  CFLAGS = None
  cargo:rerun-if-env-changed=HOST_CFLAGS
  HOST_CFLAGS = None
  cargo:rerun-if-env-changed=CFLAGS_aarch64_unknown_linux_gnu
  CFLAGS_aarch64_unknown_linux_gnu = None
  cargo:rerun-if-env-changed=CFLAGS_aarch64-unknown-linux-gnu
  CFLAGS_aarch64-unknown-linux-gnu = None
  cargo:rerun-if-env-changed=CC_aarch64-unknown-linux-gnu
  CC_aarch64-unknown-linux-gnu = None
  cargo:rerun-if-env-changed=CC_aarch64_unknown_linux_gnu
  CC_aarch64_unknown_linux_gnu = Some(gcc)
  cargo:rerun-if-env-changed=CC_KNOWN_WRAPPER_CUSTOM
  CC_KNOWN_WRAPPER_CUSTOM = None
  cargo:rerun-if-env-changed=CRATE_CC_NO_DEFAULTS
  CRATE_CC_NO_DEFAULTS = None
  cargo:rerun-if-env-changed=CFLAGS
  CFLAGS = None
  cargo:rerun-if-env-changed=HOST_CFLAGS
  HOST_CFLAGS = None
  cargo:rerun-if-env-changed=CFLAGS_aarch64_unknown_linux_gnu
  CFLAGS_aarch64_unknown_linux_gnu = None
  cargo:rerun-if-env-changed=CFLAGS_aarch64-unknown-linux-gnu
  CFLAGS_aarch64-unknown-linux-gnu = None
  cargo:rerun-if-env-changed=CC_aarch64-unknown-linux-gnu
  CC_aarch64-unknown-linux-gnu = None
  cargo:rerun-if-env-changed=CC_aarch64_unknown_linux_gnu
  CC_aarch64_unknown_linux_gnu = Some(gcc)
  cargo:rerun-if-env-changed=CC_KNOWN_WRAPPER_CUSTOM
  CC_KNOWN_WRAPPER_CUSTOM = None
  cargo:rerun-if-env-changed=CRATE_CC_NO_DEFAULTS
  CRATE_CC_NO_DEFAULTS = None
  cargo:rerun-if-env-changed=CFLAGS
  CFLAGS = None
  cargo:rerun-if-env-changed=HOST_CFLAGS
  HOST_CFLAGS = None
  cargo:rerun-if-env-changed=CFLAGS_aarch64_unknown_linux_gnu
  CFLAGS_aarch64_unknown_linux_gnu = None
  cargo:rerun-if-env-changed=CFLAGS_aarch64-unknown-linux-gnu
  CFLAGS_aarch64-unknown-linux-gnu = None
  cargo:rerun-if-env-changed=CC_aarch64-unknown-linux-gnu
  CC_aarch64-unknown-linux-gnu = None
  cargo:rerun-if-env-changed=CC_aarch64_unknown_linux_gnu
  CC_aarch64_unknown_linux_gnu = Some(gcc)
  cargo:rerun-if-env-changed=CC_KNOWN_WRAPPER_CUSTOM
  CC_KNOWN_WRAPPER_CUSTOM = None
  cargo:rerun-if-env-changed=CRATE_CC_NO_DEFAULTS
  CRATE_CC_NO_DEFAULTS = None
  cargo:rerun-if-env-changed=CFLAGS
  CFLAGS = None
  cargo:rerun-if-env-changed=HOST_CFLAGS
  HOST_CFLAGS = None
  cargo:rerun-if-env-changed=CFLAGS_aarch64_unknown_linux_gnu
  CFLAGS_aarch64_unknown_linux_gnu = None
  cargo:rerun-if-env-changed=CFLAGS_aarch64-unknown-linux-gnu
  CFLAGS_aarch64-unknown-linux-gnu = None
  exit status: 0
  exit status: 0
  exit status: 0
  exit status: 0
  exit status: 0
  exit status: 0
  exit status: 0
  exit status: 0
  cargo:rerun-if-env-changed=CC_aarch64-unknown-linux-gnu
  CC_aarch64-unknown-linux-gnu = None
  cargo:rerun-if-env-changed=CC_aarch64_unknown_linux_gnu
  CC_aarch64_unknown_linux_gnu = Some(gcc)
  cargo:rerun-if-env-changed=CC_KNOWN_WRAPPER_CUSTOM
  CC_KNOWN_WRAPPER_CUSTOM = None
  cargo:rerun-if-env-changed=CRATE_CC_NO_DEFAULTS
  CRATE_CC_NO_DEFAULTS = None
  cargo:rerun-if-env-changed=CFLAGS
  CFLAGS = None
  cargo:rerun-if-env-changed=HOST_CFLAGS
  HOST_CFLAGS = None
  cargo:rerun-if-env-changed=CFLAGS_aarch64_unknown_linux_gnu
  CFLAGS_aarch64_unknown_linux_gnu = None
  cargo:rerun-if-env-changed=CFLAGS_aarch64-unknown-linux-gnu
  CFLAGS_aarch64-unknown-linux-gnu = None
  cargo:rerun-if-env-changed=CC_aarch64-unknown-linux-gnu
  CC_aarch64-unknown-linux-gnu = None
  cargo:rerun-if-env-changed=CC_aarch64_unknown_linux_gnu
  CC_aarch64_unknown_linux_gnu = Some(gcc)
  cargo:rerun-if-env-changed=CC_KNOWN_WRAPPER_CUSTOM
  CC_KNOWN_WRAPPER_CUSTOM = None
  cargo:rerun-if-env-changed=CRATE_CC_NO_DEFAULTS
  CRATE_CC_NO_DEFAULTS = None
  cargo:rerun-if-env-changed=CFLAGS
  CFLAGS = None
  cargo:rerun-if-env-changed=HOST_CFLAGS
  HOST_CFLAGS = None
  cargo:rerun-if-env-changed=CFLAGS_aarch64_unknown_linux_gnu
  CFLAGS_aarch64_unknown_linux_gnu = None
  cargo:rerun-if-env-changed=CFLAGS_aarch64-unknown-linux-gnu
  CFLAGS_aarch64-unknown-linux-gnu = None
  cargo:rerun-if-env-changed=CC_aarch64-unknown-linux-gnu
  CC_aarch64-unknown-linux-gnu = None
  cargo:rerun-if-env-changed=CC_aarch64_unknown_linux_gnu
  CC_aarch64_unknown_linux_gnu = Some(gcc)
  cargo:rerun-if-env-changed=CC_KNOWN_WRAPPER_CUSTOM
  CC_KNOWN_WRAPPER_CUSTOM = None
  cargo:rerun-if-env-changed=CRATE_CC_NO_DEFAULTS
  CRATE_CC_NO_DEFAULTS = None
  cargo:rerun-if-env-changed=CFLAGS
  CFLAGS = None
  cargo:rerun-if-env-changed=HOST_CFLAGS
  HOST_CFLAGS = None
  cargo:rerun-if-env-changed=CFLAGS_aarch64_unknown_linux_gnu
  CFLAGS_aarch64_unknown_linux_gnu = None
  cargo:rerun-if-env-changed=CFLAGS_aarch64-unknown-linux-gnu
  CFLAGS_aarch64-unknown-linux-gnu = None
  cargo:rerun-if-env-changed=CC_aarch64-unknown-linux-gnu
  CC_aarch64-unknown-linux-gnu = None
  cargo:rerun-if-env-changed=CC_aarch64_unknown_linux_gnu
  CC_aarch64_unknown_linux_gnu = Some(gcc)
  cargo:rerun-if-env-changed=CC_KNOWN_WRAPPER_CUSTOM
  CC_KNOWN_WRAPPER_CUSTOM = None
  cargo:rerun-if-env-changed=CRATE_CC_NO_DEFAULTS
  CRATE_CC_NO_DEFAULTS = None
  cargo:rerun-if-env-changed=CFLAGS
  CFLAGS = None
  cargo:rerun-if-env-changed=HOST_CFLAGS
  HOST_CFLAGS = None
  cargo:rerun-if-env-changed=CFLAGS_aarch64_unknown_linux_gnu
  CFLAGS_aarch64_unknown_linux_gnu = None
  cargo:rerun-if-env-changed=CFLAGS_aarch64-unknown-linux-gnu
  CFLAGS_aarch64-unknown-linux-gnu = None
  cargo:rerun-if-env-changed=CC_aarch64-unknown-linux-gnu
  CC_aarch64-unknown-linux-gnu = None
  cargo:rerun-if-env-changed=CC_aarch64_unknown_linux_gnu
  CC_aarch64_unknown_linux_gnu = Some(gcc)
  cargo:rerun-if-env-changed=CC_KNOWN_WRAPPER_CUSTOM
  CC_KNOWN_WRAPPER_CUSTOM = None
  cargo:rerun-if-env-changed=CRATE_CC_NO_DEFAULTS
  CRATE_CC_NO_DEFAULTS = None
  cargo:rerun-if-env-changed=CFLAGS
  CFLAGS = None
  cargo:rerun-if-env-changed=HOST_CFLAGS
  HOST_CFLAGS = None
  cargo:rerun-if-env-changed=CFLAGS_aarch64_unknown_linux_gnu
  CFLAGS_aarch64_unknown_linux_gnu = None
  cargo:rerun-if-env-changed=CFLAGS_aarch64-unknown-linux-gnu
  CFLAGS_aarch64-unknown-linux-gnu = None
  cargo:rerun-if-env-changed=CC_aarch64-unknown-linux-gnu
  CC_aarch64-unknown-linux-gnu = None
  cargo:rerun-if-env-changed=CC_aarch64_unknown_linux_gnu
  CC_aarch64_unknown_linux_gnu = Some(gcc)
  cargo:rerun-if-env-changed=CC_KNOWN_WRAPPER_CUSTOM
  CC_KNOWN_WRAPPER_CUSTOM = None
  cargo:rerun-if-env-changed=CRATE_CC_NO_DEFAULTS
  CRATE_CC_NO_DEFAULTS = None
  cargo:rerun-if-env-changed=CFLAGS
  CFLAGS = None
  cargo:rerun-if-env-changed=HOST_CFLAGS
  HOST_CFLAGS = None
  cargo:rerun-if-env-changed=CFLAGS_aarch64_unknown_linux_gnu
  CFLAGS_aarch64_unknown_linux_gnu = None
  cargo:rerun-if-env-changed=CFLAGS_aarch64-unknown-linux-gnu
  CFLAGS_aarch64-unknown-linux-gnu = None
  cargo:rerun-if-env-changed=CC_aarch64-unknown-linux-gnu
  CC_aarch64-unknown-linux-gnu = None
  cargo:rerun-if-env-changed=CC_aarch64_unknown_linux_gnu
  CC_aarch64_unknown_linux_gnu = Some(gcc)
  cargo:rerun-if-env-changed=CC_KNOWN_WRAPPER_CUSTOM
  CC_KNOWN_WRAPPER_CUSTOM = None
  cargo:rerun-if-env-changed=CRATE_CC_NO_DEFAULTS
  CRATE_CC_NO_DEFAULTS = None
  cargo:rerun-if-env-changed=CFLAGS
  CFLAGS = None
  cargo:rerun-if-env-changed=HOST_CFLAGS
  HOST_CFLAGS = None
  cargo:rerun-if-env-changed=CFLAGS_aarch64_unknown_linux_gnu
  CFLAGS_aarch64_unknown_linux_gnu = None
  cargo:rerun-if-env-changed=CFLAGS_aarch64-unknown-linux-gnu
  CFLAGS_aarch64-unknown-linux-gnu = None
  cargo:rerun-if-env-changed=CC_aarch64-unknown-linux-gnu
  CC_aarch64-unknown-linux-gnu = None
  cargo:rerun-if-env-changed=CC_aarch64_unknown_linux_gnu
  CC_aarch64_unknown_linux_gnu = Some(gcc)
  cargo:rerun-if-env-changed=CC_KNOWN_WRAPPER_CUSTOM
  CC_KNOWN_WRAPPER_CUSTOM = None
  cargo:rerun-if-env-changed=CRATE_CC_NO_DEFAULTS
  CRATE_CC_NO_DEFAULTS = None
  cargo:rerun-if-env-changed=CFLAGS
  CFLAGS = None
  cargo:rerun-if-env-changed=HOST_CFLAGS
  HOST_CFLAGS = None
  cargo:rerun-if-env-changed=CFLAGS_aarch64_unknown_linux_gnu
  CFLAGS_aarch64_unknown_linux_gnu = None
  cargo:rerun-if-env-changed=CFLAGS_aarch64-unknown-linux-gnu
  CFLAGS_aarch64-unknown-linux-gnu = None
  exit status: 0
  exit status: 0
  exit status: 0
  exit status: 0
  exit status: 0
  exit status: 0
  exit status: 0
  exit status: 0
  cargo:rerun-if-env-changed=CC_aarch64-unknown-linux-gnu
  CC_aarch64-unknown-linux-gnu = None
  cargo:rerun-if-env-changed=CC_aarch64_unknown_linux_gnu
  CC_aarch64_unknown_linux_gnu = Some(gcc)
  cargo:rerun-if-env-changed=CC_KNOWN_WRAPPER_CUSTOM
  CC_KNOWN_WRAPPER_CUSTOM = None
  cargo:rerun-if-env-changed=CRATE_CC_NO_DEFAULTS
  CRATE_CC_NO_DEFAULTS = None
  cargo:rerun-if-env-changed=CFLAGS
  CFLAGS = None
  cargo:rerun-if-env-changed=HOST_CFLAGS
  HOST_CFLAGS = None
  cargo:rerun-if-env-changed=CFLAGS_aarch64_unknown_linux_gnu
  CFLAGS_aarch64_unknown_linux_gnu = None
  cargo:rerun-if-env-changed=CFLAGS_aarch64-unknown-linux-gnu
  CFLAGS_aarch64-unknown-linux-gnu = None
  cargo:rerun-if-env-changed=CC_aarch64-unknown-linux-gnu
  CC_aarch64-unknown-linux-gnu = None
  cargo:rerun-if-env-changed=CC_aarch64_unknown_linux_gnu
  CC_aarch64_unknown_linux_gnu = Some(gcc)
  cargo:rerun-if-env-changed=CC_KNOWN_WRAPPER_CUSTOM
  CC_KNOWN_WRAPPER_CUSTOM = None
  cargo:rerun-if-env-changed=CRATE_CC_NO_DEFAULTS
  CRATE_CC_NO_DEFAULTS = None
  cargo:rerun-if-env-changed=CFLAGS
  CFLAGS = None
  cargo:rerun-if-env-changed=HOST_CFLAGS
  HOST_CFLAGS = None
  cargo:rerun-if-env-changed=CFLAGS_aarch64_unknown_linux_gnu
  CFLAGS_aarch64_unknown_linux_gnu = None
  cargo:rerun-if-env-changed=CFLAGS_aarch64-unknown-linux-gnu
  CFLAGS_aarch64-unknown-linux-gnu = None
  cargo:rerun-if-env-changed=CC_aarch64-unknown-linux-gnu
  CC_aarch64-unknown-linux-gnu = None
  cargo:rerun-if-env-changed=CC_aarch64_unknown_linux_gnu
  CC_aarch64_unknown_linux_gnu = Some(gcc)
  cargo:rerun-if-env-changed=CC_KNOWN_WRAPPER_CUSTOM
  CC_KNOWN_WRAPPER_CUSTOM = None
  cargo:rerun-if-env-changed=CRATE_CC_NO_DEFAULTS
  CRATE_CC_NO_DEFAULTS = None
  cargo:rerun-if-env-changed=CFLAGS
  CFLAGS = None
  cargo:rerun-if-env-changed=HOST_CFLAGS
  HOST_CFLAGS = None
  cargo:rerun-if-env-changed=CFLAGS_aarch64_unknown_linux_gnu
  CFLAGS_aarch64_unknown_linux_gnu = None
  cargo:rerun-if-env-changed=CFLAGS_aarch64-unknown-linux-gnu
  CFLAGS_aarch64-unknown-linux-gnu = None
  cargo:rerun-if-env-changed=CC_aarch64-unknown-linux-gnu
  CC_aarch64-unknown-linux-gnu = None
  cargo:rerun-if-env-changed=CC_aarch64_unknown_linux_gnu
  CC_aarch64_unknown_linux_gnu = Some(gcc)
  cargo:rerun-if-env-changed=CC_KNOWN_WRAPPER_CUSTOM
  CC_KNOWN_WRAPPER_CUSTOM = None
  cargo:rerun-if-env-changed=CRATE_CC_NO_DEFAULTS
  CRATE_CC_NO_DEFAULTS = None
  cargo:rerun-if-env-changed=CFLAGS
  CFLAGS = None
  cargo:rerun-if-env-changed=HOST_CFLAGS
  HOST_CFLAGS = None
  cargo:rerun-if-env-changed=CFLAGS_aarch64_unknown_linux_gnu
  CFLAGS_aarch64_unknown_linux_gnu = None
  cargo:rerun-if-env-changed=CFLAGS_aarch64-unknown-linux-gnu
  CFLAGS_aarch64-unknown-linux-gnu = None
  cargo:rerun-if-env-changed=CC_aarch64-unknown-linux-gnu
  CC_aarch64-unknown-linux-gnu = None
  cargo:rerun-if-env-changed=CC_aarch64_unknown_linux_gnu
  CC_aarch64_unknown_linux_gnu = Some(gcc)
  cargo:rerun-if-env-changed=CC_KNOWN_WRAPPER_CUSTOM
  CC_KNOWN_WRAPPER_CUSTOM = None
  cargo:rerun-if-env-changed=CRATE_CC_NO_DEFAULTS
  CRATE_CC_NO_DEFAULTS = None
  cargo:rerun-if-env-changed=CFLAGS
  CFLAGS = None
  cargo:rerun-if-env-changed=HOST_CFLAGS
  HOST_CFLAGS = None
  cargo:rerun-if-env-changed=CFLAGS_aarch64_unknown_linux_gnu
  CFLAGS_aarch64_unknown_linux_gnu = None
  cargo:rerun-if-env-changed=CFLAGS_aarch64-unknown-linux-gnu
  CFLAGS_aarch64-unknown-linux-gnu = None
  cargo:rerun-if-env-changed=CC_aarch64-unknown-linux-gnu
  CC_aarch64-unknown-linux-gnu = None
  cargo:rerun-if-env-changed=CC_aarch64_unknown_linux_gnu
  CC_aarch64_unknown_linux_gnu = Some(gcc)
  cargo:rerun-if-env-changed=CC_KNOWN_WRAPPER_CUSTOM
  CC_KNOWN_WRAPPER_CUSTOM = None
  cargo:rerun-if-env-changed=CRATE_CC_NO_DEFAULTS
  CRATE_CC_NO_DEFAULTS = None
  cargo:rerun-if-env-changed=CFLAGS
  CFLAGS = None
  cargo:rerun-if-env-changed=HOST_CFLAGS
  HOST_CFLAGS = None
  cargo:rerun-if-env-changed=CFLAGS_aarch64_unknown_linux_gnu
  CFLAGS_aarch64_unknown_linux_gnu = None
  cargo:rerun-if-env-changed=CFLAGS_aarch64-unknown-linux-gnu
  CFLAGS_aarch64-unknown-linux-gnu = None
  cargo:rerun-if-env-changed=CC_aarch64-unknown-linux-gnu
  CC_aarch64-unknown-linux-gnu = None
  cargo:rerun-if-env-changed=CC_aarch64_unknown_linux_gnu
  CC_aarch64_unknown_linux_gnu = Some(gcc)
  cargo:rerun-if-env-changed=CC_KNOWN_WRAPPER_CUSTOM
  CC_KNOWN_WRAPPER_CUSTOM = None
  cargo:rerun-if-env-changed=CRATE_CC_NO_DEFAULTS
  CRATE_CC_NO_DEFAULTS = None
  cargo:rerun-if-env-changed=CFLAGS
  CFLAGS = None
  cargo:rerun-if-env-changed=HOST_CFLAGS
  HOST_CFLAGS = None
  cargo:rerun-if-env-changed=CFLAGS_aarch64_unknown_linux_gnu
  CFLAGS_aarch64_unknown_linux_gnu = None
  cargo:rerun-if-env-changed=CFLAGS_aarch64-unknown-linux-gnu
  CFLAGS_aarch64-unknown-linux-gnu = None
  cargo:rerun-if-env-changed=CC_aarch64-unknown-linux-gnu
  CC_aarch64-unknown-linux-gnu = None
  cargo:rerun-if-env-changed=CC_aarch64_unknown_linux_gnu
  CC_aarch64_unknown_linux_gnu = Some(gcc)
  cargo:rerun-if-env-changed=CC_KNOWN_WRAPPER_CUSTOM
  CC_KNOWN_WRAPPER_CUSTOM = None
  cargo:rerun-if-env-changed=CRATE_CC_NO_DEFAULTS
  CRATE_CC_NO_DEFAULTS = None
  cargo:rerun-if-env-changed=CFLAGS
  CFLAGS = None
  cargo:rerun-if-env-changed=HOST_CFLAGS
  HOST_CFLAGS = None
  cargo:rerun-if-env-changed=CFLAGS_aarch64_unknown_linux_gnu
  CFLAGS_aarch64_unknown_linux_gnu = None
  cargo:rerun-if-env-changed=CFLAGS_aarch64-unknown-linux-gnu
  CFLAGS_aarch64-unknown-linux-gnu = None
  exit status: 0
  exit status: 0
  exit status: 0
  exit status: 0
  exit status: 0
  exit status: 0
  exit status: 0
  exit status: 0
  cargo:rerun-if-env-changed=CC_aarch64-unknown-linux-gnu
  CC_aarch64-unknown-linux-gnu = None
  cargo:rerun-if-env-changed=CC_aarch64_unknown_linux_gnu
  CC_aarch64_unknown_linux_gnu = Some(gcc)
  cargo:rerun-if-env-changed=CC_KNOWN_WRAPPER_CUSTOM
  CC_KNOWN_WRAPPER_CUSTOM = None
  cargo:rerun-if-env-changed=CRATE_CC_NO_DEFAULTS
  CRATE_CC_NO_DEFAULTS = None
  cargo:rerun-if-env-changed=CFLAGS
  CFLAGS = None
  cargo:rerun-if-env-changed=HOST_CFLAGS
  HOST_CFLAGS = None
  cargo:rerun-if-env-changed=CFLAGS_aarch64_unknown_linux_gnu
  CFLAGS_aarch64_unknown_linux_gnu = None
  cargo:rerun-if-env-changed=CFLAGS_aarch64-unknown-linux-gnu
  CFLAGS_aarch64-unknown-linux-gnu = None
  cargo:rerun-if-env-changed=CC_aarch64-unknown-linux-gnu
  CC_aarch64-unknown-linux-gnu = None
  cargo:rerun-if-env-changed=CC_aarch64_unknown_linux_gnu
  CC_aarch64_unknown_linux_gnu = Some(gcc)
  cargo:rerun-if-env-changed=CC_KNOWN_WRAPPER_CUSTOM
  CC_KNOWN_WRAPPER_CUSTOM = None
  cargo:rerun-if-env-changed=CRATE_CC_NO_DEFAULTS
  CRATE_CC_NO_DEFAULTS = None
  cargo:rerun-if-env-changed=CFLAGS
  CFLAGS = None
  cargo:rerun-if-env-changed=HOST_CFLAGS
  HOST_CFLAGS = None
  cargo:rerun-if-env-changed=CFLAGS_aarch64_unknown_linux_gnu
  CFLAGS_aarch64_unknown_linux_gnu = None
  cargo:rerun-if-env-changed=CFLAGS_aarch64-unknown-linux-gnu
  CFLAGS_aarch64-unknown-linux-gnu = None
  cargo:rerun-if-env-changed=CC_aarch64-unknown-linux-gnu
  CC_aarch64-unknown-linux-gnu = None
  cargo:rerun-if-env-changed=CC_aarch64_unknown_linux_gnu
  CC_aarch64_unknown_linux_gnu = Some(gcc)
  cargo:rerun-if-env-changed=CC_KNOWN_WRAPPER_CUSTOM
  CC_KNOWN_WRAPPER_CUSTOM = None
  cargo:rerun-if-env-changed=CRATE_CC_NO_DEFAULTS
  CRATE_CC_NO_DEFAULTS = None
  cargo:rerun-if-env-changed=CFLAGS
  CFLAGS = None
  cargo:rerun-if-env-changed=HOST_CFLAGS
  HOST_CFLAGS = None
  cargo:rerun-if-env-changed=CFLAGS_aarch64_unknown_linux_gnu
  CFLAGS_aarch64_unknown_linux_gnu = None
  cargo:rerun-if-env-changed=CFLAGS_aarch64-unknown-linux-gnu
  CFLAGS_aarch64-unknown-linux-gnu = None
  cargo:rerun-if-env-changed=CC_aarch64-unknown-linux-gnu
  CC_aarch64-unknown-linux-gnu = None
  cargo:rerun-if-env-changed=CC_aarch64_unknown_linux_gnu
  CC_aarch64_unknown_linux_gnu = Some(gcc)
  cargo:rerun-if-env-changed=CC_KNOWN_WRAPPER_CUSTOM
  CC_KNOWN_WRAPPER_CUSTOM = None
  cargo:rerun-if-env-changed=CRATE_CC_NO_DEFAULTS
  CRATE_CC_NO_DEFAULTS = None
  cargo:rerun-if-env-changed=CFLAGS
  CFLAGS = None
  cargo:rerun-if-env-changed=HOST_CFLAGS
  HOST_CFLAGS = None
  cargo:rerun-if-env-changed=CFLAGS_aarch64_unknown_linux_gnu
  CFLAGS_aarch64_unknown_linux_gnu = None
  cargo:rerun-if-env-changed=CFLAGS_aarch64-unknown-linux-gnu
  CFLAGS_aarch64-unknown-linux-gnu = None
  cargo:rerun-if-env-changed=CC_aarch64-unknown-linux-gnu
  CC_aarch64-unknown-linux-gnu = None
  cargo:rerun-if-env-changed=CC_aarch64_unknown_linux_gnu
  CC_aarch64_unknown_linux_gnu = Some(gcc)
  cargo:rerun-if-env-changed=CC_KNOWN_WRAPPER_CUSTOM
  CC_KNOWN_WRAPPER_CUSTOM = None
  cargo:rerun-if-env-changed=CRATE_CC_NO_DEFAULTS
  CRATE_CC_NO_DEFAULTS = None
  cargo:rerun-if-env-changed=CFLAGS
  CFLAGS = None
  cargo:rerun-if-env-changed=HOST_CFLAGS
  HOST_CFLAGS = None
  cargo:rerun-if-env-changed=CFLAGS_aarch64_unknown_linux_gnu
  CFLAGS_aarch64_unknown_linux_gnu = None
  cargo:rerun-if-env-changed=CFLAGS_aarch64-unknown-linux-gnu
  CFLAGS_aarch64-unknown-linux-gnu = None
  cargo:rerun-if-env-changed=CC_aarch64-unknown-linux-gnu
  CC_aarch64-unknown-linux-gnu = None
  cargo:rerun-if-env-changed=CC_aarch64_unknown_linux_gnu
  CC_aarch64_unknown_linux_gnu = Some(gcc)
  cargo:rerun-if-env-changed=CC_KNOWN_WRAPPER_CUSTOM
  CC_KNOWN_WRAPPER_CUSTOM = None
  cargo:rerun-if-env-changed=CRATE_CC_NO_DEFAULTS
  CRATE_CC_NO_DEFAULTS = None
  cargo:rerun-if-env-changed=CFLAGS
  CFLAGS = None
  cargo:rerun-if-env-changed=HOST_CFLAGS
  HOST_CFLAGS = None
  cargo:rerun-if-env-changed=CFLAGS_aarch64_unknown_linux_gnu
  CFLAGS_aarch64_unknown_linux_gnu = None
  cargo:rerun-if-env-changed=CFLAGS_aarch64-unknown-linux-gnu
  CFLAGS_aarch64-unknown-linux-gnu = None
  cargo:rerun-if-env-changed=CC_aarch64-unknown-linux-gnu
  CC_aarch64-unknown-linux-gnu = None
  cargo:rerun-if-env-changed=CC_aarch64_unknown_linux_gnu
  CC_aarch64_unknown_linux_gnu = Some(gcc)
  cargo:rerun-if-env-changed=CC_KNOWN_WRAPPER_CUSTOM
  CC_KNOWN_WRAPPER_CUSTOM = None
  cargo:rerun-if-env-changed=CRATE_CC_NO_DEFAULTS
  CRATE_CC_NO_DEFAULTS = None
  cargo:rerun-if-env-changed=CFLAGS
  CFLAGS = None
  cargo:rerun-if-env-changed=HOST_CFLAGS
  HOST_CFLAGS = None
  cargo:rerun-if-env-changed=CFLAGS_aarch64_unknown_linux_gnu
  CFLAGS_aarch64_unknown_linux_gnu = None
  cargo:rerun-if-env-changed=CFLAGS_aarch64-unknown-linux-gnu
  CFLAGS_aarch64-unknown-linux-gnu = None
  cargo:rerun-if-env-changed=CC_aarch64-unknown-linux-gnu
  CC_aarch64-unknown-linux-gnu = None
  cargo:rerun-if-env-changed=CC_aarch64_unknown_linux_gnu
  CC_aarch64_unknown_linux_gnu = Some(gcc)
  cargo:rerun-if-env-changed=CC_KNOWN_WRAPPER_CUSTOM
  CC_KNOWN_WRAPPER_CUSTOM = None
  cargo:rerun-if-env-changed=CRATE_CC_NO_DEFAULTS
  CRATE_CC_NO_DEFAULTS = None
  cargo:rerun-if-env-changed=CFLAGS
  CFLAGS = None
  cargo:rerun-if-env-changed=HOST_CFLAGS
  HOST_CFLAGS = None
  cargo:rerun-if-env-changed=CFLAGS_aarch64_unknown_linux_gnu
  CFLAGS_aarch64_unknown_linux_gnu = None
  cargo:rerun-if-env-changed=CFLAGS_aarch64-unknown-linux-gnu
  CFLAGS_aarch64-unknown-linux-gnu = None
  exit status: 0
  exit status: 0
  exit status: 0
  exit status: 0
  exit status: 0
  exit status: 0
  exit status: 0
  exit status: 0
  cargo:rerun-if-env-changed=CC_aarch64-unknown-linux-gnu
  CC_aarch64-unknown-linux-gnu = None
  cargo:rerun-if-env-changed=CC_aarch64_unknown_linux_gnu
  CC_aarch64_unknown_linux_gnu = Some(gcc)
  cargo:rerun-if-env-changed=CC_KNOWN_WRAPPER_CUSTOM
  CC_KNOWN_WRAPPER_CUSTOM = None
  cargo:rerun-if-env-changed=CRATE_CC_NO_DEFAULTS
  CRATE_CC_NO_DEFAULTS = None
  cargo:rerun-if-env-changed=CFLAGS
  CFLAGS = None
  cargo:rerun-if-env-changed=HOST_CFLAGS
  HOST_CFLAGS = None
  cargo:rerun-if-env-changed=CFLAGS_aarch64_unknown_linux_gnu
  CFLAGS_aarch64_unknown_linux_gnu = None
  cargo:rerun-if-env-changed=CFLAGS_aarch64-unknown-linux-gnu
  CFLAGS_aarch64-unknown-linux-gnu = None
  cargo:rerun-if-env-changed=CC_aarch64-unknown-linux-gnu
  CC_aarch64-unknown-linux-gnu = None
  cargo:rerun-if-env-changed=CC_aarch64_unknown_linux_gnu
  CC_aarch64_unknown_linux_gnu = Some(gcc)
  cargo:rerun-if-env-changed=CC_KNOWN_WRAPPER_CUSTOM
  CC_KNOWN_WRAPPER_CUSTOM = None
  cargo:rerun-if-env-changed=CRATE_CC_NO_DEFAULTS
  CRATE_CC_NO_DEFAULTS = None
  cargo:rerun-if-env-changed=CFLAGS
  CFLAGS = None
  cargo:rerun-if-env-changed=HOST_CFLAGS
  HOST_CFLAGS = None
  cargo:rerun-if-env-changed=CFLAGS_aarch64_unknown_linux_gnu
  CFLAGS_aarch64_unknown_linux_gnu = None
  cargo:rerun-if-env-changed=CFLAGS_aarch64-unknown-linux-gnu
  CFLAGS_aarch64-unknown-linux-gnu = None
  cargo:rerun-if-env-changed=CC_aarch64-unknown-linux-gnu
  CC_aarch64-unknown-linux-gnu = None
  cargo:rerun-if-env-changed=CC_aarch64_unknown_linux_gnu
  CC_aarch64_unknown_linux_gnu = Some(gcc)
  cargo:rerun-if-env-changed=CC_KNOWN_WRAPPER_CUSTOM
  CC_KNOWN_WRAPPER_CUSTOM = None
  cargo:rerun-if-env-changed=CRATE_CC_NO_DEFAULTS
  CRATE_CC_NO_DEFAULTS = None
  cargo:rerun-if-env-changed=CFLAGS
  CFLAGS = None
  cargo:rerun-if-env-changed=HOST_CFLAGS
  HOST_CFLAGS = None
  cargo:rerun-if-env-changed=CFLAGS_aarch64_unknown_linux_gnu
  CFLAGS_aarch64_unknown_linux_gnu = None
  cargo:rerun-if-env-changed=CFLAGS_aarch64-unknown-linux-gnu
  CFLAGS_aarch64-unknown-linux-gnu = None
  cargo:rerun-if-env-changed=CC_aarch64-unknown-linux-gnu
  CC_aarch64-unknown-linux-gnu = None
  cargo:rerun-if-env-changed=CC_aarch64_unknown_linux_gnu
  CC_aarch64_unknown_linux_gnu = Some(gcc)
  cargo:rerun-if-env-changed=CC_KNOWN_WRAPPER_CUSTOM
  CC_KNOWN_WRAPPER_CUSTOM = None
  cargo:rerun-if-env-changed=CRATE_CC_NO_DEFAULTS
  CRATE_CC_NO_DEFAULTS = None
  cargo:rerun-if-env-changed=CFLAGS
  CFLAGS = None
  cargo:rerun-if-env-changed=HOST_CFLAGS
  HOST_CFLAGS = None
  cargo:rerun-if-env-changed=CFLAGS_aarch64_unknown_linux_gnu
  CFLAGS_aarch64_unknown_linux_gnu = None
  cargo:rerun-if-env-changed=CFLAGS_aarch64-unknown-linux-gnu
  CFLAGS_aarch64-unknown-linux-gnu = None
  cargo:rerun-if-env-changed=CC_aarch64-unknown-linux-gnu
  CC_aarch64-unknown-linux-gnu = None
  cargo:rerun-if-env-changed=CC_aarch64_unknown_linux_gnu
  CC_aarch64_unknown_linux_gnu = Some(gcc)
  cargo:rerun-if-env-changed=CC_KNOWN_WRAPPER_CUSTOM
  CC_KNOWN_WRAPPER_CUSTOM = None
  cargo:rerun-if-env-changed=CRATE_CC_NO_DEFAULTS
  CRATE_CC_NO_DEFAULTS = None
  cargo:rerun-if-env-changed=CFLAGS
  CFLAGS = None
  cargo:rerun-if-env-changed=HOST_CFLAGS
  HOST_CFLAGS = None
  cargo:rerun-if-env-changed=CFLAGS_aarch64_unknown_linux_gnu
  CFLAGS_aarch64_unknown_linux_gnu = None
  cargo:rerun-if-env-changed=CFLAGS_aarch64-unknown-linux-gnu
  CFLAGS_aarch64-unknown-linux-gnu = None
  cargo:rerun-if-env-changed=CC_aarch64-unknown-linux-gnu
  CC_aarch64-unknown-linux-gnu = None
  cargo:rerun-if-env-changed=CC_aarch64_unknown_linux_gnu
  CC_aarch64_unknown_linux_gnu = Some(gcc)
  cargo:rerun-if-env-changed=CC_KNOWN_WRAPPER_CUSTOM
  CC_KNOWN_WRAPPER_CUSTOM = None
  cargo:rerun-if-env-changed=CRATE_CC_NO_DEFAULTS
  CRATE_CC_NO_DEFAULTS = None
  cargo:rerun-if-env-changed=CFLAGS
  CFLAGS = None
  cargo:rerun-if-env-changed=HOST_CFLAGS
  HOST_CFLAGS = None
  cargo:rerun-if-env-changed=CFLAGS_aarch64_unknown_linux_gnu
  CFLAGS_aarch64_unknown_linux_gnu = None
  cargo:rerun-if-env-changed=CFLAGS_aarch64-unknown-linux-gnu
  CFLAGS_aarch64-unknown-linux-gnu = None
  cargo:rerun-if-env-changed=CC_aarch64-unknown-linux-gnu
  CC_aarch64-unknown-linux-gnu = None
  cargo:rerun-if-env-changed=CC_aarch64_unknown_linux_gnu
  CC_aarch64_unknown_linux_gnu = Some(gcc)
  cargo:rerun-if-env-changed=CC_KNOWN_WRAPPER_CUSTOM
  CC_KNOWN_WRAPPER_CUSTOM = None
  cargo:rerun-if-env-changed=CRATE_CC_NO_DEFAULTS
  CRATE_CC_NO_DEFAULTS = None
  cargo:rerun-if-env-changed=CFLAGS
  CFLAGS = None
  cargo:rerun-if-env-changed=HOST_CFLAGS
  HOST_CFLAGS = None
  cargo:rerun-if-env-changed=CFLAGS_aarch64_unknown_linux_gnu
  CFLAGS_aarch64_unknown_linux_gnu = None
  cargo:rerun-if-env-changed=CFLAGS_aarch64-unknown-linux-gnu
  CFLAGS_aarch64-unknown-linux-gnu = None
  cargo:rerun-if-env-changed=CC_aarch64-unknown-linux-gnu
  CC_aarch64-unknown-linux-gnu = None
  cargo:rerun-if-env-changed=CC_aarch64_unknown_linux_gnu
  CC_aarch64_unknown_linux_gnu = Some(gcc)
  cargo:rerun-if-env-changed=CC_KNOWN_WRAPPER_CUSTOM
  CC_KNOWN_WRAPPER_CUSTOM = None
  cargo:rerun-if-env-changed=CRATE_CC_NO_DEFAULTS
  CRATE_CC_NO_DEFAULTS = None
  cargo:rerun-if-env-changed=CFLAGS
  CFLAGS = None
  cargo:rerun-if-env-changed=HOST_CFLAGS
  HOST_CFLAGS = None
  cargo:rerun-if-env-changed=CFLAGS_aarch64_unknown_linux_gnu
  CFLAGS_aarch64_unknown_linux_gnu = None
  cargo:rerun-if-env-changed=CFLAGS_aarch64-unknown-linux-gnu
  CFLAGS_aarch64-unknown-linux-gnu = None
  exit status: 0
  exit status: 0
  exit status: 0
  exit status: 0
  exit status: 0
  exit status: 0
  exit status: 0
  exit status: 0
  cargo:rerun-if-env-changed=CC_aarch64-unknown-linux-gnu
  CC_aarch64-unknown-linux-gnu = None
  cargo:rerun-if-env-changed=CC_aarch64_unknown_linux_gnu
  CC_aarch64_unknown_linux_gnu = Some(gcc)
  cargo:rerun-if-env-changed=CC_KNOWN_WRAPPER_CUSTOM
  CC_KNOWN_WRAPPER_CUSTOM = None
  cargo:rerun-if-env-changed=CRATE_CC_NO_DEFAULTS
  CRATE_CC_NO_DEFAULTS = None
  cargo:rerun-if-env-changed=CFLAGS
  CFLAGS = None
  cargo:rerun-if-env-changed=HOST_CFLAGS
  HOST_CFLAGS = None
  cargo:rerun-if-env-changed=CFLAGS_aarch64_unknown_linux_gnu
  CFLAGS_aarch64_unknown_linux_gnu = None
  cargo:rerun-if-env-changed=CFLAGS_aarch64-unknown-linux-gnu
  CFLAGS_aarch64-unknown-linux-gnu = None
  cargo:rerun-if-env-changed=CC_aarch64-unknown-linux-gnu
  CC_aarch64-unknown-linux-gnu = None
  cargo:rerun-if-env-changed=CC_aarch64_unknown_linux_gnu
  CC_aarch64_unknown_linux_gnu = Some(gcc)
  cargo:rerun-if-env-changed=CC_KNOWN_WRAPPER_CUSTOM
  CC_KNOWN_WRAPPER_CUSTOM = None
  cargo:rerun-if-env-changed=CRATE_CC_NO_DEFAULTS
  CRATE_CC_NO_DEFAULTS = None
  cargo:rerun-if-env-changed=CFLAGS
  CFLAGS = None
  cargo:rerun-if-env-changed=HOST_CFLAGS
  HOST_CFLAGS = None
  cargo:rerun-if-env-changed=CFLAGS_aarch64_unknown_linux_gnu
  CFLAGS_aarch64_unknown_linux_gnu = None
  cargo:rerun-if-env-changed=CFLAGS_aarch64-unknown-linux-gnu
  CFLAGS_aarch64-unknown-linux-gnu = None
  cargo:rerun-if-env-changed=CC_aarch64-unknown-linux-gnu
  CC_aarch64-unknown-linux-gnu = None
  cargo:rerun-if-env-changed=CC_aarch64_unknown_linux_gnu
  CC_aarch64_unknown_linux_gnu = Some(gcc)
  cargo:rerun-if-env-changed=CC_KNOWN_WRAPPER_CUSTOM
  CC_KNOWN_WRAPPER_CUSTOM = None
  cargo:rerun-if-env-changed=CRATE_CC_NO_DEFAULTS
  CRATE_CC_NO_DEFAULTS = None
  cargo:rerun-if-env-changed=CFLAGS
  CFLAGS = None
  cargo:rerun-if-env-changed=HOST_CFLAGS
  HOST_CFLAGS = None
  cargo:rerun-if-env-changed=CFLAGS_aarch64_unknown_linux_gnu
  CFLAGS_aarch64_unknown_linux_gnu = None
  cargo:rerun-if-env-changed=CFLAGS_aarch64-unknown-linux-gnu
  CFLAGS_aarch64-unknown-linux-gnu = None
  cargo:rerun-if-env-changed=CC_aarch64-unknown-linux-gnu
  CC_aarch64-unknown-linux-gnu = None
  cargo:rerun-if-env-changed=CC_aarch64_unknown_linux_gnu
  CC_aarch64_unknown_linux_gnu = Some(gcc)
  cargo:rerun-if-env-changed=CC_KNOWN_WRAPPER_CUSTOM
  CC_KNOWN_WRAPPER_CUSTOM = None
  cargo:rerun-if-env-changed=CRATE_CC_NO_DEFAULTS
  CRATE_CC_NO_DEFAULTS = None
  cargo:rerun-if-env-changed=CFLAGS
  CFLAGS = None
  cargo:rerun-if-env-changed=HOST_CFLAGS
  HOST_CFLAGS = None
  cargo:rerun-if-env-changed=CFLAGS_aarch64_unknown_linux_gnu
  CFLAGS_aarch64_unknown_linux_gnu = None
  cargo:rerun-if-env-changed=CFLAGS_aarch64-unknown-linux-gnu
  CFLAGS_aarch64-unknown-linux-gnu = None
  cargo:rerun-if-env-changed=CC_aarch64-unknown-linux-gnu
  CC_aarch64-unknown-linux-gnu = None
  cargo:rerun-if-env-changed=CC_aarch64_unknown_linux_gnu
  CC_aarch64_unknown_linux_gnu = Some(gcc)
  cargo:rerun-if-env-changed=CC_KNOWN_WRAPPER_CUSTOM
  CC_KNOWN_WRAPPER_CUSTOM = None
  cargo:rerun-if-env-changed=CRATE_CC_NO_DEFAULTS
  CRATE_CC_NO_DEFAULTS = None
  cargo:rerun-if-env-changed=CFLAGS
  CFLAGS = None
  cargo:rerun-if-env-changed=HOST_CFLAGS
  HOST_CFLAGS = None
  cargo:rerun-if-env-changed=CFLAGS_aarch64_unknown_linux_gnu
  CFLAGS_aarch64_unknown_linux_gnu = None
  cargo:rerun-if-env-changed=CFLAGS_aarch64-unknown-linux-gnu
  CFLAGS_aarch64-unknown-linux-gnu = None
  cargo:rerun-if-env-changed=CC_aarch64-unknown-linux-gnu
  CC_aarch64-unknown-linux-gnu = None
  cargo:rerun-if-env-changed=CC_aarch64_unknown_linux_gnu
  CC_aarch64_unknown_linux_gnu = Some(gcc)
  cargo:rerun-if-env-changed=CC_KNOWN_WRAPPER_CUSTOM
  CC_KNOWN_WRAPPER_CUSTOM = None
  cargo:rerun-if-env-changed=CRATE_CC_NO_DEFAULTS
  CRATE_CC_NO_DEFAULTS = None
  cargo:rerun-if-env-changed=CFLAGS
  CFLAGS = None
  cargo:rerun-if-env-changed=HOST_CFLAGS
  HOST_CFLAGS = None
  cargo:rerun-if-env-changed=CFLAGS_aarch64_unknown_linux_gnu
  CFLAGS_aarch64_unknown_linux_gnu = None
  cargo:rerun-if-env-changed=CFLAGS_aarch64-unknown-linux-gnu
  CFLAGS_aarch64-unknown-linux-gnu = None
  cargo:rerun-if-env-changed=CC_aarch64-unknown-linux-gnu
  CC_aarch64-unknown-linux-gnu = None
  cargo:rerun-if-env-changed=CC_aarch64_unknown_linux_gnu
  CC_aarch64_unknown_linux_gnu = Some(gcc)
  cargo:rerun-if-env-changed=CC_KNOWN_WRAPPER_CUSTOM
  CC_KNOWN_WRAPPER_CUSTOM = None
  cargo:rerun-if-env-changed=CRATE_CC_NO_DEFAULTS
  CRATE_CC_NO_DEFAULTS = None
  cargo:rerun-if-env-changed=CFLAGS
  CFLAGS = None
  cargo:rerun-if-env-changed=HOST_CFLAGS
  HOST_CFLAGS = None
  cargo:rerun-if-env-changed=CFLAGS_aarch64_unknown_linux_gnu
  CFLAGS_aarch64_unknown_linux_gnu = None
  cargo:rerun-if-env-changed=CFLAGS_aarch64-unknown-linux-gnu
  CFLAGS_aarch64-unknown-linux-gnu = None
  cargo:rerun-if-env-changed=CC_aarch64-unknown-linux-gnu
  CC_aarch64-unknown-linux-gnu = None
  cargo:rerun-if-env-changed=CC_aarch64_unknown_linux_gnu
  CC_aarch64_unknown_linux_gnu = Some(gcc)
  cargo:rerun-if-env-changed=CC_KNOWN_WRAPPER_CUSTOM
  CC_KNOWN_WRAPPER_CUSTOM = None
  cargo:rerun-if-env-changed=CRATE_CC_NO_DEFAULTS
  CRATE_CC_NO_DEFAULTS = None
  cargo:rerun-if-env-changed=CFLAGS
  CFLAGS = None
  cargo:rerun-if-env-changed=HOST_CFLAGS
  HOST_CFLAGS = None
  cargo:rerun-if-env-changed=CFLAGS_aarch64_unknown_linux_gnu
  CFLAGS_aarch64_unknown_linux_gnu = None
  cargo:rerun-if-env-changed=CFLAGS_aarch64-unknown-linux-gnu
  CFLAGS_aarch64-unknown-linux-gnu = None
  exit status: 0
  exit status: 0
  exit status: 0
  exit status: 0
  exit status: 0
  exit status: 0
  exit status: 0
  exit status: 0
  cargo:rerun-if-env-changed=CC_aarch64-unknown-linux-gnu
  CC_aarch64-unknown-linux-gnu = None
  cargo:rerun-if-env-changed=CC_aarch64_unknown_linux_gnu
  CC_aarch64_unknown_linux_gnu = Some(gcc)
  cargo:rerun-if-env-changed=CC_KNOWN_WRAPPER_CUSTOM
  CC_KNOWN_WRAPPER_CUSTOM = None
  cargo:rerun-if-env-changed=CRATE_CC_NO_DEFAULTS
  CRATE_CC_NO_DEFAULTS = None
  cargo:rerun-if-env-changed=CFLAGS
  CFLAGS = None
  cargo:rerun-if-env-changed=HOST_CFLAGS
  HOST_CFLAGS = None
  cargo:rerun-if-env-changed=CFLAGS_aarch64_unknown_linux_gnu
  CFLAGS_aarch64_unknown_linux_gnu = None
  cargo:rerun-if-env-changed=CFLAGS_aarch64-unknown-linux-gnu
  CFLAGS_aarch64-unknown-linux-gnu = None
  cargo:rerun-if-env-changed=CC_aarch64-unknown-linux-gnu
  CC_aarch64-unknown-linux-gnu = None
  cargo:rerun-if-env-changed=CC_aarch64_unknown_linux_gnu
  CC_aarch64_unknown_linux_gnu = Some(gcc)
  cargo:rerun-if-env-changed=CC_KNOWN_WRAPPER_CUSTOM
  CC_KNOWN_WRAPPER_CUSTOM = None
  cargo:rerun-if-env-changed=CRATE_CC_NO_DEFAULTS
  CRATE_CC_NO_DEFAULTS = None
  cargo:rerun-if-env-changed=CFLAGS
  CFLAGS = None
  cargo:rerun-if-env-changed=HOST_CFLAGS
  HOST_CFLAGS = None
  cargo:rerun-if-env-changed=CFLAGS_aarch64_unknown_linux_gnu
  CFLAGS_aarch64_unknown_linux_gnu = None
  cargo:rerun-if-env-changed=CFLAGS_aarch64-unknown-linux-gnu
  CFLAGS_aarch64-unknown-linux-gnu = None
  cargo:rerun-if-env-changed=CC_aarch64-unknown-linux-gnu
  CC_aarch64-unknown-linux-gnu = None
  cargo:rerun-if-env-changed=CC_aarch64_unknown_linux_gnu
  CC_aarch64_unknown_linux_gnu = Some(gcc)
  cargo:rerun-if-env-changed=CC_KNOWN_WRAPPER_CUSTOM
  CC_KNOWN_WRAPPER_CUSTOM = None
  cargo:rerun-if-env-changed=CRATE_CC_NO_DEFAULTS
  CRATE_CC_NO_DEFAULTS = None
  cargo:rerun-if-env-changed=CFLAGS
  CFLAGS = None
  cargo:rerun-if-env-changed=HOST_CFLAGS
  HOST_CFLAGS = None
  cargo:rerun-if-env-changed=CFLAGS_aarch64_unknown_linux_gnu
  CFLAGS_aarch64_unknown_linux_gnu = None
  cargo:rerun-if-env-changed=CFLAGS_aarch64-unknown-linux-gnu
  CFLAGS_aarch64-unknown-linux-gnu = None
  cargo:rerun-if-env-changed=CC_aarch64-unknown-linux-gnu
  CC_aarch64-unknown-linux-gnu = None
  cargo:rerun-if-env-changed=CC_aarch64_unknown_linux_gnu
  CC_aarch64_unknown_linux_gnu = Some(gcc)
  cargo:rerun-if-env-changed=CC_KNOWN_WRAPPER_CUSTOM
  CC_KNOWN_WRAPPER_CUSTOM = None
  cargo:rerun-if-env-changed=CRATE_CC_NO_DEFAULTS
  CRATE_CC_NO_DEFAULTS = None
  cargo:rerun-if-env-changed=CFLAGS
  CFLAGS = None
  cargo:rerun-if-env-changed=HOST_CFLAGS
  HOST_CFLAGS = None
  cargo:rerun-if-env-changed=CFLAGS_aarch64_unknown_linux_gnu
  CFLAGS_aarch64_unknown_linux_gnu = None
  cargo:rerun-if-env-changed=CFLAGS_aarch64-unknown-linux-gnu
  CFLAGS_aarch64-unknown-linux-gnu = None
  cargo:rerun-if-env-changed=CC_aarch64-unknown-linux-gnu
  CC_aarch64-unknown-linux-gnu = None
  cargo:rerun-if-env-changed=CC_aarch64_unknown_linux_gnu
  CC_aarch64_unknown_linux_gnu = Some(gcc)
  cargo:rerun-if-env-changed=CC_KNOWN_WRAPPER_CUSTOM
  CC_KNOWN_WRAPPER_CUSTOM = None
  cargo:rerun-if-env-changed=CRATE_CC_NO_DEFAULTS
  CRATE_CC_NO_DEFAULTS = None
  cargo:rerun-if-env-changed=CFLAGS
  CFLAGS = None
  cargo:rerun-if-env-changed=HOST_CFLAGS
  HOST_CFLAGS = None
  cargo:rerun-if-env-changed=CFLAGS_aarch64_unknown_linux_gnu
  CFLAGS_aarch64_unknown_linux_gnu = None
  cargo:rerun-if-env-changed=CFLAGS_aarch64-unknown-linux-gnu
  CFLAGS_aarch64-unknown-linux-gnu = None
  cargo:rerun-if-env-changed=CC_aarch64-unknown-linux-gnu
  CC_aarch64-unknown-linux-gnu = None
  cargo:rerun-if-env-changed=CC_aarch64_unknown_linux_gnu
  CC_aarch64_unknown_linux_gnu = Some(gcc)
  cargo:rerun-if-env-changed=CC_KNOWN_WRAPPER_CUSTOM
  CC_KNOWN_WRAPPER_CUSTOM = None
  cargo:rerun-if-env-changed=CRATE_CC_NO_DEFAULTS
  CRATE_CC_NO_DEFAULTS = None
  cargo:rerun-if-env-changed=CFLAGS
  CFLAGS = None
  cargo:rerun-if-env-changed=HOST_CFLAGS
  HOST_CFLAGS = None
  cargo:rerun-if-env-changed=CFLAGS_aarch64_unknown_linux_gnu
  CFLAGS_aarch64_unknown_linux_gnu = None
  cargo:rerun-if-env-changed=CFLAGS_aarch64-unknown-linux-gnu
  CFLAGS_aarch64-unknown-linux-gnu = None
  cargo:rerun-if-env-changed=CC_aarch64-unknown-linux-gnu
  CC_aarch64-unknown-linux-gnu = None
  cargo:rerun-if-env-changed=CC_aarch64_unknown_linux_gnu
  CC_aarch64_unknown_linux_gnu = Some(gcc)
  cargo:rerun-if-env-changed=CC_KNOWN_WRAPPER_CUSTOM
  CC_KNOWN_WRAPPER_CUSTOM = None
  cargo:rerun-if-env-changed=CRATE_CC_NO_DEFAULTS
  CRATE_CC_NO_DEFAULTS = None
  cargo:rerun-if-env-changed=CFLAGS
  CFLAGS = None
  cargo:rerun-if-env-changed=HOST_CFLAGS
  HOST_CFLAGS = None
  cargo:rerun-if-env-changed=CFLAGS_aarch64_unknown_linux_gnu
  CFLAGS_aarch64_unknown_linux_gnu = None
  cargo:rerun-if-env-changed=CFLAGS_aarch64-unknown-linux-gnu
  CFLAGS_aarch64-unknown-linux-gnu = None
  cargo:rerun-if-env-changed=CC_aarch64-unknown-linux-gnu
  CC_aarch64-unknown-linux-gnu = None
  cargo:rerun-if-env-changed=CC_aarch64_unknown_linux_gnu
  CC_aarch64_unknown_linux_gnu = Some(gcc)
  cargo:rerun-if-env-changed=CC_KNOWN_WRAPPER_CUSTOM
  CC_KNOWN_WRAPPER_CUSTOM = None
  cargo:rerun-if-env-changed=CRATE_CC_NO_DEFAULTS
  CRATE_CC_NO_DEFAULTS = None
  cargo:rerun-if-env-changed=CFLAGS
  CFLAGS = None
  cargo:rerun-if-env-changed=HOST_CFLAGS
  HOST_CFLAGS = None
  cargo:rerun-if-env-changed=CFLAGS_aarch64_unknown_linux_gnu
  CFLAGS_aarch64_unknown_linux_gnu = None
  cargo:rerun-if-env-changed=CFLAGS_aarch64-unknown-linux-gnu
  CFLAGS_aarch64-unknown-linux-gnu = None
  exit status: 0
  exit status: 0
  exit status: 0
  exit status: 0
  exit status: 0
  exit status: 0
  exit status: 0
  exit status: 0
  cargo:rerun-if-env-changed=CC_aarch64-unknown-linux-gnu
  CC_aarch64-unknown-linux-gnu = None
  cargo:rerun-if-env-changed=CC_aarch64_unknown_linux_gnu
  CC_aarch64_unknown_linux_gnu = Some(gcc)
  cargo:rerun-if-env-changed=CC_KNOWN_WRAPPER_CUSTOM
  CC_KNOWN_WRAPPER_CUSTOM = None
  cargo:rerun-if-env-changed=CRATE_CC_NO_DEFAULTS
  CRATE_CC_NO_DEFAULTS = None
  cargo:rerun-if-env-changed=CFLAGS
  CFLAGS = None
  cargo:rerun-if-env-changed=HOST_CFLAGS
  HOST_CFLAGS = None
  cargo:rerun-if-env-changed=CFLAGS_aarch64_unknown_linux_gnu
  CFLAGS_aarch64_unknown_linux_gnu = None
  cargo:rerun-if-env-changed=CFLAGS_aarch64-unknown-linux-gnu
  CFLAGS_aarch64-unknown-linux-gnu = None
  cargo:rerun-if-env-changed=CC_aarch64-unknown-linux-gnu
  CC_aarch64-unknown-linux-gnu = None
  cargo:rerun-if-env-changed=CC_aarch64_unknown_linux_gnu
  CC_aarch64_unknown_linux_gnu = Some(gcc)
  cargo:rerun-if-env-changed=CC_KNOWN_WRAPPER_CUSTOM
  CC_KNOWN_WRAPPER_CUSTOM = None
  cargo:rerun-if-env-changed=CRATE_CC_NO_DEFAULTS
  CRATE_CC_NO_DEFAULTS = None
  cargo:rerun-if-env-changed=CFLAGS
  CFLAGS = None
  cargo:rerun-if-env-changed=HOST_CFLAGS
  HOST_CFLAGS = None
  cargo:rerun-if-env-changed=CFLAGS_aarch64_unknown_linux_gnu
  CFLAGS_aarch64_unknown_linux_gnu = None
  cargo:rerun-if-env-changed=CFLAGS_aarch64-unknown-linux-gnu
  CFLAGS_aarch64-unknown-linux-gnu = None
  cargo:rerun-if-env-changed=CC_aarch64-unknown-linux-gnu
  CC_aarch64-unknown-linux-gnu = None
  cargo:rerun-if-env-changed=CC_aarch64_unknown_linux_gnu
  CC_aarch64_unknown_linux_gnu = Some(gcc)
  cargo:rerun-if-env-changed=CC_KNOWN_WRAPPER_CUSTOM
  CC_KNOWN_WRAPPER_CUSTOM = None
  cargo:rerun-if-env-changed=CRATE_CC_NO_DEFAULTS
  CRATE_CC_NO_DEFAULTS = None
  cargo:rerun-if-env-changed=CFLAGS
  CFLAGS = None
  cargo:rerun-if-env-changed=HOST_CFLAGS
  HOST_CFLAGS = None
  cargo:rerun-if-env-changed=CFLAGS_aarch64_unknown_linux_gnu
  CFLAGS_aarch64_unknown_linux_gnu = None
  cargo:rerun-if-env-changed=CFLAGS_aarch64-unknown-linux-gnu
  CFLAGS_aarch64-unknown-linux-gnu = None
  cargo:rerun-if-env-changed=CC_aarch64-unknown-linux-gnu
  CC_aarch64-unknown-linux-gnu = None
  cargo:rerun-if-env-changed=CC_aarch64_unknown_linux_gnu
  CC_aarch64_unknown_linux_gnu = Some(gcc)
  cargo:rerun-if-env-changed=CC_KNOWN_WRAPPER_CUSTOM
  CC_KNOWN_WRAPPER_CUSTOM = None
  cargo:rerun-if-env-changed=CRATE_CC_NO_DEFAULTS
  CRATE_CC_NO_DEFAULTS = None
  cargo:rerun-if-env-changed=CFLAGS
  CFLAGS = None
  cargo:rerun-if-env-changed=HOST_CFLAGS
  HOST_CFLAGS = None
  cargo:rerun-if-env-changed=CFLAGS_aarch64_unknown_linux_gnu
  CFLAGS_aarch64_unknown_linux_gnu = None
  cargo:rerun-if-env-changed=CFLAGS_aarch64-unknown-linux-gnu
  CFLAGS_aarch64-unknown-linux-gnu = None
  cargo:rerun-if-env-changed=CC_aarch64-unknown-linux-gnu
  CC_aarch64-unknown-linux-gnu = None
  cargo:rerun-if-env-changed=CC_aarch64_unknown_linux_gnu
  CC_aarch64_unknown_linux_gnu = Some(gcc)
  cargo:rerun-if-env-changed=CC_KNOWN_WRAPPER_CUSTOM
  CC_KNOWN_WRAPPER_CUSTOM = None
  cargo:rerun-if-env-changed=CRATE_CC_NO_DEFAULTS
  CRATE_CC_NO_DEFAULTS = None
  cargo:rerun-if-env-changed=CFLAGS
  CFLAGS = None
  cargo:rerun-if-env-changed=HOST_CFLAGS
  HOST_CFLAGS = None
  cargo:rerun-if-env-changed=CFLAGS_aarch64_unknown_linux_gnu
  CFLAGS_aarch64_unknown_linux_gnu = None
  cargo:rerun-if-env-changed=CFLAGS_aarch64-unknown-linux-gnu
  CFLAGS_aarch64-unknown-linux-gnu = None
  cargo:rerun-if-env-changed=CC_aarch64-unknown-linux-gnu
  CC_aarch64-unknown-linux-gnu = None
  cargo:rerun-if-env-changed=CC_aarch64_unknown_linux_gnu
  CC_aarch64_unknown_linux_gnu = Some(gcc)
  cargo:rerun-if-env-changed=CC_KNOWN_WRAPPER_CUSTOM
  CC_KNOWN_WRAPPER_CUSTOM = None
  cargo:rerun-if-env-changed=CRATE_CC_NO_DEFAULTS
  CRATE_CC_NO_DEFAULTS = None
  cargo:rerun-if-env-changed=CFLAGS
  CFLAGS = None
  cargo:rerun-if-env-changed=HOST_CFLAGS
  HOST_CFLAGS = None
  cargo:rerun-if-env-changed=CFLAGS_aarch64_unknown_linux_gnu
  CFLAGS_aarch64_unknown_linux_gnu = None
  cargo:rerun-if-env-changed=CFLAGS_aarch64-unknown-linux-gnu
  CFLAGS_aarch64-unknown-linux-gnu = None
  cargo:rerun-if-env-changed=CC_aarch64-unknown-linux-gnu
  CC_aarch64-unknown-linux-gnu = None
  cargo:rerun-if-env-changed=CC_aarch64_unknown_linux_gnu
  CC_aarch64_unknown_linux_gnu = Some(gcc)
  cargo:rerun-if-env-changed=CC_KNOWN_WRAPPER_CUSTOM
  CC_KNOWN_WRAPPER_CUSTOM = None
  cargo:rerun-if-env-changed=CRATE_CC_NO_DEFAULTS
  CRATE_CC_NO_DEFAULTS = None
  cargo:rerun-if-env-changed=CFLAGS
  CFLAGS = None
  cargo:rerun-if-env-changed=HOST_CFLAGS
  HOST_CFLAGS = None
  cargo:rerun-if-env-changed=CFLAGS_aarch64_unknown_linux_gnu
  CFLAGS_aarch64_unknown_linux_gnu = None
  cargo:rerun-if-env-changed=CFLAGS_aarch64-unknown-linux-gnu
  CFLAGS_aarch64-unknown-linux-gnu = None
  cargo:rerun-if-env-changed=CC_aarch64-unknown-linux-gnu
  CC_aarch64-unknown-linux-gnu = None
  cargo:rerun-if-env-changed=CC_aarch64_unknown_linux_gnu
  CC_aarch64_unknown_linux_gnu = Some(gcc)
  cargo:rerun-if-env-changed=CC_KNOWN_WRAPPER_CUSTOM
  CC_KNOWN_WRAPPER_CUSTOM = None
  cargo:rerun-if-env-changed=CRATE_CC_NO_DEFAULTS
  CRATE_CC_NO_DEFAULTS = None
  cargo:rerun-if-env-changed=CFLAGS
  CFLAGS = None
  cargo:rerun-if-env-changed=HOST_CFLAGS
  HOST_CFLAGS = None
  cargo:rerun-if-env-changed=CFLAGS_aarch64_unknown_linux_gnu
  CFLAGS_aarch64_unknown_linux_gnu = None
  cargo:rerun-if-env-changed=CFLAGS_aarch64-unknown-linux-gnu
  CFLAGS_aarch64-unknown-linux-gnu = None
  exit status: 0
  exit status: 0
  exit status: 0
  exit status: 0
  exit status: 0
  exit status: 0
  exit status: 0
  exit status: 0
  cargo:rerun-if-env-changed=CC_aarch64-unknown-linux-gnu
  CC_aarch64-unknown-linux-gnu = None
  cargo:rerun-if-env-changed=CC_aarch64_unknown_linux_gnu
  CC_aarch64_unknown_linux_gnu = Some(gcc)
  cargo:rerun-if-env-changed=CC_KNOWN_WRAPPER_CUSTOM
  CC_KNOWN_WRAPPER_CUSTOM = None
  cargo:rerun-if-env-changed=CRATE_CC_NO_DEFAULTS
  CRATE_CC_NO_DEFAULTS = None
  cargo:rerun-if-env-changed=CFLAGS
  CFLAGS = None
  cargo:rerun-if-env-changed=HOST_CFLAGS
  HOST_CFLAGS = None
  cargo:rerun-if-env-changed=CFLAGS_aarch64_unknown_linux_gnu
  CFLAGS_aarch64_unknown_linux_gnu = None
  cargo:rerun-if-env-changed=CFLAGS_aarch64-unknown-linux-gnu
  CFLAGS_aarch64-unknown-linux-gnu = None
  cargo:rerun-if-env-changed=CC_aarch64-unknown-linux-gnu
  CC_aarch64-unknown-linux-gnu = None
  cargo:rerun-if-env-changed=CC_aarch64_unknown_linux_gnu
  CC_aarch64_unknown_linux_gnu = Some(gcc)
  cargo:rerun-if-env-changed=CC_KNOWN_WRAPPER_CUSTOM
  CC_KNOWN_WRAPPER_CUSTOM = None
  cargo:rerun-if-env-changed=CRATE_CC_NO_DEFAULTS
  CRATE_CC_NO_DEFAULTS = None
  cargo:rerun-if-env-changed=CFLAGS
  CFLAGS = None
  cargo:rerun-if-env-changed=HOST_CFLAGS
  HOST_CFLAGS = None
  cargo:rerun-if-env-changed=CFLAGS_aarch64_unknown_linux_gnu
  CFLAGS_aarch64_unknown_linux_gnu = None
  cargo:rerun-if-env-changed=CFLAGS_aarch64-unknown-linux-gnu
  CFLAGS_aarch64-unknown-linux-gnu = None
  cargo:rerun-if-env-changed=CC_aarch64-unknown-linux-gnu
  CC_aarch64-unknown-linux-gnu = None
  cargo:rerun-if-env-changed=CC_aarch64_unknown_linux_gnu
  CC_aarch64_unknown_linux_gnu = Some(gcc)
  cargo:rerun-if-env-changed=CC_KNOWN_WRAPPER_CUSTOM
  CC_KNOWN_WRAPPER_CUSTOM = None
  cargo:rerun-if-env-changed=CRATE_CC_NO_DEFAULTS
  CRATE_CC_NO_DEFAULTS = None
  cargo:rerun-if-env-changed=CFLAGS
  CFLAGS = None
  cargo:rerun-if-env-changed=HOST_CFLAGS
  HOST_CFLAGS = None
  cargo:rerun-if-env-changed=CFLAGS_aarch64_unknown_linux_gnu
  CFLAGS_aarch64_unknown_linux_gnu = None
  cargo:rerun-if-env-changed=CFLAGS_aarch64-unknown-linux-gnu
  CFLAGS_aarch64-unknown-linux-gnu = None
  cargo:rerun-if-env-changed=CC_aarch64-unknown-linux-gnu
  CC_aarch64-unknown-linux-gnu = None
  cargo:rerun-if-env-changed=CC_aarch64_unknown_linux_gnu
  CC_aarch64_unknown_linux_gnu = Some(gcc)
  cargo:rerun-if-env-changed=CC_KNOWN_WRAPPER_CUSTOM
  CC_KNOWN_WRAPPER_CUSTOM = None
  cargo:rerun-if-env-changed=CRATE_CC_NO_DEFAULTS
  CRATE_CC_NO_DEFAULTS = None
  cargo:rerun-if-env-changed=CFLAGS
  CFLAGS = None
  cargo:rerun-if-env-changed=HOST_CFLAGS
  HOST_CFLAGS = None
  cargo:rerun-if-env-changed=CFLAGS_aarch64_unknown_linux_gnu
  CFLAGS_aarch64_unknown_linux_gnu = None
  cargo:rerun-if-env-changed=CFLAGS_aarch64-unknown-linux-gnu
  CFLAGS_aarch64-unknown-linux-gnu = None
  cargo:rerun-if-env-changed=CC_aarch64-unknown-linux-gnu
  CC_aarch64-unknown-linux-gnu = None
  cargo:rerun-if-env-changed=CC_aarch64_unknown_linux_gnu
  CC_aarch64_unknown_linux_gnu = Some(gcc)
  cargo:rerun-if-env-changed=CC_KNOWN_WRAPPER_CUSTOM
  CC_KNOWN_WRAPPER_CUSTOM = None
  cargo:rerun-if-env-changed=CRATE_CC_NO_DEFAULTS
  CRATE_CC_NO_DEFAULTS = None
  cargo:rerun-if-env-changed=CFLAGS
  CFLAGS = None
  cargo:rerun-if-env-changed=HOST_CFLAGS
  HOST_CFLAGS = None
  cargo:rerun-if-env-changed=CFLAGS_aarch64_unknown_linux_gnu
  CFLAGS_aarch64_unknown_linux_gnu = None
  cargo:rerun-if-env-changed=CFLAGS_aarch64-unknown-linux-gnu
  CFLAGS_aarch64-unknown-linux-gnu = None
  cargo:rerun-if-env-changed=CC_aarch64-unknown-linux-gnu
  CC_aarch64-unknown-linux-gnu = None
  cargo:rerun-if-env-changed=CC_aarch64_unknown_linux_gnu
  CC_aarch64_unknown_linux_gnu = Some(gcc)
  cargo:rerun-if-env-changed=CC_KNOWN_WRAPPER_CUSTOM
  CC_KNOWN_WRAPPER_CUSTOM = None
  cargo:rerun-if-env-changed=CRATE_CC_NO_DEFAULTS
  CRATE_CC_NO_DEFAULTS = None
  cargo:rerun-if-env-changed=CFLAGS
  CFLAGS = None
  cargo:rerun-if-env-changed=HOST_CFLAGS
  HOST_CFLAGS = None
  cargo:rerun-if-env-changed=CFLAGS_aarch64_unknown_linux_gnu
  CFLAGS_aarch64_unknown_linux_gnu = None
  cargo:rerun-if-env-changed=CFLAGS_aarch64-unknown-linux-gnu
  CFLAGS_aarch64-unknown-linux-gnu = None
  cargo:rerun-if-env-changed=CC_aarch64-unknown-linux-gnu
  CC_aarch64-unknown-linux-gnu = None
  cargo:rerun-if-env-changed=CC_aarch64_unknown_linux_gnu
  CC_aarch64_unknown_linux_gnu = Some(gcc)
  cargo:rerun-if-env-changed=CC_KNOWN_WRAPPER_CUSTOM
  CC_KNOWN_WRAPPER_CUSTOM = None
  cargo:rerun-if-env-changed=CRATE_CC_NO_DEFAULTS
  CRATE_CC_NO_DEFAULTS = None
  cargo:rerun-if-env-changed=CFLAGS
  CFLAGS = None
  cargo:rerun-if-env-changed=HOST_CFLAGS
  HOST_CFLAGS = None
  cargo:rerun-if-env-changed=CFLAGS_aarch64_unknown_linux_gnu
  CFLAGS_aarch64_unknown_linux_gnu = None
  cargo:rerun-if-env-changed=CFLAGS_aarch64-unknown-linux-gnu
  CFLAGS_aarch64-unknown-linux-gnu = None
  cargo:rerun-if-env-changed=CC_aarch64-unknown-linux-gnu
  CC_aarch64-unknown-linux-gnu = None
  cargo:rerun-if-env-changed=CC_aarch64_unknown_linux_gnu
  CC_aarch64_unknown_linux_gnu = Some(gcc)
  cargo:rerun-if-env-changed=CC_KNOWN_WRAPPER_CUSTOM
  CC_KNOWN_WRAPPER_CUSTOM = None
  cargo:rerun-if-env-changed=CRATE_CC_NO_DEFAULTS
  CRATE_CC_NO_DEFAULTS = None
  cargo:rerun-if-env-changed=CFLAGS
  CFLAGS = None
  cargo:rerun-if-env-changed=HOST_CFLAGS
  HOST_CFLAGS = None
  cargo:rerun-if-env-changed=CFLAGS_aarch64_unknown_linux_gnu
  CFLAGS_aarch64_unknown_linux_gnu = None
  cargo:rerun-if-env-changed=CFLAGS_aarch64-unknown-linux-gnu
  CFLAGS_aarch64-unknown-linux-gnu = None
  exit status: 0
  exit status: 0
  exit status: 0
  exit status: 0
  exit status: 0
  exit status: 0
  exit status: 0
  exit status: 0
  cargo:rerun-if-env-changed=CC_aarch64-unknown-linux-gnu
  CC_aarch64-unknown-linux-gnu = None
  cargo:rerun-if-env-changed=CC_aarch64_unknown_linux_gnu
  CC_aarch64_unknown_linux_gnu = Some(gcc)
  cargo:rerun-if-env-changed=CC_KNOWN_WRAPPER_CUSTOM
  CC_KNOWN_WRAPPER_CUSTOM = None
  cargo:rerun-if-env-changed=CRATE_CC_NO_DEFAULTS
  CRATE_CC_NO_DEFAULTS = None
  cargo:rerun-if-env-changed=CFLAGS
  CFLAGS = None
  cargo:rerun-if-env-changed=HOST_CFLAGS
  HOST_CFLAGS = None
  cargo:rerun-if-env-changed=CFLAGS_aarch64_unknown_linux_gnu
  CFLAGS_aarch64_unknown_linux_gnu = None
  cargo:rerun-if-env-changed=CFLAGS_aarch64-unknown-linux-gnu
  CFLAGS_aarch64-unknown-linux-gnu = None
  cargo:rerun-if-env-changed=CC_aarch64-unknown-linux-gnu
  CC_aarch64-unknown-linux-gnu = None
  cargo:rerun-if-env-changed=CC_aarch64_unknown_linux_gnu
  CC_aarch64_unknown_linux_gnu = Some(gcc)
  cargo:rerun-if-env-changed=CC_KNOWN_WRAPPER_CUSTOM
  CC_KNOWN_WRAPPER_CUSTOM = None
  cargo:rerun-if-env-changed=CRATE_CC_NO_DEFAULTS
  CRATE_CC_NO_DEFAULTS = None
  cargo:rerun-if-env-changed=CFLAGS
  CFLAGS = None
  cargo:rerun-if-env-changed=HOST_CFLAGS
  HOST_CFLAGS = None
  cargo:rerun-if-env-changed=CFLAGS_aarch64_unknown_linux_gnu
  CFLAGS_aarch64_unknown_linux_gnu = None
  cargo:rerun-if-env-changed=CFLAGS_aarch64-unknown-linux-gnu
  CFLAGS_aarch64-unknown-linux-gnu = None
  cargo:rerun-if-env-changed=CC_aarch64-unknown-linux-gnu
  CC_aarch64-unknown-linux-gnu = None
  cargo:rerun-if-env-changed=CC_aarch64_unknown_linux_gnu
  CC_aarch64_unknown_linux_gnu = Some(gcc)
  cargo:rerun-if-env-changed=CC_KNOWN_WRAPPER_CUSTOM
  CC_KNOWN_WRAPPER_CUSTOM = None
  cargo:rerun-if-env-changed=CRATE_CC_NO_DEFAULTS
  CRATE_CC_NO_DEFAULTS = None
  cargo:rerun-if-env-changed=CFLAGS
  CFLAGS = None
  cargo:rerun-if-env-changed=HOST_CFLAGS
  HOST_CFLAGS = None
  cargo:rerun-if-env-changed=CFLAGS_aarch64_unknown_linux_gnu
  CFLAGS_aarch64_unknown_linux_gnu = None
  cargo:rerun-if-env-changed=CFLAGS_aarch64-unknown-linux-gnu
  CFLAGS_aarch64-unknown-linux-gnu = None
  cargo:rerun-if-env-changed=CC_aarch64-unknown-linux-gnu
  CC_aarch64-unknown-linux-gnu = None
  cargo:rerun-if-env-changed=CC_aarch64_unknown_linux_gnu
  CC_aarch64_unknown_linux_gnu = Some(gcc)
  cargo:rerun-if-env-changed=CC_KNOWN_WRAPPER_CUSTOM
  CC_KNOWN_WRAPPER_CUSTOM = None
  cargo:rerun-if-env-changed=CRATE_CC_NO_DEFAULTS
  CRATE_CC_NO_DEFAULTS = None
  cargo:rerun-if-env-changed=CFLAGS
  CFLAGS = None
  cargo:rerun-if-env-changed=HOST_CFLAGS
  HOST_CFLAGS = None
  cargo:rerun-if-env-changed=CFLAGS_aarch64_unknown_linux_gnu
  CFLAGS_aarch64_unknown_linux_gnu = None
  cargo:rerun-if-env-changed=CFLAGS_aarch64-unknown-linux-gnu
  CFLAGS_aarch64-unknown-linux-gnu = None
  cargo:rerun-if-env-changed=CC_aarch64-unknown-linux-gnu
  CC_aarch64-unknown-linux-gnu = None
  cargo:rerun-if-env-changed=CC_aarch64_unknown_linux_gnu
  CC_aarch64_unknown_linux_gnu = Some(gcc)
  cargo:rerun-if-env-changed=CC_KNOWN_WRAPPER_CUSTOM
  CC_KNOWN_WRAPPER_CUSTOM = None
  cargo:rerun-if-env-changed=CRATE_CC_NO_DEFAULTS
  CRATE_CC_NO_DEFAULTS = None
  cargo:rerun-if-env-changed=CFLAGS
  CFLAGS = None
  cargo:rerun-if-env-changed=HOST_CFLAGS
  HOST_CFLAGS = None
  cargo:rerun-if-env-changed=CFLAGS_aarch64_unknown_linux_gnu
  CFLAGS_aarch64_unknown_linux_gnu = None
  cargo:rerun-if-env-changed=CFLAGS_aarch64-unknown-linux-gnu
  CFLAGS_aarch64-unknown-linux-gnu = None
  cargo:rerun-if-env-changed=CC_aarch64-unknown-linux-gnu
  CC_aarch64-unknown-linux-gnu = None
  cargo:rerun-if-env-changed=CC_aarch64_unknown_linux_gnu
  CC_aarch64_unknown_linux_gnu = Some(gcc)
  cargo:rerun-if-env-changed=CC_KNOWN_WRAPPER_CUSTOM
  CC_KNOWN_WRAPPER_CUSTOM = None
  cargo:rerun-if-env-changed=CRATE_CC_NO_DEFAULTS
  CRATE_CC_NO_DEFAULTS = None
  cargo:rerun-if-env-changed=CFLAGS
  CFLAGS = None
  cargo:rerun-if-env-changed=HOST_CFLAGS
  HOST_CFLAGS = None
  cargo:rerun-if-env-changed=CFLAGS_aarch64_unknown_linux_gnu
  CFLAGS_aarch64_unknown_linux_gnu = None
  cargo:rerun-if-env-changed=CFLAGS_aarch64-unknown-linux-gnu
  CFLAGS_aarch64-unknown-linux-gnu = None
  cargo:rerun-if-env-changed=CC_aarch64-unknown-linux-gnu
  CC_aarch64-unknown-linux-gnu = None
  cargo:rerun-if-env-changed=CC_aarch64_unknown_linux_gnu
  CC_aarch64_unknown_linux_gnu = Some(gcc)
  cargo:rerun-if-env-changed=CC_KNOWN_WRAPPER_CUSTOM
  CC_KNOWN_WRAPPER_CUSTOM = None
  cargo:rerun-if-env-changed=CRATE_CC_NO_DEFAULTS
  CRATE_CC_NO_DEFAULTS = None
  cargo:rerun-if-env-changed=CFLAGS
  CFLAGS = None
  cargo:rerun-if-env-changed=HOST_CFLAGS
  HOST_CFLAGS = None
  cargo:rerun-if-env-changed=CFLAGS_aarch64_unknown_linux_gnu
  CFLAGS_aarch64_unknown_linux_gnu = None
  cargo:rerun-if-env-changed=CFLAGS_aarch64-unknown-linux-gnu
  CFLAGS_aarch64-unknown-linux-gnu = None
  cargo:rerun-if-env-changed=CC_aarch64-unknown-linux-gnu
  CC_aarch64-unknown-linux-gnu = None
  cargo:rerun-if-env-changed=CC_aarch64_unknown_linux_gnu
  CC_aarch64_unknown_linux_gnu = Some(gcc)
  cargo:rerun-if-env-changed=CC_KNOWN_WRAPPER_CUSTOM
  CC_KNOWN_WRAPPER_CUSTOM = None
  cargo:rerun-if-env-changed=CRATE_CC_NO_DEFAULTS
  CRATE_CC_NO_DEFAULTS = None
  cargo:rerun-if-env-changed=CFLAGS
  CFLAGS = None
  cargo:rerun-if-env-changed=HOST_CFLAGS
  HOST_CFLAGS = None
  cargo:rerun-if-env-changed=CFLAGS_aarch64_unknown_linux_gnu
  CFLAGS_aarch64_unknown_linux_gnu = None
  cargo:rerun-if-env-changed=CFLAGS_aarch64-unknown-linux-gnu
  CFLAGS_aarch64-unknown-linux-gnu = None
  exit status: 0
  exit status: 0
  exit status: 0
  exit status: 0
  exit status: 0
  exit status: 0
  exit status: 0
  exit status: 0
  cargo:rerun-if-env-changed=CC_aarch64-unknown-linux-gnu
  CC_aarch64-unknown-linux-gnu = None
  cargo:rerun-if-env-changed=CC_aarch64_unknown_linux_gnu
  CC_aarch64_unknown_linux_gnu = Some(gcc)
  cargo:rerun-if-env-changed=CC_KNOWN_WRAPPER_CUSTOM
  CC_KNOWN_WRAPPER_CUSTOM = None
  cargo:rerun-if-env-changed=CRATE_CC_NO_DEFAULTS
  CRATE_CC_NO_DEFAULTS = None
  cargo:rerun-if-env-changed=CFLAGS
  CFLAGS = None
  cargo:rerun-if-env-changed=HOST_CFLAGS
  HOST_CFLAGS = None
  cargo:rerun-if-env-changed=CFLAGS_aarch64_unknown_linux_gnu
  CFLAGS_aarch64_unknown_linux_gnu = None
  cargo:rerun-if-env-changed=CFLAGS_aarch64-unknown-linux-gnu
  CFLAGS_aarch64-unknown-linux-gnu = None
  cargo:rerun-if-env-changed=CC_aarch64-unknown-linux-gnu
  CC_aarch64-unknown-linux-gnu = None
  cargo:rerun-if-env-changed=CC_aarch64_unknown_linux_gnu
  CC_aarch64_unknown_linux_gnu = Some(gcc)
  cargo:rerun-if-env-changed=CC_KNOWN_WRAPPER_CUSTOM
  CC_KNOWN_WRAPPER_CUSTOM = None
  cargo:rerun-if-env-changed=CRATE_CC_NO_DEFAULTS
  CRATE_CC_NO_DEFAULTS = None
  cargo:rerun-if-env-changed=CFLAGS
  CFLAGS = None
  cargo:rerun-if-env-changed=HOST_CFLAGS
  HOST_CFLAGS = None
  cargo:rerun-if-env-changed=CFLAGS_aarch64_unknown_linux_gnu
  CFLAGS_aarch64_unknown_linux_gnu = None
  cargo:rerun-if-env-changed=CFLAGS_aarch64-unknown-linux-gnu
  CFLAGS_aarch64-unknown-linux-gnu = None
  cargo:rerun-if-env-changed=CC_aarch64-unknown-linux-gnu
  CC_aarch64-unknown-linux-gnu = None
  cargo:rerun-if-env-changed=CC_aarch64_unknown_linux_gnu
  CC_aarch64_unknown_linux_gnu = Some(gcc)
  cargo:rerun-if-env-changed=CC_KNOWN_WRAPPER_CUSTOM
  CC_KNOWN_WRAPPER_CUSTOM = None
  cargo:rerun-if-env-changed=CRATE_CC_NO_DEFAULTS
  CRATE_CC_NO_DEFAULTS = None
  cargo:rerun-if-env-changed=CFLAGS
  CFLAGS = None
  cargo:rerun-if-env-changed=HOST_CFLAGS
  HOST_CFLAGS = None
  cargo:rerun-if-env-changed=CFLAGS_aarch64_unknown_linux_gnu
  CFLAGS_aarch64_unknown_linux_gnu = None
  cargo:rerun-if-env-changed=CFLAGS_aarch64-unknown-linux-gnu
  CFLAGS_aarch64-unknown-linux-gnu = None
  cargo:rerun-if-env-changed=CC_aarch64-unknown-linux-gnu
  CC_aarch64-unknown-linux-gnu = None
  cargo:rerun-if-env-changed=CC_aarch64_unknown_linux_gnu
  CC_aarch64_unknown_linux_gnu = Some(gcc)
  cargo:rerun-if-env-changed=CC_KNOWN_WRAPPER_CUSTOM
  CC_KNOWN_WRAPPER_CUSTOM = None
  cargo:rerun-if-env-changed=CRATE_CC_NO_DEFAULTS
  CRATE_CC_NO_DEFAULTS = None
  cargo:rerun-if-env-changed=CFLAGS
  CFLAGS = None
  cargo:rerun-if-env-changed=HOST_CFLAGS
  HOST_CFLAGS = None
  cargo:rerun-if-env-changed=CFLAGS_aarch64_unknown_linux_gnu
  CFLAGS_aarch64_unknown_linux_gnu = None
  cargo:rerun-if-env-changed=CFLAGS_aarch64-unknown-linux-gnu
  CFLAGS_aarch64-unknown-linux-gnu = None
  cargo:rerun-if-env-changed=CC_aarch64-unknown-linux-gnu
  CC_aarch64-unknown-linux-gnu = None
  cargo:rerun-if-env-changed=CC_aarch64_unknown_linux_gnu
  CC_aarch64_unknown_linux_gnu = Some(gcc)
  cargo:rerun-if-env-changed=CC_KNOWN_WRAPPER_CUSTOM
  CC_KNOWN_WRAPPER_CUSTOM = None
  cargo:rerun-if-env-changed=CRATE_CC_NO_DEFAULTS
  CRATE_CC_NO_DEFAULTS = None
  cargo:rerun-if-env-changed=CFLAGS
  CFLAGS = None
  cargo:rerun-if-env-changed=HOST_CFLAGS
  HOST_CFLAGS = None
  cargo:rerun-if-env-changed=CFLAGS_aarch64_unknown_linux_gnu
  CFLAGS_aarch64_unknown_linux_gnu = None
  cargo:rerun-if-env-changed=CFLAGS_aarch64-unknown-linux-gnu
  CFLAGS_aarch64-unknown-linux-gnu = None
  cargo:rerun-if-env-changed=CC_aarch64-unknown-linux-gnu
  CC_aarch64-unknown-linux-gnu = None
  cargo:rerun-if-env-changed=CC_aarch64_unknown_linux_gnu
  CC_aarch64_unknown_linux_gnu = Some(gcc)
  cargo:rerun-if-env-changed=CC_KNOWN_WRAPPER_CUSTOM
  CC_KNOWN_WRAPPER_CUSTOM = None
  cargo:rerun-if-env-changed=CRATE_CC_NO_DEFAULTS
  CRATE_CC_NO_DEFAULTS = None
  cargo:rerun-if-env-changed=CFLAGS
  CFLAGS = None
  cargo:rerun-if-env-changed=HOST_CFLAGS
  HOST_CFLAGS = None
  cargo:rerun-if-env-changed=CFLAGS_aarch64_unknown_linux_gnu
  CFLAGS_aarch64_unknown_linux_gnu = None
  cargo:rerun-if-env-changed=CFLAGS_aarch64-unknown-linux-gnu
  CFLAGS_aarch64-unknown-linux-gnu = None
  cargo:rerun-if-env-changed=CC_aarch64-unknown-linux-gnu
  CC_aarch64-unknown-linux-gnu = None
  cargo:rerun-if-env-changed=CC_aarch64_unknown_linux_gnu
  CC_aarch64_unknown_linux_gnu = Some(gcc)
  cargo:rerun-if-env-changed=CC_KNOWN_WRAPPER_CUSTOM
  CC_KNOWN_WRAPPER_CUSTOM = None
  cargo:rerun-if-env-changed=CRATE_CC_NO_DEFAULTS
  CRATE_CC_NO_DEFAULTS = None
  cargo:rerun-if-env-changed=CFLAGS
  CFLAGS = None
  cargo:rerun-if-env-changed=HOST_CFLAGS
  HOST_CFLAGS = None
  cargo:rerun-if-env-changed=CFLAGS_aarch64_unknown_linux_gnu
  CFLAGS_aarch64_unknown_linux_gnu = None
  cargo:rerun-if-env-changed=CFLAGS_aarch64-unknown-linux-gnu
  CFLAGS_aarch64-unknown-linux-gnu = None
  cargo:rerun-if-env-changed=CC_aarch64-unknown-linux-gnu
  CC_aarch64-unknown-linux-gnu = None
  cargo:rerun-if-env-changed=CC_aarch64_unknown_linux_gnu
  CC_aarch64_unknown_linux_gnu = Some(gcc)
  cargo:rerun-if-env-changed=CC_KNOWN_WRAPPER_CUSTOM
  CC_KNOWN_WRAPPER_CUSTOM = None
  cargo:rerun-if-env-changed=CRATE_CC_NO_DEFAULTS
  CRATE_CC_NO_DEFAULTS = None
  cargo:rerun-if-env-changed=CFLAGS
  CFLAGS = None
  cargo:rerun-if-env-changed=HOST_CFLAGS
  HOST_CFLAGS = None
  cargo:rerun-if-env-changed=CFLAGS_aarch64_unknown_linux_gnu
  CFLAGS_aarch64_unknown_linux_gnu = None
  cargo:rerun-if-env-changed=CFLAGS_aarch64-unknown-linux-gnu
  CFLAGS_aarch64-unknown-linux-gnu = None
  exit status: 0
  exit status: 0
  exit status: 0
  exit status: 0
  exit status: 0
  exit status: 0
  exit status: 0
  exit status: 0
  cargo:rerun-if-env-changed=CC_aarch64-unknown-linux-gnu
  CC_aarch64-unknown-linux-gnu = None
  cargo:rerun-if-env-changed=CC_aarch64_unknown_linux_gnu
  CC_aarch64_unknown_linux_gnu = Some(gcc)
  cargo:rerun-if-env-changed=CC_KNOWN_WRAPPER_CUSTOM
  CC_KNOWN_WRAPPER_CUSTOM = None
  cargo:rerun-if-env-changed=CRATE_CC_NO_DEFAULTS
  CRATE_CC_NO_DEFAULTS = None
  cargo:rerun-if-env-changed=CFLAGS
  CFLAGS = None
  cargo:rerun-if-env-changed=HOST_CFLAGS
  HOST_CFLAGS = None
  cargo:rerun-if-env-changed=CFLAGS_aarch64_unknown_linux_gnu
  CFLAGS_aarch64_unknown_linux_gnu = None
  cargo:rerun-if-env-changed=CFLAGS_aarch64-unknown-linux-gnu
  CFLAGS_aarch64-unknown-linux-gnu = None
  cargo:rerun-if-env-changed=CC_aarch64-unknown-linux-gnu
  CC_aarch64-unknown-linux-gnu = None
  cargo:rerun-if-env-changed=CC_aarch64_unknown_linux_gnu
  CC_aarch64_unknown_linux_gnu = Some(gcc)
  cargo:rerun-if-env-changed=CC_KNOWN_WRAPPER_CUSTOM
  CC_KNOWN_WRAPPER_CUSTOM = None
  cargo:rerun-if-env-changed=CRATE_CC_NO_DEFAULTS
  CRATE_CC_NO_DEFAULTS = None
  cargo:rerun-if-env-changed=CFLAGS
  CFLAGS = None
  cargo:rerun-if-env-changed=HOST_CFLAGS
  HOST_CFLAGS = None
  cargo:rerun-if-env-changed=CFLAGS_aarch64_unknown_linux_gnu
  CFLAGS_aarch64_unknown_linux_gnu = None
  cargo:rerun-if-env-changed=CFLAGS_aarch64-unknown-linux-gnu
  CFLAGS_aarch64-unknown-linux-gnu = None
  cargo:rerun-if-env-changed=CC_aarch64-unknown-linux-gnu
  CC_aarch64-unknown-linux-gnu = None
  cargo:rerun-if-env-changed=CC_aarch64_unknown_linux_gnu
  CC_aarch64_unknown_linux_gnu = Some(gcc)
  cargo:rerun-if-env-changed=CC_KNOWN_WRAPPER_CUSTOM
  CC_KNOWN_WRAPPER_CUSTOM = None
  cargo:rerun-if-env-changed=CRATE_CC_NO_DEFAULTS
  CRATE_CC_NO_DEFAULTS = None
  cargo:rerun-if-env-changed=CFLAGS
  CFLAGS = None
  cargo:rerun-if-env-changed=HOST_CFLAGS
  HOST_CFLAGS = None
  cargo:rerun-if-env-changed=CFLAGS_aarch64_unknown_linux_gnu
  CFLAGS_aarch64_unknown_linux_gnu = None
  cargo:rerun-if-env-changed=CFLAGS_aarch64-unknown-linux-gnu
  CFLAGS_aarch64-unknown-linux-gnu = None
  cargo:rerun-if-env-changed=CC_aarch64-unknown-linux-gnu
  CC_aarch64-unknown-linux-gnu = None
  cargo:rerun-if-env-changed=CC_aarch64_unknown_linux_gnu
  CC_aarch64_unknown_linux_gnu = Some(gcc)
  cargo:rerun-if-env-changed=CC_KNOWN_WRAPPER_CUSTOM
  CC_KNOWN_WRAPPER_CUSTOM = None
  cargo:rerun-if-env-changed=CRATE_CC_NO_DEFAULTS
  CRATE_CC_NO_DEFAULTS = None
  cargo:rerun-if-env-changed=CFLAGS
  CFLAGS = None
  cargo:rerun-if-env-changed=HOST_CFLAGS
  HOST_CFLAGS = None
  cargo:rerun-if-env-changed=CFLAGS_aarch64_unknown_linux_gnu
  CFLAGS_aarch64_unknown_linux_gnu = None
  cargo:rerun-if-env-changed=CFLAGS_aarch64-unknown-linux-gnu
  CFLAGS_aarch64-unknown-linux-gnu = None
  cargo:rerun-if-env-changed=CC_aarch64-unknown-linux-gnu
  CC_aarch64-unknown-linux-gnu = None
  cargo:rerun-if-env-changed=CC_aarch64_unknown_linux_gnu
  CC_aarch64_unknown_linux_gnu = Some(gcc)
  cargo:rerun-if-env-changed=CC_KNOWN_WRAPPER_CUSTOM
  CC_KNOWN_WRAPPER_CUSTOM = None
  cargo:rerun-if-env-changed=CRATE_CC_NO_DEFAULTS
  CRATE_CC_NO_DEFAULTS = None
  cargo:rerun-if-env-changed=CFLAGS
  CFLAGS = None
  cargo:rerun-if-env-changed=HOST_CFLAGS
  HOST_CFLAGS = None
  cargo:rerun-if-env-changed=CFLAGS_aarch64_unknown_linux_gnu
  CFLAGS_aarch64_unknown_linux_gnu = None
  cargo:rerun-if-env-changed=CFLAGS_aarch64-unknown-linux-gnu
  CFLAGS_aarch64-unknown-linux-gnu = None
  cargo:rerun-if-env-changed=CC_aarch64-unknown-linux-gnu
  CC_aarch64-unknown-linux-gnu = None
  cargo:rerun-if-env-changed=CC_aarch64_unknown_linux_gnu
  CC_aarch64_unknown_linux_gnu = Some(gcc)
  cargo:rerun-if-env-changed=CC_KNOWN_WRAPPER_CUSTOM
  CC_KNOWN_WRAPPER_CUSTOM = None
  cargo:rerun-if-env-changed=CRATE_CC_NO_DEFAULTS
  CRATE_CC_NO_DEFAULTS = None
  cargo:rerun-if-env-changed=CFLAGS
  CFLAGS = None
  cargo:rerun-if-env-changed=HOST_CFLAGS
  HOST_CFLAGS = None
  cargo:rerun-if-env-changed=CFLAGS_aarch64_unknown_linux_gnu
  CFLAGS_aarch64_unknown_linux_gnu = None
  cargo:rerun-if-env-changed=CFLAGS_aarch64-unknown-linux-gnu
  CFLAGS_aarch64-unknown-linux-gnu = None
  cargo:rerun-if-env-changed=CC_aarch64-unknown-linux-gnu
  CC_aarch64-unknown-linux-gnu = None
  cargo:rerun-if-env-changed=CC_aarch64_unknown_linux_gnu
  CC_aarch64_unknown_linux_gnu = Some(gcc)
  cargo:rerun-if-env-changed=CC_KNOWN_WRAPPER_CUSTOM
  CC_KNOWN_WRAPPER_CUSTOM = None
  cargo:rerun-if-env-changed=CRATE_CC_NO_DEFAULTS
  CRATE_CC_NO_DEFAULTS = None
  cargo:rerun-if-env-changed=CFLAGS
  CFLAGS = None
  cargo:rerun-if-env-changed=HOST_CFLAGS
  HOST_CFLAGS = None
  cargo:rerun-if-env-changed=CFLAGS_aarch64_unknown_linux_gnu
  CFLAGS_aarch64_unknown_linux_gnu = None
  cargo:rerun-if-env-changed=CFLAGS_aarch64-unknown-linux-gnu
  CFLAGS_aarch64-unknown-linux-gnu = None
  cargo:rerun-if-env-changed=CC_aarch64-unknown-linux-gnu
  CC_aarch64-unknown-linux-gnu = None
  cargo:rerun-if-env-changed=CC_aarch64_unknown_linux_gnu
  CC_aarch64_unknown_linux_gnu = Some(gcc)
  cargo:rerun-if-env-changed=CC_KNOWN_WRAPPER_CUSTOM
  CC_KNOWN_WRAPPER_CUSTOM = None
  cargo:rerun-if-env-changed=CRATE_CC_NO_DEFAULTS
  CRATE_CC_NO_DEFAULTS = None
  cargo:rerun-if-env-changed=CFLAGS
  CFLAGS = None
  cargo:rerun-if-env-changed=HOST_CFLAGS
  HOST_CFLAGS = None
  cargo:rerun-if-env-changed=CFLAGS_aarch64_unknown_linux_gnu
  CFLAGS_aarch64_unknown_linux_gnu = None
  cargo:rerun-if-env-changed=CFLAGS_aarch64-unknown-linux-gnu
  CFLAGS_aarch64-unknown-linux-gnu = None
  exit status: 0
  exit status: 0
  exit status: 0
  exit status: 0
  exit status: 0
  exit status: 0
  exit status: 0
  exit status: 0
  cargo:rerun-if-env-changed=CC_aarch64-unknown-linux-gnu
  CC_aarch64-unknown-linux-gnu = None
  cargo:rerun-if-env-changed=CC_aarch64_unknown_linux_gnu
  CC_aarch64_unknown_linux_gnu = Some(gcc)
  cargo:rerun-if-env-changed=CC_KNOWN_WRAPPER_CUSTOM
  CC_KNOWN_WRAPPER_CUSTOM = None
  cargo:rerun-if-env-changed=CRATE_CC_NO_DEFAULTS
  CRATE_CC_NO_DEFAULTS = None
  cargo:rerun-if-env-changed=CFLAGS
  CFLAGS = None
  cargo:rerun-if-env-changed=HOST_CFLAGS
  HOST_CFLAGS = None
  cargo:rerun-if-env-changed=CFLAGS_aarch64_unknown_linux_gnu
  CFLAGS_aarch64_unknown_linux_gnu = None
  cargo:rerun-if-env-changed=CFLAGS_aarch64-unknown-linux-gnu
  CFLAGS_aarch64-unknown-linux-gnu = None
  cargo:warning=Cannot create temporary file in /tmp/: No space left on device
  exit status: 0
  signal: 6 (SIGABRT)
  cargo:warning=ToolExecError: command did not execute successfully (status code signal: 6 (SIGABRT)): LC_ALL="C" "gcc" "-O0" "-ffunction-sections" "-fdata-sections" "-fPIC" "-std=c11" "-I" "/home/agent/.cargo/registry/src/index.crates.io-1949cf8c6b5b557f/aws-lc-sys-0.45.0/generated-include" "-I" "/home/agent/.cargo/registry/src/index.crates.io-1949cf8c6b5b557f/aws-lc-sys-0.45.0/include" "-I" "/home/agent/.cargo/registry/src/index.crates.io-1949cf8c6b5b557f/aws-lc-sys-0.45.0/aws-lc/include" "-I" "/home/agent/.cargo/registry/src/index.crates.io-1949cf8c6b5b557f/aws-lc-sys-0.45.0/aws-lc/third_party/s2n-bignum/include" "-I" "/home/agent/.cargo/registry/src/index.crates.io-1949cf8c6b5b557f/aws-lc-sys-0.45.0/aws-lc/third_party/s2n-bignum/s2n-bignum-imported/include" "-I" "/home/agent/.cargo/registry/src/index.crates.io-1949cf8c6b5b557f/aws-lc-sys-0.45.0/aws-lc/third_party/jitterentropy/jitterentropy-library" "-I" "/home/agent/.cargo/registry/src/index.crates.io-1949cf8c6b5b557f/aws-lc-sys-0.45.0/aws-lc/third_party/jitterentropy/jitterentropy-library/src" "-Wall" "-Wextra" "-Wno-unused-parameter" "-pthread" "-D_XOPEN_SOURCE=700" "-DBORINGSSL_IMPLEMENTATION=1" "-DBORINGSSL_PREFIX=aws_lc_0_45_0" "-DAWS_LC_STDALIGN_AVAILABLE=1" "-DAWS_LC_BUILTIN_SWAP_SUPPORTED=1" "-DMY_ASSEMBLER_SUPPORTS_NEON_SHA3_EXTENSION=1" "-DHAVE_LINUX_RANDOM_H=1" "-o" "/home/agent/qa/toad/target/debug/build/aws-lc-sys-2c2aadc25d35480a/out/27a075eab3d35364-pem_x509.o" "-c" "/home/agent/.cargo/registry/src/index.crates.io-1949cf8c6b5b557f/aws-lc-sys-0.45.0/aws-lc/crypto/pem/pem_x509.c"cargo:rerun-if-env-changed=CC_aarch64-unknown-linux-gnu
  CC_aarch64-unknown-linux-gnu = None
  cargo:rerun-if-env-changed=CC_aarch64_unknown_linux_gnu
  CC_aarch64_unknown_linux_gnu = Some(gcc)
  cargo:rerun-if-env-changed=CC_KNOWN_WRAPPER_CUSTOM
  CC_KNOWN_WRAPPER_CUSTOM = None
  cargo:rerun-if-env-changed=CRATE_CC_NO_DEFAULTS
  CRATE_CC_NO_DEFAULTS = None
  cargo:rerun-if-env-changed=CFLAGS
  CFLAGS = None
  cargo:rerun-if-env-changed=HOST_CFLAGS
  HOST_CFLAGS = None
  cargo:rerun-if-env-changed=CFLAGS_aarch64_unknown_linux_gnu
  CFLAGS_aarch64_unknown_linux_gnu = None
  cargo:rerun-if-env-changed=CFLAGS_aarch64-unknown-linux-gnu
  CFLAGS_aarch64-unknown-linux-gnu = None
  cargo:warning=Cannot create temporary file in /tmp/: No space left on device

  signal: 6 (SIGABRT)
  cargo:warning=ToolExecError: command did not execute successfully (status code signal: 6 (SIGABRT)): LC_ALL="C" "gcc" "-O0" "-ffunction-sections" "-fdata-sections" "-fPIC" "-std=c11" "-I" "/home/agent/.cargo/registry/src/index.crates.io-1949cf8c6b5b557f/aws-lc-sys-0.45.0/generated-include" "-I" "/home/agent/.cargo/registry/src/index.crates.io-1949cf8c6b5b557f/aws-lc-sys-0.45.0/include" "-I" "/home/agent/.cargo/registry/src/index.crates.io-1949cf8c6b5b557f/aws-lc-sys-0.45.0/aws-lc/include" "-I" "/home/agent/.cargo/registry/src/index.crates.io-1949cf8c6b5b557f/aws-lc-sys-0.45.0/aws-lc/third_party/s2n-bignum/include" "-I" "/home/agent/.cargo/registry/src/index.crates.io-1949cf8c6b5b557f/aws-lc-sys-0.45.0/aws-lc/third_party/s2n-bignum/s2n-bignum-imported/include" "-I" "/home/agent/.cargo/registry/src/index.crates.io-1949cf8c6b5b557f/aws-lc-sys-0.45.0/aws-lc/third_party/jitterentropy/jitterentropy-library" "-I" "/home/agent/.cargo/registry/src/index.crates.io-1949cf8c6b5b557f/aws-lc-sys-0.45.0/aws-lc/third_party/jitterentropy/jitterentropy-library/src" "-Wall" "-Wextra" "-Wno-unused-parameter" "-pthread" "-D_XOPEN_SOURCE=700" "-DBORINGSSL_IMPLEMENTATION=1" "-DBORINGSSL_PREFIX=aws_lc_0_45_0" "-DAWS_LC_STDALIGN_AVAILABLE=1" "-DAWS_LC_BUILTIN_SWAP_SUPPORTED=1" "-DMY_ASSEMBLER_SUPPORTS_NEON_SHA3_EXTENSION=1" "-DHAVE_LINUX_RANDOM_H=1" "-o" "/home/agent/qa/toad/target/debug/build/aws-lc-sys-2c2aadc25d35480a/out/27a075eab3d35364-pem_xaux.o" "-c" "/home/agent/.cargo/registry/src/index.crates.io-1949cf8c6b5b557f/aws-lc-sys-0.45.0/aws-lc/crypto/pem/pem_xaux.c"cargo:rerun-if-env-changed=CC_aarch64-unknown-linux-gnu
  CC_aarch64-unknown-linux-gnu = None
  cargo:rerun-if-env-changed=CC_aarch64_unknown_linux_gnu
  CC_aarch64_unknown_linux_gnu = Some(gcc)
  cargo:rerun-if-env-changed=CC_KNOWN_WRAPPER_CUSTOM
  CC_KNOWN_WRAPPER_CUSTOM = None
  cargo:rerun-if-env-changed=CRATE_CC_NO_DEFAULTS
  CRATE_CC_NO_DEFAULTS = None
  cargo:rerun-if-env-changed=CFLAGS
  CFLAGS = None
  cargo:rerun-if-env-changed=HOST_CFLAGS
  HOST_CFLAGS = None
  cargo:rerun-if-env-changed=CFLAGS_aarch64_unknown_linux_gnu
  CFLAGS_aarch64_unknown_linux_gnu = None
  cargo:rerun-if-env-changed=CFLAGS_aarch64-unknown-linux-gnu
  CFLAGS_aarch64-unknown-linux-gnu = None
  cargo:rerun-if-env-changed=CC_aarch64-unknown-linux-gnu
  CC_aarch64-unknown-linux-gnu = None
  cargo:rerun-if-env-changed=CC_aarch64_unknown_linux_gnu
  CC_aarch64_unknown_linux_gnu = Some(gcc)
  cargo:rerun-if-env-changed=CC_KNOWN_WRAPPER_CUSTOM
  CC_KNOWN_WRAPPER_CUSTOM = None
  cargo:rerun-if-env-changed=CRATE_CC_NO_DEFAULTS
  CRATE_CC_NO_DEFAULTS = None
  cargo:rerun-if-env-changed=CFLAGS
  CFLAGS = None
  cargo:rerun-if-env-changed=HOST_CFLAGS
  HOST_CFLAGS = None
  cargo:rerun-if-env-changed=CFLAGS_aarch64_unknown_linux_gnu
  CFLAGS_aarch64_unknown_linux_gnu = None
  cargo:rerun-if-env-changed=CFLAGS_aarch64-unknown-linux-gnu
  CFLAGS_aarch64-unknown-linux-gnu = None
  cargo:rerun-if-env-changed=CC_aarch64-unknown-linux-gnu
  CC_aarch64-unknown-linux-gnu = None
  cargo:rerun-if-env-changed=CC_aarch64_unknown_linux_gnu
  CC_aarch64_unknown_linux_gnu = Some(gcc)
  cargo:rerun-if-env-changed=CC_KNOWN_WRAPPER_CUSTOM
  CC_KNOWN_WRAPPER_CUSTOM = None
  cargo:rerun-if-env-changed=CRATE_CC_NO_DEFAULTS
  CRATE_CC_NO_DEFAULTS = None
  cargo:rerun-if-env-changed=CFLAGS
  CFLAGS = None
  cargo:rerun-if-env-changed=HOST_CFLAGS
  HOST_CFLAGS = None
  cargo:rerun-if-env-changed=CFLAGS_aarch64_unknown_linux_gnu
  CFLAGS_aarch64_unknown_linux_gnu = None
  cargo:rerun-if-env-changed=CFLAGS_aarch64-unknown-linux-gnu
  CFLAGS_aarch64-unknown-linux-gnu = None
  cargo:rerun-if-env-changed=CC_aarch64-unknown-linux-gnu
  CC_aarch64-unknown-linux-gnu = None
  cargo:rerun-if-env-changed=CC_aarch64_unknown_linux_gnu
  CC_aarch64_unknown_linux_gnu = Some(gcc)
  cargo:rerun-if-env-changed=CC_KNOWN_WRAPPER_CUSTOM
  CC_KNOWN_WRAPPER_CUSTOM = None
  cargo:rerun-if-env-changed=CRATE_CC_NO_DEFAULTS
  CRATE_CC_NO_DEFAULTS = None
  cargo:rerun-if-env-changed=CFLAGS
  CFLAGS = None
  cargo:rerun-if-env-changed=HOST_CFLAGS
  HOST_CFLAGS = None
  cargo:rerun-if-env-changed=CFLAGS_aarch64_unknown_linux_gnu
  CFLAGS_aarch64_unknown_linux_gnu = None
  cargo:rerun-if-env-changed=CFLAGS_aarch64-unknown-linux-gnu
  CFLAGS_aarch64-unknown-linux-gnu = None
  cargo:rerun-if-env-changed=CC_aarch64-unknown-linux-gnu
  CC_aarch64-unknown-linux-gnu = None
  cargo:rerun-if-env-changed=CC_aarch64_unknown_linux_gnu
  CC_aarch64_unknown_linux_gnu = Some(gcc)
  cargo:rerun-if-env-changed=CC_KNOWN_WRAPPER_CUSTOM
  CC_KNOWN_WRAPPER_CUSTOM = None
  cargo:rerun-if-env-changed=CRATE_CC_NO_DEFAULTS
  CRATE_CC_NO_DEFAULTS = None
  cargo:rerun-if-env-changed=CFLAGS
  CFLAGS = None
  cargo:rerun-if-env-changed=HOST_CFLAGS
  HOST_CFLAGS = None
  cargo:rerun-if-env-changed=CFLAGS_aarch64_unknown_linux_gnu
  CFLAGS_aarch64_unknown_linux_gnu = None
  cargo:rerun-if-env-changed=CFLAGS_aarch64-unknown-linux-gnu
  CFLAGS_aarch64-unknown-linux-gnu = None
  cargo:rerun-if-env-changed=CC_aarch64-unknown-linux-gnu
  CC_aarch64-unknown-linux-gnu = None
  cargo:rerun-if-env-changed=CC_aarch64_unknown_linux_gnu
  CC_aarch64_unknown_linux_gnu = Some(gcc)
  cargo:rerun-if-env-changed=CC_KNOWN_WRAPPER_CUSTOM
  CC_KNOWN_WRAPPER_CUSTOM = None
  cargo:rerun-if-env-changed=CRATE_CC_NO_DEFAULTS
  CRATE_CC_NO_DEFAULTS = None
  cargo:rerun-if-env-changed=CFLAGS
  CFLAGS = None
  cargo:rerun-if-env-changed=HOST_CFLAGS
  HOST_CFLAGS = None
  cargo:rerun-if-env-changed=CFLAGS_aarch64_unknown_linux_gnu
  CFLAGS_aarch64_unknown_linux_gnu = None
  cargo:rerun-if-env-changed=CFLAGS_aarch64-unknown-linux-gnu
  CFLAGS_aarch64-unknown-linux-gnu = None
  cargo:rerun-if-env-changed=CC_aarch64-unknown-linux-gnu
  CC_aarch64-unknown-linux-gnu = None
  cargo:rerun-if-env-changed=CC_aarch64_unknown_linux_gnu
  CC_aarch64_unknown_linux_gnu = Some(gcc)
  cargo:rerun-if-env-changed=CC_KNOWN_WRAPPER_CUSTOM
  CC_KNOWN_WRAPPER_CUSTOM = None
  cargo:rerun-if-env-changed=CRATE_CC_NO_DEFAULTS
  CRATE_CC_NO_DEFAULTS = None
  cargo:rerun-if-env-changed=CFLAGS
  CFLAGS = None
  cargo:rerun-if-env-changed=HOST_CFLAGS
  HOST_CFLAGS = None
  cargo:rerun-if-env-changed=CFLAGS_aarch64_unknown_linux_gnu
  CFLAGS_aarch64_unknown_linux_gnu = None
  cargo:rerun-if-env-changed=CFLAGS_aarch64-unknown-linux-gnu
  CFLAGS_aarch64-unknown-linux-gnu = None
  cargo:rerun-if-env-changed=CC_aarch64-unknown-linux-gnu
  CC_aarch64-unknown-linux-gnu = None
  cargo:rerun-if-env-changed=CC_aarch64_unknown_linux_gnu
  CC_aarch64_unknown_linux_gnu = Some(gcc)
  cargo:rerun-if-env-changed=CC_KNOWN_WRAPPER_CUSTOM
  CC_KNOWN_WRAPPER_CUSTOM = None
  cargo:rerun-if-env-changed=CRATE_CC_NO_DEFAULTS
  CRATE_CC_NO_DEFAULTS = None
  cargo:rerun-if-env-changed=CFLAGS
  CFLAGS = None
  cargo:rerun-if-env-changed=HOST_CFLAGS
  HOST_CFLAGS = None
  cargo:rerun-if-env-changed=CFLAGS_aarch64_unknown_linux_gnu
  CFLAGS_aarch64_unknown_linux_gnu = None
  cargo:rerun-if-env-changed=CFLAGS_aarch64-unknown-linux-gnu
  CFLAGS_aarch64-unknown-linux-gnu = None
  cargo:rerun-if-env-changed=CC_aarch64-unknown-linux-gnu
  CC_aarch64-unknown-linux-gnu = None
  cargo:rerun-if-env-changed=CC_aarch64_unknown_linux_gnu
  CC_aarch64_unknown_linux_gnu = Some(gcc)
  cargo:rerun-if-env-changed=CC_KNOWN_WRAPPER_CUSTOM
  CC_KNOWN_WRAPPER_CUSTOM = None
  cargo:rerun-if-env-changed=CRATE_CC_NO_DEFAULTS
  CRATE_CC_NO_DEFAULTS = None
  cargo:rerun-if-env-changed=CFLAGS
  CFLAGS = None
  cargo:rerun-if-env-changed=HOST_CFLAGS
  HOST_CFLAGS = None
  cargo:rerun-if-env-changed=CFLAGS_aarch64_unknown_linux_gnu
  CFLAGS_aarch64_unknown_linux_gnu = None
  cargo:rerun-if-env-changed=CFLAGS_aarch64-unknown-linux-gnu
  CFLAGS_aarch64-unknown-linux-gnu = None

  exit status: 0
  exit status: 0
  exit status: 0
  exit status: 0
  exit status: 0
  exit status: 0
  exit status: 0
  exit status: 0
  cargo:rerun-if-env-changed=CC_aarch64-unknown-linux-gnu
  CC_aarch64-unknown-linux-gnu = None
  cargo:rerun-if-env-changed=CC_aarch64_unknown_linux_gnu
  CC_aarch64_unknown_linux_gnu = Some(gcc)
  cargo:rerun-if-env-changed=CC_KNOWN_WRAPPER_CUSTOM
  CC_KNOWN_WRAPPER_CUSTOM = None
  cargo:rerun-if-env-changed=CRATE_CC_NO_DEFAULTS
  CRATE_CC_NO_DEFAULTS = None
  cargo:rerun-if-env-changed=CFLAGS
  CFLAGS = None
  cargo:rerun-if-env-changed=HOST_CFLAGS
  HOST_CFLAGS = None
  cargo:rerun-if-env-changed=CFLAGS_aarch64_unknown_linux_gnu
  CFLAGS_aarch64_unknown_linux_gnu = None
  cargo:rerun-if-env-changed=CFLAGS_aarch64-unknown-linux-gnu
  CFLAGS_aarch64-unknown-linux-gnu = None
  cargo:rerun-if-env-changed=CC_aarch64-unknown-linux-gnu
  CC_aarch64-unknown-linux-gnu = None
  cargo:rerun-if-env-changed=CC_aarch64_unknown_linux_gnu
  CC_aarch64_unknown_linux_gnu = Some(gcc)
  cargo:rerun-if-env-changed=CC_KNOWN_WRAPPER_CUSTOM
  CC_KNOWN_WRAPPER_CUSTOM = None
  cargo:rerun-if-env-changed=CRATE_CC_NO_DEFAULTS
  CRATE_CC_NO_DEFAULTS = None
  cargo:rerun-if-env-changed=CFLAGS
  CFLAGS = None
  cargo:rerun-if-env-changed=HOST_CFLAGS
  HOST_CFLAGS = None
  cargo:rerun-if-env-changed=CFLAGS_aarch64_unknown_linux_gnu
  CFLAGS_aarch64_unknown_linux_gnu = None
  cargo:rerun-if-env-changed=CFLAGS_aarch64-unknown-linux-gnu
  CFLAGS_aarch64-unknown-linux-gnu = None
  cargo:rerun-if-env-changed=CC_aarch64-unknown-linux-gnu
  CC_aarch64-unknown-linux-gnu = None
  cargo:rerun-if-env-changed=CC_aarch64_unknown_linux_gnu
  CC_aarch64_unknown_linux_gnu = Some(gcc)
  cargo:rerun-if-env-changed=CC_KNOWN_WRAPPER_CUSTOM
  CC_KNOWN_WRAPPER_CUSTOM = None
  cargo:rerun-if-env-changed=CRATE_CC_NO_DEFAULTS
  CRATE_CC_NO_DEFAULTS = None
  cargo:rerun-if-env-changed=CFLAGS
  CFLAGS = None
  cargo:rerun-if-env-changed=HOST_CFLAGS
  HOST_CFLAGS = None
  cargo:rerun-if-env-changed=CFLAGS_aarch64_unknown_linux_gnu
  CFLAGS_aarch64_unknown_linux_gnu = None
  cargo:rerun-if-env-changed=CFLAGS_aarch64-unknown-linux-gnu
  CFLAGS_aarch64-unknown-linux-gnu = None
  cargo:rerun-if-env-changed=CC_aarch64-unknown-linux-gnu
  CC_aarch64-unknown-linux-gnu = None
  cargo:rerun-if-env-changed=CC_aarch64_unknown_linux_gnu
  CC_aarch64_unknown_linux_gnu = Some(gcc)
  cargo:rerun-if-env-changed=CC_KNOWN_WRAPPER_CUSTOM
  CC_KNOWN_WRAPPER_CUSTOM = None
  cargo:rerun-if-env-changed=CRATE_CC_NO_DEFAULTS
  CRATE_CC_NO_DEFAULTS = None
  cargo:rerun-if-env-changed=CFLAGS
  CFLAGS = None
  cargo:rerun-if-env-changed=HOST_CFLAGS
  HOST_CFLAGS = None
  cargo:rerun-if-env-changed=CFLAGS_aarch64_unknown_linux_gnu
  CFLAGS_aarch64_unknown_linux_gnu = None
  cargo:rerun-if-env-changed=CFLAGS_aarch64-unknown-linux-gnu
  CFLAGS_aarch64-unknown-linux-gnu = None
  cargo:rerun-if-env-changed=CC_aarch64-unknown-linux-gnu
  CC_aarch64-unknown-linux-gnu = None
  cargo:rerun-if-env-changed=CC_aarch64_unknown_linux_gnu
  CC_aarch64_unknown_linux_gnu = Some(gcc)
  cargo:rerun-if-env-changed=CC_KNOWN_WRAPPER_CUSTOM
  CC_KNOWN_WRAPPER_CUSTOM = None
  cargo:rerun-if-env-changed=CRATE_CC_NO_DEFAULTS
  CRATE_CC_NO_DEFAULTS = None
  cargo:rerun-if-env-changed=CFLAGS
  CFLAGS = None
  cargo:rerun-if-env-changed=HOST_CFLAGS
  HOST_CFLAGS = None
  cargo:rerun-if-env-changed=CFLAGS_aarch64_unknown_linux_gnu
  CFLAGS_aarch64_unknown_linux_gnu = None
  cargo:rerun-if-env-changed=CFLAGS_aarch64-unknown-linux-gnu
  CFLAGS_aarch64-unknown-linux-gnu = None
  cargo:rerun-if-env-changed=CC_aarch64-unknown-linux-gnu
  CC_aarch64-unknown-linux-gnu = None
  cargo:rerun-if-env-changed=CC_aarch64_unknown_linux_gnu
  CC_aarch64_unknown_linux_gnu = Some(gcc)
  cargo:rerun-if-env-changed=CC_KNOWN_WRAPPER_CUSTOM
  CC_KNOWN_WRAPPER_CUSTOM = None
  cargo:rerun-if-env-changed=CRATE_CC_NO_DEFAULTS
  CRATE_CC_NO_DEFAULTS = None
  cargo:rerun-if-env-changed=CFLAGS
  CFLAGS = None
  cargo:rerun-if-env-changed=HOST_CFLAGS
  HOST_CFLAGS = None
  cargo:rerun-if-env-changed=CFLAGS_aarch64_unknown_linux_gnu
  CFLAGS_aarch64_unknown_linux_gnu = None
  cargo:rerun-if-env-changed=CFLAGS_aarch64-unknown-linux-gnu
  CFLAGS_aarch64-unknown-linux-gnu = None
  cargo:rerun-if-env-changed=CC_aarch64-unknown-linux-gnu
  CC_aarch64-unknown-linux-gnu = None
  cargo:rerun-if-env-changed=CC_aarch64_unknown_linux_gnu
  CC_aarch64_unknown_linux_gnu = Some(gcc)
  cargo:rerun-if-env-changed=CC_KNOWN_WRAPPER_CUSTOM
  CC_KNOWN_WRAPPER_CUSTOM = None
  cargo:rerun-if-env-changed=CRATE_CC_NO_DEFAULTS
  CRATE_CC_NO_DEFAULTS = None
  cargo:rerun-if-env-changed=CFLAGS
  CFLAGS = None
  cargo:rerun-if-env-changed=HOST_CFLAGS
  HOST_CFLAGS = None
  cargo:rerun-if-env-changed=CFLAGS_aarch64_unknown_linux_gnu
  CFLAGS_aarch64_unknown_linux_gnu = None
  cargo:rerun-if-env-changed=CFLAGS_aarch64-unknown-linux-gnu
  CFLAGS_aarch64-unknown-linux-gnu = None
  cargo:rerun-if-env-changed=CC_aarch64-unknown-linux-gnu
  CC_aarch64-unknown-linux-gnu = None
  cargo:rerun-if-env-changed=CC_aarch64_unknown_linux_gnu
  CC_aarch64_unknown_linux_gnu = Some(gcc)
  cargo:rerun-if-env-changed=CC_KNOWN_WRAPPER_CUSTOM
  CC_KNOWN_WRAPPER_CUSTOM = None
  cargo:rerun-if-env-changed=CRATE_CC_NO_DEFAULTS
  CRATE_CC_NO_DEFAULTS = None
  cargo:rerun-if-env-changed=CFLAGS
  CFLAGS = None
  cargo:rerun-if-env-changed=HOST_CFLAGS
  HOST_CFLAGS = None
  cargo:rerun-if-env-changed=CFLAGS_aarch64_unknown_linux_gnu
  CFLAGS_aarch64_unknown_linux_gnu = None
  cargo:rerun-if-env-changed=CFLAGS_aarch64-unknown-linux-gnu
  CFLAGS_aarch64-unknown-linux-gnu = None
  cargo:rerun-if-env-changed=CC_aarch64-unknown-linux-gnu
  CC_aarch64-unknown-linux-gnu = None
  cargo:rerun-if-env-changed=CC_aarch64_unknown_linux_gnu
  CC_aarch64_unknown_linux_gnu = Some(gcc)
  cargo:rerun-if-env-changed=CC_KNOWN_WRAPPER_CUSTOM
  CC_KNOWN_WRAPPER_CUSTOM = None
  cargo:rerun-if-env-changed=CRATE_CC_NO_DEFAULTS
  CRATE_CC_NO_DEFAULTS = None
  cargo:rerun-if-env-changed=CFLAGS
  CFLAGS = None
  cargo:rerun-if-env-changed=HOST_CFLAGS
  HOST_CFLAGS = None
  cargo:rerun-if-env-changed=CFLAGS_aarch64_unknown_linux_gnu
  CFLAGS_aarch64_unknown_linux_gnu = None
  cargo:rerun-if-env-changed=CFLAGS_aarch64-unknown-linux-gnu
  CFLAGS_aarch64-unknown-linux-gnu = None
  exit status: 0
  exit status: 0
  exit status: 0
  exit status: 0
  exit status: 0
  exit status: 0
  exit status: 0
  exit status: 0
  cargo:rerun-if-env-changed=CC_aarch64-unknown-linux-gnu
  CC_aarch64-unknown-linux-gnu = None
  cargo:rerun-if-env-changed=CC_aarch64_unknown_linux_gnu
  CC_aarch64_unknown_linux_gnu = Some(gcc)
  cargo:rerun-if-env-changed=CC_KNOWN_WRAPPER_CUSTOM
  CC_KNOWN_WRAPPER_CUSTOM = None
  cargo:rerun-if-env-changed=CRATE_CC_NO_DEFAULTS
  CRATE_CC_NO_DEFAULTS = None
  cargo:rerun-if-env-changed=CFLAGS
  CFLAGS = None
  cargo:rerun-if-env-changed=HOST_CFLAGS
  HOST_CFLAGS = None
  cargo:rerun-if-env-changed=CFLAGS_aarch64_unknown_linux_gnu
  CFLAGS_aarch64_unknown_linux_gnu = None
  cargo:rerun-if-env-changed=CFLAGS_aarch64-unknown-linux-gnu
  CFLAGS_aarch64-unknown-linux-gnu = None
  cargo:rerun-if-env-changed=CC_aarch64-unknown-linux-gnu
  CC_aarch64-unknown-linux-gnu = None
  cargo:rerun-if-env-changed=CC_aarch64_unknown_linux_gnu
  CC_aarch64_unknown_linux_gnu = Some(gcc)
  cargo:rerun-if-env-changed=CC_KNOWN_WRAPPER_CUSTOM
  CC_KNOWN_WRAPPER_CUSTOM = None
  cargo:rerun-if-env-changed=CRATE_CC_NO_DEFAULTS
  CRATE_CC_NO_DEFAULTS = None
  cargo:rerun-if-env-changed=CFLAGS
  CFLAGS = None
  cargo:rerun-if-env-changed=HOST_CFLAGS
  HOST_CFLAGS = None
  cargo:rerun-if-env-changed=CFLAGS_aarch64_unknown_linux_gnu
  CFLAGS_aarch64_unknown_linux_gnu = None
  cargo:rerun-if-env-changed=CFLAGS_aarch64-unknown-linux-gnu
  CFLAGS_aarch64-unknown-linux-gnu = None
  cargo:rerun-if-env-changed=CC_aarch64-unknown-linux-gnu
  CC_aarch64-unknown-linux-gnu = None
  cargo:rerun-if-env-changed=CC_aarch64_unknown_linux_gnu
  CC_aarch64_unknown_linux_gnu = Some(gcc)
  cargo:rerun-if-env-changed=CC_KNOWN_WRAPPER_CUSTOM
  CC_KNOWN_WRAPPER_CUSTOM = None
  cargo:rerun-if-env-changed=CRATE_CC_NO_DEFAULTS
  CRATE_CC_NO_DEFAULTS = None
  cargo:rerun-if-env-changed=CFLAGS
  CFLAGS = None
  cargo:rerun-if-env-changed=HOST_CFLAGS
  HOST_CFLAGS = None
  cargo:rerun-if-env-changed=CFLAGS_aarch64_unknown_linux_gnu
  CFLAGS_aarch64_unknown_linux_gnu = None
  cargo:rerun-if-env-changed=CFLAGS_aarch64-unknown-linux-gnu
  CFLAGS_aarch64-unknown-linux-gnu = None
  cargo:rerun-if-env-changed=CC_aarch64-unknown-linux-gnu
  CC_aarch64-unknown-linux-gnu = None
  cargo:rerun-if-env-changed=CC_aarch64_unknown_linux_gnu
  CC_aarch64_unknown_linux_gnu = Some(gcc)
  cargo:rerun-if-env-changed=CC_KNOWN_WRAPPER_CUSTOM
  CC_KNOWN_WRAPPER_CUSTOM = None
  cargo:rerun-if-env-changed=CRATE_CC_NO_DEFAULTS
  CRATE_CC_NO_DEFAULTS = None
  cargo:rerun-if-env-changed=CFLAGS
  CFLAGS = None
  cargo:rerun-if-env-changed=HOST_CFLAGS
  HOST_CFLAGS = None
  cargo:rerun-if-env-changed=CFLAGS_aarch64_unknown_linux_gnu
  CFLAGS_aarch64_unknown_linux_gnu = None
  cargo:rerun-if-env-changed=CFLAGS_aarch64-unknown-linux-gnu
  CFLAGS_aarch64-unknown-linux-gnu = None
  cargo:rerun-if-env-changed=CC_aarch64-unknown-linux-gnu
  CC_aarch64-unknown-linux-gnu = None
  cargo:rerun-if-env-changed=CC_aarch64_unknown_linux_gnu
  CC_aarch64_unknown_linux_gnu = Some(gcc)
  cargo:rerun-if-env-changed=CC_KNOWN_WRAPPER_CUSTOM
  CC_KNOWN_WRAPPER_CUSTOM = None
  cargo:rerun-if-env-changed=CRATE_CC_NO_DEFAULTS
  CRATE_CC_NO_DEFAULTS = None
  cargo:rerun-if-env-changed=CFLAGS
  CFLAGS = None
  cargo:rerun-if-env-changed=HOST_CFLAGS
  HOST_CFLAGS = None
  cargo:rerun-if-env-changed=CFLAGS_aarch64_unknown_linux_gnu
  CFLAGS_aarch64_unknown_linux_gnu = None
  cargo:rerun-if-env-changed=CFLAGS_aarch64-unknown-linux-gnu
  CFLAGS_aarch64-unknown-linux-gnu = None
  cargo:rerun-if-env-changed=CC_aarch64-unknown-linux-gnu
  CC_aarch64-unknown-linux-gnu = None
  cargo:rerun-if-env-changed=CC_aarch64_unknown_linux_gnu
  CC_aarch64_unknown_linux_gnu = Some(gcc)
  cargo:rerun-if-env-changed=CC_KNOWN_WRAPPER_CUSTOM
  CC_KNOWN_WRAPPER_CUSTOM = None
  cargo:rerun-if-env-changed=CRATE_CC_NO_DEFAULTS
  CRATE_CC_NO_DEFAULTS = None
  cargo:rerun-if-env-changed=CFLAGS
  CFLAGS = None
  cargo:rerun-if-env-changed=HOST_CFLAGS
  HOST_CFLAGS = None
  cargo:rerun-if-env-changed=CFLAGS_aarch64_unknown_linux_gnu
  CFLAGS_aarch64_unknown_linux_gnu = None
  cargo:rerun-if-env-changed=CFLAGS_aarch64-unknown-linux-gnu
  CFLAGS_aarch64-unknown-linux-gnu = None
  cargo:rerun-if-env-changed=CC_aarch64-unknown-linux-gnu
  CC_aarch64-unknown-linux-gnu = None
  cargo:rerun-if-env-changed=CC_aarch64_unknown_linux_gnu
  CC_aarch64_unknown_linux_gnu = Some(gcc)
  cargo:rerun-if-env-changed=CC_KNOWN_WRAPPER_CUSTOM
  CC_KNOWN_WRAPPER_CUSTOM = None
  cargo:rerun-if-env-changed=CRATE_CC_NO_DEFAULTS
  CRATE_CC_NO_DEFAULTS = None
  cargo:rerun-if-env-changed=CFLAGS
  CFLAGS = None
  cargo:rerun-if-env-changed=HOST_CFLAGS
  HOST_CFLAGS = None
  cargo:rerun-if-env-changed=CFLAGS_aarch64_unknown_linux_gnu
  CFLAGS_aarch64_unknown_linux_gnu = None
  cargo:rerun-if-env-changed=CFLAGS_aarch64-unknown-linux-gnu
  CFLAGS_aarch64-unknown-linux-gnu = None
  cargo:rerun-if-env-changed=CC_aarch64-unknown-linux-gnu
  CC_aarch64-unknown-linux-gnu = None
  cargo:rerun-if-env-changed=CC_aarch64_unknown_linux_gnu
  CC_aarch64_unknown_linux_gnu = Some(gcc)
  cargo:rerun-if-env-changed=CC_KNOWN_WRAPPER_CUSTOM
  CC_KNOWN_WRAPPER_CUSTOM = None
  cargo:rerun-if-env-changed=CRATE_CC_NO_DEFAULTS
  CRATE_CC_NO_DEFAULTS = None
  cargo:rerun-if-env-changed=CFLAGS
  CFLAGS = None
  cargo:rerun-if-env-changed=HOST_CFLAGS
  HOST_CFLAGS = None
  cargo:rerun-if-env-changed=CFLAGS_aarch64_unknown_linux_gnu
  CFLAGS_aarch64_unknown_linux_gnu = None
  cargo:rerun-if-env-changed=CFLAGS_aarch64-unknown-linux-gnu
  CFLAGS_aarch64-unknown-linux-gnu = None
  exit status: 0
  exit status: 0
  exit status: 0
  exit status: 0
  exit status: 0
  exit status: 0
  exit status: 0
  exit status: 0
  cargo:rerun-if-env-changed=CC_aarch64-unknown-linux-gnu
  CC_aarch64-unknown-linux-gnu = None
  cargo:rerun-if-env-changed=CC_aarch64_unknown_linux_gnu
  CC_aarch64_unknown_linux_gnu = Some(gcc)
  cargo:rerun-if-env-changed=CC_KNOWN_WRAPPER_CUSTOM
  CC_KNOWN_WRAPPER_CUSTOM = None
  cargo:rerun-if-env-changed=CRATE_CC_NO_DEFAULTS
  CRATE_CC_NO_DEFAULTS = None
  cargo:rerun-if-env-changed=CFLAGS
  CFLAGS = None
  cargo:rerun-if-env-changed=HOST_CFLAGS
  HOST_CFLAGS = None
  cargo:rerun-if-env-changed=CFLAGS_aarch64_unknown_linux_gnu
  CFLAGS_aarch64_unknown_linux_gnu = None
  cargo:rerun-if-env-changed=CFLAGS_aarch64-unknown-linux-gnu
  CFLAGS_aarch64-unknown-linux-gnu = None
  cargo:rerun-if-env-changed=CC_aarch64-unknown-linux-gnu
  CC_aarch64-unknown-linux-gnu = None
  cargo:rerun-if-env-changed=CC_aarch64_unknown_linux_gnu
  CC_aarch64_unknown_linux_gnu = Some(gcc)
  cargo:rerun-if-env-changed=CC_KNOWN_WRAPPER_CUSTOM
  CC_KNOWN_WRAPPER_CUSTOM = None
  cargo:rerun-if-env-changed=CRATE_CC_NO_DEFAULTS
  CRATE_CC_NO_DEFAULTS = None
  cargo:rerun-if-env-changed=CFLAGS
  CFLAGS = None
  cargo:rerun-if-env-changed=HOST_CFLAGS
  HOST_CFLAGS = None
  cargo:rerun-if-env-changed=CFLAGS_aarch64_unknown_linux_gnu
  CFLAGS_aarch64_unknown_linux_gnu = None
  cargo:rerun-if-env-changed=CFLAGS_aarch64-unknown-linux-gnu
  CFLAGS_aarch64-unknown-linux-gnu = None
  cargo:rerun-if-env-changed=CC_aarch64-unknown-linux-gnu
  CC_aarch64-unknown-linux-gnu = None
  cargo:rerun-if-env-changed=CC_aarch64_unknown_linux_gnu
  CC_aarch64_unknown_linux_gnu = Some(gcc)
  cargo:rerun-if-env-changed=CC_KNOWN_WRAPPER_CUSTOM
  CC_KNOWN_WRAPPER_CUSTOM = None
  cargo:rerun-if-env-changed=CRATE_CC_NO_DEFAULTS
  CRATE_CC_NO_DEFAULTS = None
  cargo:rerun-if-env-changed=CFLAGS
  CFLAGS = None
  cargo:rerun-if-env-changed=HOST_CFLAGS
  HOST_CFLAGS = None
  cargo:rerun-if-env-changed=CFLAGS_aarch64_unknown_linux_gnu
  CFLAGS_aarch64_unknown_linux_gnu = None
  cargo:rerun-if-env-changed=CFLAGS_aarch64-unknown-linux-gnu
  CFLAGS_aarch64-unknown-linux-gnu = None
  cargo:rerun-if-env-changed=CC_aarch64-unknown-linux-gnu
  CC_aarch64-unknown-linux-gnu = None
  cargo:rerun-if-env-changed=CC_aarch64_unknown_linux_gnu
  CC_aarch64_unknown_linux_gnu = Some(gcc)
  cargo:rerun-if-env-changed=CC_KNOWN_WRAPPER_CUSTOM
  CC_KNOWN_WRAPPER_CUSTOM = None
  cargo:rerun-if-env-changed=CRATE_CC_NO_DEFAULTS
  CRATE_CC_NO_DEFAULTS = None
  cargo:rerun-if-env-changed=CFLAGS
  CFLAGS = None
  cargo:rerun-if-env-changed=HOST_CFLAGS
  HOST_CFLAGS = None
  cargo:rerun-if-env-changed=CFLAGS_aarch64_unknown_linux_gnu
  CFLAGS_aarch64_unknown_linux_gnu = None
  cargo:rerun-if-env-changed=CFLAGS_aarch64-unknown-linux-gnu
  CFLAGS_aarch64-unknown-linux-gnu = None
  cargo:rerun-if-env-changed=CC_aarch64-unknown-linux-gnu
  CC_aarch64-unknown-linux-gnu = None
  cargo:rerun-if-env-changed=CC_aarch64_unknown_linux_gnu
  CC_aarch64_unknown_linux_gnu = Some(gcc)
  cargo:rerun-if-env-changed=CC_KNOWN_WRAPPER_CUSTOM
  CC_KNOWN_WRAPPER_CUSTOM = None
  cargo:rerun-if-env-changed=CRATE_CC_NO_DEFAULTS
  CRATE_CC_NO_DEFAULTS = None
  cargo:rerun-if-env-changed=CFLAGS
  CFLAGS = None
  cargo:rerun-if-env-changed=HOST_CFLAGS
  HOST_CFLAGS = None
  cargo:rerun-if-env-changed=CFLAGS_aarch64_unknown_linux_gnu
  CFLAGS_aarch64_unknown_linux_gnu = None
  cargo:rerun-if-env-changed=CFLAGS_aarch64-unknown-linux-gnu
  CFLAGS_aarch64-unknown-linux-gnu = None
  cargo:rerun-if-env-changed=CC_aarch64-unknown-linux-gnu
  CC_aarch64-unknown-linux-gnu = None
  cargo:rerun-if-env-changed=CC_aarch64_unknown_linux_gnu
  CC_aarch64_unknown_linux_gnu = Some(gcc)
  cargo:rerun-if-env-changed=CC_KNOWN_WRAPPER_CUSTOM
  CC_KNOWN_WRAPPER_CUSTOM = None
  cargo:rerun-if-env-changed=CRATE_CC_NO_DEFAULTS
  CRATE_CC_NO_DEFAULTS = None
  cargo:rerun-if-env-changed=CFLAGS
  CFLAGS = None
  cargo:rerun-if-env-changed=HOST_CFLAGS
  HOST_CFLAGS = None
  cargo:rerun-if-env-changed=CFLAGS_aarch64_unknown_linux_gnu
  CFLAGS_aarch64_unknown_linux_gnu = None
  cargo:rerun-if-env-changed=CFLAGS_aarch64-unknown-linux-gnu
  CFLAGS_aarch64-unknown-linux-gnu = None
  cargo:rerun-if-env-changed=CC_aarch64-unknown-linux-gnu
  CC_aarch64-unknown-linux-gnu = None
  cargo:rerun-if-env-changed=CC_aarch64_unknown_linux_gnu
  CC_aarch64_unknown_linux_gnu = Some(gcc)
  cargo:rerun-if-env-changed=CC_KNOWN_WRAPPER_CUSTOM
  CC_KNOWN_WRAPPER_CUSTOM = None
  cargo:rerun-if-env-changed=CRATE_CC_NO_DEFAULTS
  CRATE_CC_NO_DEFAULTS = None
  cargo:rerun-if-env-changed=CFLAGS
  CFLAGS = None
  cargo:rerun-if-env-changed=HOST_CFLAGS
  HOST_CFLAGS = None
  cargo:rerun-if-env-changed=CFLAGS_aarch64_unknown_linux_gnu
  CFLAGS_aarch64_unknown_linux_gnu = None
  cargo:rerun-if-env-changed=CFLAGS_aarch64-unknown-linux-gnu
  CFLAGS_aarch64-unknown-linux-gnu = None
  exit status: 0
  exit status: 0
  exit status: 0
  exit status: 0
  exit status: 0
  exit status: 0
  exit status: 0
  exit status: 0
  cargo:rerun-if-env-changed=CC_aarch64-unknown-linux-gnu
  CC_aarch64-unknown-linux-gnu = None
  cargo:rerun-if-env-changed=CC_aarch64_unknown_linux_gnu
  CC_aarch64_unknown_linux_gnu = Some(gcc)
  cargo:rerun-if-env-changed=CC_KNOWN_WRAPPER_CUSTOM
  CC_KNOWN_WRAPPER_CUSTOM = None
  cargo:rerun-if-env-changed=CRATE_CC_NO_DEFAULTS
  CRATE_CC_NO_DEFAULTS = None
  cargo:rerun-if-env-changed=CFLAGS
  CFLAGS = None
  cargo:rerun-if-env-changed=HOST_CFLAGS
  HOST_CFLAGS = None
  cargo:rerun-if-env-changed=CFLAGS_aarch64_unknown_linux_gnu
  CFLAGS_aarch64_unknown_linux_gnu = None
  cargo:rerun-if-env-changed=CFLAGS_aarch64-unknown-linux-gnu
  CFLAGS_aarch64-unknown-linux-gnu = None
  cargo:rerun-if-env-changed=CC_aarch64-unknown-linux-gnu
  CC_aarch64-unknown-linux-gnu = None
  cargo:rerun-if-env-changed=CC_aarch64_unknown_linux_gnu
  CC_aarch64_unknown_linux_gnu = Some(gcc)
  cargo:rerun-if-env-changed=CC_KNOWN_WRAPPER_CUSTOM
  CC_KNOWN_WRAPPER_CUSTOM = None
  cargo:rerun-if-env-changed=CRATE_CC_NO_DEFAULTS
  CRATE_CC_NO_DEFAULTS = None
  cargo:rerun-if-env-changed=CFLAGS
  CFLAGS = None
  cargo:rerun-if-env-changed=HOST_CFLAGS
  HOST_CFLAGS = None
  cargo:rerun-if-env-changed=CFLAGS_aarch64_unknown_linux_gnu
  CFLAGS_aarch64_unknown_linux_gnu = None
  cargo:rerun-if-env-changed=CFLAGS_aarch64-unknown-linux-gnu
  CFLAGS_aarch64-unknown-linux-gnu = None
  cargo:rerun-if-env-changed=CC_aarch64-unknown-linux-gnu
  CC_aarch64-unknown-linux-gnu = None
  cargo:rerun-if-env-changed=CC_aarch64_unknown_linux_gnu
  CC_aarch64_unknown_linux_gnu = Some(gcc)
  cargo:rerun-if-env-changed=CC_KNOWN_WRAPPER_CUSTOM
  CC_KNOWN_WRAPPER_CUSTOM = None
  cargo:rerun-if-env-changed=CRATE_CC_NO_DEFAULTS
  CRATE_CC_NO_DEFAULTS = None
  cargo:rerun-if-env-changed=CFLAGS
  CFLAGS = None
  cargo:rerun-if-env-changed=HOST_CFLAGS
  HOST_CFLAGS = None
  cargo:rerun-if-env-changed=CFLAGS_aarch64_unknown_linux_gnu
  CFLAGS_aarch64_unknown_linux_gnu = None
  cargo:rerun-if-env-changed=CFLAGS_aarch64-unknown-linux-gnu
  CFLAGS_aarch64-unknown-linux-gnu = None
  cargo:rerun-if-env-changed=CC_aarch64-unknown-linux-gnu
  CC_aarch64-unknown-linux-gnu = None
  cargo:rerun-if-env-changed=CC_aarch64_unknown_linux_gnu
  CC_aarch64_unknown_linux_gnu = Some(gcc)
  cargo:rerun-if-env-changed=CC_KNOWN_WRAPPER_CUSTOM
  CC_KNOWN_WRAPPER_CUSTOM = None
  cargo:rerun-if-env-changed=CRATE_CC_NO_DEFAULTS
  CRATE_CC_NO_DEFAULTS = None
  cargo:rerun-if-env-changed=CFLAGS
  CFLAGS = None
  cargo:rerun-if-env-changed=HOST_CFLAGS
  HOST_CFLAGS = None
  cargo:rerun-if-env-changed=CFLAGS_aarch64_unknown_linux_gnu
  CFLAGS_aarch64_unknown_linux_gnu = None
  cargo:rerun-if-env-changed=CFLAGS_aarch64-unknown-linux-gnu
  CFLAGS_aarch64-unknown-linux-gnu = None
  cargo:rerun-if-env-changed=CC_aarch64-unknown-linux-gnu
  CC_aarch64-unknown-linux-gnu = None
  cargo:rerun-if-env-changed=CC_aarch64_unknown_linux_gnu
  CC_aarch64_unknown_linux_gnu = Some(gcc)
  cargo:rerun-if-env-changed=CC_KNOWN_WRAPPER_CUSTOM
  CC_KNOWN_WRAPPER_CUSTOM = None
  cargo:rerun-if-env-changed=CRATE_CC_NO_DEFAULTS
  CRATE_CC_NO_DEFAULTS = None
  cargo:rerun-if-env-changed=CFLAGS
  CFLAGS = None
  cargo:rerun-if-env-changed=HOST_CFLAGS
  HOST_CFLAGS = None
  cargo:rerun-if-env-changed=CFLAGS_aarch64_unknown_linux_gnu
  CFLAGS_aarch64_unknown_linux_gnu = None
  cargo:rerun-if-env-changed=CFLAGS_aarch64-unknown-linux-gnu
  CFLAGS_aarch64-unknown-linux-gnu = None
  cargo:rerun-if-env-changed=CC_aarch64-unknown-linux-gnu
  CC_aarch64-unknown-linux-gnu = None
  cargo:rerun-if-env-changed=CC_aarch64_unknown_linux_gnu
  CC_aarch64_unknown_linux_gnu = Some(gcc)
  cargo:rerun-if-env-changed=CC_KNOWN_WRAPPER_CUSTOM
  CC_KNOWN_WRAPPER_CUSTOM = None
  cargo:rerun-if-env-changed=CRATE_CC_NO_DEFAULTS
  CRATE_CC_NO_DEFAULTS = None
  cargo:rerun-if-env-changed=CFLAGS
  CFLAGS = None
  cargo:rerun-if-env-changed=HOST_CFLAGS
  HOST_CFLAGS = None
  cargo:rerun-if-env-changed=CFLAGS_aarch64_unknown_linux_gnu
  CFLAGS_aarch64_unknown_linux_gnu = None
  cargo:rerun-if-env-changed=CFLAGS_aarch64-unknown-linux-gnu
  CFLAGS_aarch64-unknown-linux-gnu = None
  cargo:rerun-if-env-changed=CC_aarch64-unknown-linux-gnu
  CC_aarch64-unknown-linux-gnu = None
  cargo:rerun-if-env-changed=CC_aarch64_unknown_linux_gnu
  CC_aarch64_unknown_linux_gnu = Some(gcc)
  cargo:rerun-if-env-changed=CC_KNOWN_WRAPPER_CUSTOM
  CC_KNOWN_WRAPPER_CUSTOM = None
  cargo:rerun-if-env-changed=CRATE_CC_NO_DEFAULTS
  CRATE_CC_NO_DEFAULTS = None
  cargo:rerun-if-env-changed=CFLAGS
  CFLAGS = None
  cargo:rerun-if-env-changed=HOST_CFLAGS
  HOST_CFLAGS = None
  cargo:rerun-if-env-changed=CFLAGS_aarch64_unknown_linux_gnu
  CFLAGS_aarch64_unknown_linux_gnu = None
  cargo:rerun-if-env-changed=CFLAGS_aarch64-unknown-linux-gnu
  CFLAGS_aarch64-unknown-linux-gnu = None
  cargo:rerun-if-env-changed=CC_aarch64-unknown-linux-gnu
  CC_aarch64-unknown-linux-gnu = None
  cargo:rerun-if-env-changed=CC_aarch64_unknown_linux_gnu
  CC_aarch64_unknown_linux_gnu = Some(gcc)
  cargo:rerun-if-env-changed=CC_KNOWN_WRAPPER_CUSTOM
  CC_KNOWN_WRAPPER_CUSTOM = None
  cargo:rerun-if-env-changed=CRATE_CC_NO_DEFAULTS
  CRATE_CC_NO_DEFAULTS = None
  cargo:rerun-if-env-changed=CFLAGS
  CFLAGS = None
  cargo:rerun-if-env-changed=HOST_CFLAGS
  HOST_CFLAGS = None
  cargo:rerun-if-env-changed=CFLAGS_aarch64_unknown_linux_gnu
  CFLAGS_aarch64_unknown_linux_gnu = None
  cargo:rerun-if-env-changed=CFLAGS_aarch64-unknown-linux-gnu
  CFLAGS_aarch64-unknown-linux-gnu = None
  cargo:rerun-if-env-changed=CC_aarch64-unknown-linux-gnu
  CC_aarch64-unknown-linux-gnu = None
  cargo:rerun-if-env-changed=CC_aarch64_unknown_linux_gnu
  CC_aarch64_unknown_linux_gnu = Some(gcc)
  cargo:rerun-if-env-changed=CC_KNOWN_WRAPPER_CUSTOM
  CC_KNOWN_WRAPPER_CUSTOM = None
  cargo:rerun-if-env-changed=CRATE_CC_NO_DEFAULTS
  CRATE_CC_NO_DEFAULTS = None
  cargo:rerun-if-env-changed=CFLAGS
  CFLAGS = None
  cargo:rerun-if-env-changed=HOST_CFLAGS
  HOST_CFLAGS = None
  cargo:rerun-if-env-changed=CFLAGS_aarch64_unknown_linux_gnu
  CFLAGS_aarch64_unknown_linux_gnu = None
  cargo:rerun-if-env-changed=CFLAGS_aarch64-unknown-linux-gnu
  CFLAGS_aarch64-unknown-linux-gnu = None
  exit status: 0
  exit status: 0
  exit status: 0
  exit status: 0
  exit status: 0
  exit status: 0
  exit status: 0
  exit status: 0
  cargo:rerun-if-env-changed=CC_aarch64-unknown-linux-gnu
  CC_aarch64-unknown-linux-gnu = None
  cargo:rerun-if-env-changed=CC_aarch64_unknown_linux_gnu
  CC_aarch64_unknown_linux_gnu = Some(gcc)
  cargo:rerun-if-env-changed=CC_KNOWN_WRAPPER_CUSTOM
  CC_KNOWN_WRAPPER_CUSTOM = None
  cargo:rerun-if-env-changed=CRATE_CC_NO_DEFAULTS
  CRATE_CC_NO_DEFAULTS = None
  cargo:rerun-if-env-changed=CFLAGS
  CFLAGS = None
  cargo:rerun-if-env-changed=HOST_CFLAGS
  HOST_CFLAGS = None
  cargo:rerun-if-env-changed=CFLAGS_aarch64_unknown_linux_gnu
  CFLAGS_aarch64_unknown_linux_gnu = None
  cargo:rerun-if-env-changed=CFLAGS_aarch64-unknown-linux-gnu
  CFLAGS_aarch64-unknown-linux-gnu = None
  cargo:rerun-if-env-changed=CC_aarch64-unknown-linux-gnu
  CC_aarch64-unknown-linux-gnu = None
  cargo:rerun-if-env-changed=CC_aarch64_unknown_linux_gnu
  CC_aarch64_unknown_linux_gnu = Some(gcc)
  cargo:rerun-if-env-changed=CC_KNOWN_WRAPPER_CUSTOM
  CC_KNOWN_WRAPPER_CUSTOM = None
  cargo:rerun-if-env-changed=CRATE_CC_NO_DEFAULTS
  CRATE_CC_NO_DEFAULTS = None
  cargo:rerun-if-env-changed=CFLAGS
  CFLAGS = None
  cargo:rerun-if-env-changed=HOST_CFLAGS
  HOST_CFLAGS = None
  cargo:rerun-if-env-changed=CFLAGS_aarch64_unknown_linux_gnu
  CFLAGS_aarch64_unknown_linux_gnu = None
  cargo:rerun-if-env-changed=CFLAGS_aarch64-unknown-linux-gnu
  CFLAGS_aarch64-unknown-linux-gnu = None
  cargo:rerun-if-env-changed=CC_aarch64-unknown-linux-gnu
  CC_aarch64-unknown-linux-gnu = None
  cargo:rerun-if-env-changed=CC_aarch64_unknown_linux_gnu
  CC_aarch64_unknown_linux_gnu = Some(gcc)
  cargo:rerun-if-env-changed=CC_KNOWN_WRAPPER_CUSTOM
  CC_KNOWN_WRAPPER_CUSTOM = None
  cargo:rerun-if-env-changed=CRATE_CC_NO_DEFAULTS
  CRATE_CC_NO_DEFAULTS = None
  cargo:rerun-if-env-changed=CFLAGS
  CFLAGS = None
  cargo:rerun-if-env-changed=HOST_CFLAGS
  HOST_CFLAGS = None
  cargo:rerun-if-env-changed=CFLAGS_aarch64_unknown_linux_gnu
  CFLAGS_aarch64_unknown_linux_gnu = None
  cargo:rerun-if-env-changed=CFLAGS_aarch64-unknown-linux-gnu
  CFLAGS_aarch64-unknown-linux-gnu = None
  cargo:rerun-if-env-changed=CC_aarch64-unknown-linux-gnu
  CC_aarch64-unknown-linux-gnu = None
  cargo:rerun-if-env-changed=CC_aarch64_unknown_linux_gnu
  CC_aarch64_unknown_linux_gnu = Some(gcc)
  cargo:rerun-if-env-changed=CC_KNOWN_WRAPPER_CUSTOM
  CC_KNOWN_WRAPPER_CUSTOM = None
  cargo:rerun-if-env-changed=CRATE_CC_NO_DEFAULTS
  CRATE_CC_NO_DEFAULTS = None
  cargo:rerun-if-env-changed=CFLAGS
  CFLAGS = None
  cargo:rerun-if-env-changed=HOST_CFLAGS
  HOST_CFLAGS = None
  cargo:rerun-if-env-changed=CFLAGS_aarch64_unknown_linux_gnu
  CFLAGS_aarch64_unknown_linux_gnu = None
  cargo:rerun-if-env-changed=CFLAGS_aarch64-unknown-linux-gnu
  CFLAGS_aarch64-unknown-linux-gnu = None
  cargo:rerun-if-env-changed=CC_aarch64-unknown-linux-gnu
  CC_aarch64-unknown-linux-gnu = None
  cargo:rerun-if-env-changed=CC_aarch64_unknown_linux_gnu
  CC_aarch64_unknown_linux_gnu = Some(gcc)
  cargo:rerun-if-env-changed=CC_KNOWN_WRAPPER_CUSTOM
  CC_KNOWN_WRAPPER_CUSTOM = None
  cargo:rerun-if-env-changed=CRATE_CC_NO_DEFAULTS
  CRATE_CC_NO_DEFAULTS = None
  cargo:rerun-if-env-changed=CFLAGS
  CFLAGS = None
  cargo:rerun-if-env-changed=HOST_CFLAGS
  HOST_CFLAGS = None
  cargo:rerun-if-env-changed=CFLAGS_aarch64_unknown_linux_gnu
  CFLAGS_aarch64_unknown_linux_gnu = None
  cargo:rerun-if-env-changed=CFLAGS_aarch64-unknown-linux-gnu
  CFLAGS_aarch64-unknown-linux-gnu = None
  cargo:rerun-if-env-changed=CC_aarch64-unknown-linux-gnu
  CC_aarch64-unknown-linux-gnu = None
  cargo:rerun-if-env-changed=CC_aarch64_unknown_linux_gnu
  CC_aarch64_unknown_linux_gnu = Some(gcc)
  cargo:rerun-if-env-changed=CC_KNOWN_WRAPPER_CUSTOM
  CC_KNOWN_WRAPPER_CUSTOM = None
  cargo:rerun-if-env-changed=CRATE_CC_NO_DEFAULTS
  CRATE_CC_NO_DEFAULTS = None
  cargo:rerun-if-env-changed=CFLAGS
  CFLAGS = None
  cargo:rerun-if-env-changed=HOST_CFLAGS
  HOST_CFLAGS = None
  cargo:rerun-if-env-changed=CFLAGS_aarch64_unknown_linux_gnu
  CFLAGS_aarch64_unknown_linux_gnu = None
  cargo:rerun-if-env-changed=CFLAGS_aarch64-unknown-linux-gnu
  CFLAGS_aarch64-unknown-linux-gnu = None
  cargo:rerun-if-env-changed=CC_aarch64-unknown-linux-gnu
  CC_aarch64-unknown-linux-gnu = None
  cargo:rerun-if-env-changed=CC_aarch64_unknown_linux_gnu
  CC_aarch64_unknown_linux_gnu = Some(gcc)
  cargo:rerun-if-env-changed=CC_KNOWN_WRAPPER_CUSTOM
  CC_KNOWN_WRAPPER_CUSTOM = None
  cargo:rerun-if-env-changed=CRATE_CC_NO_DEFAULTS
  CRATE_CC_NO_DEFAULTS = None
  cargo:rerun-if-env-changed=CFLAGS
  CFLAGS = None
  cargo:rerun-if-env-changed=HOST_CFLAGS
  HOST_CFLAGS = None
  cargo:rerun-if-env-changed=CFLAGS_aarch64_unknown_linux_gnu
  CFLAGS_aarch64_unknown_linux_gnu = None
  cargo:rerun-if-env-changed=CFLAGS_aarch64-unknown-linux-gnu
  CFLAGS_aarch64-unknown-linux-gnu = None
  exit status: 0
  exit status: 0
  exit status: 0
  exit status: 0
  exit status: 0
  exit status: 0
  exit status: 0
  exit status: 0
  cargo:rerun-if-env-changed=CC_aarch64-unknown-linux-gnu
  CC_aarch64-unknown-linux-gnu = None
  cargo:rerun-if-env-changed=CC_aarch64_unknown_linux_gnu
  CC_aarch64_unknown_linux_gnu = Some(gcc)
  cargo:rerun-if-env-changed=CC_KNOWN_WRAPPER_CUSTOM
  CC_KNOWN_WRAPPER_CUSTOM = None
  cargo:rerun-if-env-changed=CRATE_CC_NO_DEFAULTS
  CRATE_CC_NO_DEFAULTS = None
  cargo:rerun-if-env-changed=CFLAGS
  CFLAGS = None
  cargo:rerun-if-env-changed=HOST_CFLAGS
  HOST_CFLAGS = None
  cargo:rerun-if-env-changed=CFLAGS_aarch64_unknown_linux_gnu
  CFLAGS_aarch64_unknown_linux_gnu = None
  cargo:rerun-if-env-changed=CFLAGS_aarch64-unknown-linux-gnu
  CFLAGS_aarch64-unknown-linux-gnu = None
  cargo:rerun-if-env-changed=CC_aarch64-unknown-linux-gnu
  CC_aarch64-unknown-linux-gnu = None
  cargo:rerun-if-env-changed=CC_aarch64_unknown_linux_gnu
  CC_aarch64_unknown_linux_gnu = Some(gcc)
  cargo:rerun-if-env-changed=CC_KNOWN_WRAPPER_CUSTOM
  CC_KNOWN_WRAPPER_CUSTOM = None
  cargo:rerun-if-env-changed=CRATE_CC_NO_DEFAULTS
  CRATE_CC_NO_DEFAULTS = None
  cargo:rerun-if-env-changed=CFLAGS
  CFLAGS = None
  cargo:rerun-if-env-changed=HOST_CFLAGS
  HOST_CFLAGS = None
  cargo:rerun-if-env-changed=CFLAGS_aarch64_unknown_linux_gnu
  CFLAGS_aarch64_unknown_linux_gnu = None
  cargo:rerun-if-env-changed=CFLAGS_aarch64-unknown-linux-gnu
  CFLAGS_aarch64-unknown-linux-gnu = None
  cargo:rerun-if-env-changed=CC_aarch64-unknown-linux-gnu
  CC_aarch64-unknown-linux-gnu = None
  cargo:rerun-if-env-changed=CC_aarch64_unknown_linux_gnu
  CC_aarch64_unknown_linux_gnu = Some(gcc)
  cargo:rerun-if-env-changed=CC_KNOWN_WRAPPER_CUSTOM
  CC_KNOWN_WRAPPER_CUSTOM = None
  cargo:rerun-if-env-changed=CRATE_CC_NO_DEFAULTS
  CRATE_CC_NO_DEFAULTS = None
  cargo:rerun-if-env-changed=CFLAGS
  CFLAGS = None
  cargo:rerun-if-env-changed=HOST_CFLAGS
  HOST_CFLAGS = None
  cargo:rerun-if-env-changed=CFLAGS_aarch64_unknown_linux_gnu
  CFLAGS_aarch64_unknown_linux_gnu = None
  cargo:rerun-if-env-changed=CFLAGS_aarch64-unknown-linux-gnu
  CFLAGS_aarch64-unknown-linux-gnu = None
  cargo:rerun-if-env-changed=CC_aarch64-unknown-linux-gnu
  CC_aarch64-unknown-linux-gnu = None
  cargo:rerun-if-env-changed=CC_aarch64_unknown_linux_gnu
  CC_aarch64_unknown_linux_gnu = Some(gcc)
  cargo:rerun-if-env-changed=CC_KNOWN_WRAPPER_CUSTOM
  CC_KNOWN_WRAPPER_CUSTOM = None
  cargo:rerun-if-env-changed=CRATE_CC_NO_DEFAULTS
  CRATE_CC_NO_DEFAULTS = None
  cargo:rerun-if-env-changed=CFLAGS
  CFLAGS = None
  cargo:rerun-if-env-changed=HOST_CFLAGS
  HOST_CFLAGS = None
  cargo:rerun-if-env-changed=CFLAGS_aarch64_unknown_linux_gnu
  CFLAGS_aarch64_unknown_linux_gnu = None
  cargo:rerun-if-env-changed=CFLAGS_aarch64-unknown-linux-gnu
  CFLAGS_aarch64-unknown-linux-gnu = None
  cargo:rerun-if-env-changed=CC_aarch64-unknown-linux-gnu
  CC_aarch64-unknown-linux-gnu = None
  cargo:rerun-if-env-changed=CC_aarch64_unknown_linux_gnu
  CC_aarch64_unknown_linux_gnu = Some(gcc)
  cargo:rerun-if-env-changed=CC_KNOWN_WRAPPER_CUSTOM
  CC_KNOWN_WRAPPER_CUSTOM = None
  cargo:rerun-if-env-changed=CRATE_CC_NO_DEFAULTS
  CRATE_CC_NO_DEFAULTS = None
  cargo:rerun-if-env-changed=CFLAGS
  CFLAGS = None
  cargo:rerun-if-env-changed=HOST_CFLAGS
  HOST_CFLAGS = None
  cargo:rerun-if-env-changed=CFLAGS_aarch64_unknown_linux_gnu
  CFLAGS_aarch64_unknown_linux_gnu = None
  cargo:rerun-if-env-changed=CFLAGS_aarch64-unknown-linux-gnu
  CFLAGS_aarch64-unknown-linux-gnu = None
  cargo:rerun-if-env-changed=CC_aarch64-unknown-linux-gnu
  CC_aarch64-unknown-linux-gnu = None
  cargo:rerun-if-env-changed=CC_aarch64_unknown_linux_gnu
  CC_aarch64_unknown_linux_gnu = Some(gcc)
  cargo:rerun-if-env-changed=CC_KNOWN_WRAPPER_CUSTOM
  CC_KNOWN_WRAPPER_CUSTOM = None
  cargo:rerun-if-env-changed=CRATE_CC_NO_DEFAULTS
  CRATE_CC_NO_DEFAULTS = None
  cargo:rerun-if-env-changed=CFLAGS
  CFLAGS = None
  cargo:rerun-if-env-changed=HOST_CFLAGS
  HOST_CFLAGS = None
  cargo:rerun-if-env-changed=CFLAGS_aarch64_unknown_linux_gnu
  CFLAGS_aarch64_unknown_linux_gnu = None
  cargo:rerun-if-env-changed=CFLAGS_aarch64-unknown-linux-gnu
  CFLAGS_aarch64-unknown-linux-gnu = None
  cargo:rerun-if-env-changed=CC_aarch64-unknown-linux-gnu
  CC_aarch64-unknown-linux-gnu = None
  cargo:rerun-if-env-changed=CC_aarch64_unknown_linux_gnu
  CC_aarch64_unknown_linux_gnu = Some(gcc)
  cargo:rerun-if-env-changed=CC_KNOWN_WRAPPER_CUSTOM
  CC_KNOWN_WRAPPER_CUSTOM = None
  cargo:rerun-if-env-changed=CRATE_CC_NO_DEFAULTS
  CRATE_CC_NO_DEFAULTS = None
  cargo:rerun-if-env-changed=CFLAGS
  CFLAGS = None
  cargo:rerun-if-env-changed=HOST_CFLAGS
  HOST_CFLAGS = None
  cargo:rerun-if-env-changed=CFLAGS_aarch64_unknown_linux_gnu
  CFLAGS_aarch64_unknown_linux_gnu = None
  cargo:rerun-if-env-changed=CFLAGS_aarch64-unknown-linux-gnu
  CFLAGS_aarch64-unknown-linux-gnu = None
  cargo:rerun-if-env-changed=CC_aarch64-unknown-linux-gnu
  CC_aarch64-unknown-linux-gnu = None
  cargo:rerun-if-env-changed=CC_aarch64_unknown_linux_gnu
  CC_aarch64_unknown_linux_gnu = Some(gcc)
  cargo:rerun-if-env-changed=CC_KNOWN_WRAPPER_CUSTOM
  CC_KNOWN_WRAPPER_CUSTOM = None
  cargo:rerun-if-env-changed=CRATE_CC_NO_DEFAULTS
  CRATE_CC_NO_DEFAULTS = None
  cargo:rerun-if-env-changed=CFLAGS
  CFLAGS = None
  cargo:rerun-if-env-changed=HOST_CFLAGS
  HOST_CFLAGS = None
  cargo:rerun-if-env-changed=CFLAGS_aarch64_unknown_linux_gnu
  CFLAGS_aarch64_unknown_linux_gnu = None
  cargo:rerun-if-env-changed=CFLAGS_aarch64-unknown-linux-gnu
  CFLAGS_aarch64-unknown-linux-gnu = None
  exit status: 0
  exit status: 0
  exit status: 0
  exit status: 0
  exit status: 0
  exit status: 0
  exit status: 0
  exit status: 0
  cargo:rerun-if-env-changed=CC_aarch64-unknown-linux-gnu
  CC_aarch64-unknown-linux-gnu = None
  cargo:rerun-if-env-changed=CC_aarch64_unknown_linux_gnu
  CC_aarch64_unknown_linux_gnu = Some(gcc)
  cargo:rerun-if-env-changed=CC_KNOWN_WRAPPER_CUSTOM
  CC_KNOWN_WRAPPER_CUSTOM = None
  cargo:rerun-if-env-changed=CRATE_CC_NO_DEFAULTS
  CRATE_CC_NO_DEFAULTS = None
  cargo:rerun-if-env-changed=CFLAGS
  CFLAGS = None
  cargo:rerun-if-env-changed=HOST_CFLAGS
  HOST_CFLAGS = None
  cargo:rerun-if-env-changed=CFLAGS_aarch64_unknown_linux_gnu
  CFLAGS_aarch64_unknown_linux_gnu = None
  cargo:rerun-if-env-changed=CFLAGS_aarch64-unknown-linux-gnu
  CFLAGS_aarch64-unknown-linux-gnu = None
  cargo:rerun-if-env-changed=CC_aarch64-unknown-linux-gnu
  CC_aarch64-unknown-linux-gnu = None
  cargo:rerun-if-env-changed=CC_aarch64_unknown_linux_gnu
  CC_aarch64_unknown_linux_gnu = Some(gcc)
  cargo:rerun-if-env-changed=CC_KNOWN_WRAPPER_CUSTOM
  CC_KNOWN_WRAPPER_CUSTOM = None
  cargo:rerun-if-env-changed=CRATE_CC_NO_DEFAULTS
  CRATE_CC_NO_DEFAULTS = None
  cargo:rerun-if-env-changed=CFLAGS
  CFLAGS = None
  cargo:rerun-if-env-changed=HOST_CFLAGS
  HOST_CFLAGS = None
  cargo:rerun-if-env-changed=CFLAGS_aarch64_unknown_linux_gnu
  CFLAGS_aarch64_unknown_linux_gnu = None
  cargo:rerun-if-env-changed=CFLAGS_aarch64-unknown-linux-gnu
  CFLAGS_aarch64-unknown-linux-gnu = None
  cargo:rerun-if-env-changed=CC_aarch64-unknown-linux-gnu
  CC_aarch64-unknown-linux-gnu = None
  cargo:rerun-if-env-changed=CC_aarch64_unknown_linux_gnu
  CC_aarch64_unknown_linux_gnu = Some(gcc)
  cargo:rerun-if-env-changed=CC_KNOWN_WRAPPER_CUSTOM
  CC_KNOWN_WRAPPER_CUSTOM = None
  cargo:rerun-if-env-changed=CRATE_CC_NO_DEFAULTS
  CRATE_CC_NO_DEFAULTS = None
  cargo:rerun-if-env-changed=CFLAGS
  CFLAGS = None
  cargo:rerun-if-env-changed=HOST_CFLAGS
  HOST_CFLAGS = None
  cargo:rerun-if-env-changed=CFLAGS_aarch64_unknown_linux_gnu
  CFLAGS_aarch64_unknown_linux_gnu = None
  cargo:rerun-if-env-changed=CFLAGS_aarch64-unknown-linux-gnu
  CFLAGS_aarch64-unknown-linux-gnu = None
  cargo:rerun-if-env-changed=CC_aarch64-unknown-linux-gnu
  CC_aarch64-unknown-linux-gnu = None
  cargo:rerun-if-env-changed=CC_aarch64_unknown_linux_gnu
  CC_aarch64_unknown_linux_gnu = Some(gcc)
  cargo:rerun-if-env-changed=CC_KNOWN_WRAPPER_CUSTOM
  CC_KNOWN_WRAPPER_CUSTOM = None
  cargo:rerun-if-env-changed=CRATE_CC_NO_DEFAULTS
  CRATE_CC_NO_DEFAULTS = None
  cargo:rerun-if-env-changed=CFLAGS
  CFLAGS = None
  cargo:rerun-if-env-changed=HOST_CFLAGS
  HOST_CFLAGS = None
  cargo:rerun-if-env-changed=CFLAGS_aarch64_unknown_linux_gnu
  CFLAGS_aarch64_unknown_linux_gnu = None
  cargo:rerun-if-env-changed=CFLAGS_aarch64-unknown-linux-gnu
  CFLAGS_aarch64-unknown-linux-gnu = None
  cargo:rerun-if-env-changed=CC_aarch64-unknown-linux-gnu
  CC_aarch64-unknown-linux-gnu = None
  cargo:rerun-if-env-changed=CC_aarch64_unknown_linux_gnu
  CC_aarch64_unknown_linux_gnu = Some(gcc)
  cargo:rerun-if-env-changed=CC_KNOWN_WRAPPER_CUSTOM
  CC_KNOWN_WRAPPER_CUSTOM = None
  cargo:rerun-if-env-changed=CRATE_CC_NO_DEFAULTS
  CRATE_CC_NO_DEFAULTS = None
  cargo:rerun-if-env-changed=CFLAGS
  CFLAGS = None
  cargo:rerun-if-env-changed=HOST_CFLAGS
  HOST_CFLAGS = None
  cargo:rerun-if-env-changed=CFLAGS_aarch64_unknown_linux_gnu
  CFLAGS_aarch64_unknown_linux_gnu = None
  cargo:rerun-if-env-changed=CFLAGS_aarch64-unknown-linux-gnu
  CFLAGS_aarch64-unknown-linux-gnu = None
  cargo:rerun-if-env-changed=CC_aarch64-unknown-linux-gnu
  CC_aarch64-unknown-linux-gnu = None
  cargo:rerun-if-env-changed=CC_aarch64_unknown_linux_gnu
  CC_aarch64_unknown_linux_gnu = Some(gcc)
  cargo:rerun-if-env-changed=CC_KNOWN_WRAPPER_CUSTOM
  CC_KNOWN_WRAPPER_CUSTOM = None
  cargo:rerun-if-env-changed=CRATE_CC_NO_DEFAULTS
  CRATE_CC_NO_DEFAULTS = None
  cargo:rerun-if-env-changed=CFLAGS
  CFLAGS = None
  cargo:rerun-if-env-changed=HOST_CFLAGS
  HOST_CFLAGS = None
  cargo:rerun-if-env-changed=CFLAGS_aarch64_unknown_linux_gnu
  CFLAGS_aarch64_unknown_linux_gnu = None
  cargo:rerun-if-env-changed=CFLAGS_aarch64-unknown-linux-gnu
  CFLAGS_aarch64-unknown-linux-gnu = None
  cargo:rerun-if-env-changed=CC_aarch64-unknown-linux-gnu
  CC_aarch64-unknown-linux-gnu = None
  cargo:rerun-if-env-changed=CC_aarch64_unknown_linux_gnu
  CC_aarch64_unknown_linux_gnu = Some(gcc)
  cargo:rerun-if-env-changed=CC_KNOWN_WRAPPER_CUSTOM
  CC_KNOWN_WRAPPER_CUSTOM = None
  cargo:rerun-if-env-changed=CRATE_CC_NO_DEFAULTS
  CRATE_CC_NO_DEFAULTS = None
  cargo:rerun-if-env-changed=CFLAGS
  CFLAGS = None
  cargo:rerun-if-env-changed=HOST_CFLAGS
  HOST_CFLAGS = None
  cargo:rerun-if-env-changed=CFLAGS_aarch64_unknown_linux_gnu
  CFLAGS_aarch64_unknown_linux_gnu = None
  cargo:rerun-if-env-changed=CFLAGS_aarch64-unknown-linux-gnu
  CFLAGS_aarch64-unknown-linux-gnu = None
  cargo:rerun-if-env-changed=CC_aarch64-unknown-linux-gnu
  CC_aarch64-unknown-linux-gnu = None
  cargo:rerun-if-env-changed=CC_aarch64_unknown_linux_gnu
  CC_aarch64_unknown_linux_gnu = Some(gcc)
  cargo:rerun-if-env-changed=CC_KNOWN_WRAPPER_CUSTOM
  CC_KNOWN_WRAPPER_CUSTOM = None
  cargo:rerun-if-env-changed=CRATE_CC_NO_DEFAULTS
  CRATE_CC_NO_DEFAULTS = None
  cargo:rerun-if-env-changed=CFLAGS
  CFLAGS = None
  cargo:rerun-if-env-changed=HOST_CFLAGS
  HOST_CFLAGS = None
  cargo:rerun-if-env-changed=CFLAGS_aarch64_unknown_linux_gnu
  CFLAGS_aarch64_unknown_linux_gnu = None
  cargo:rerun-if-env-changed=CFLAGS_aarch64-unknown-linux-gnu
  CFLAGS_aarch64-unknown-linux-gnu = None
  exit status: 0
  exit status: 0
  exit status: 0
  exit status: 0
  exit status: 0
  exit status: 0
  exit status: 0
  exit status: 0
  cargo:rerun-if-env-changed=CC_aarch64-unknown-linux-gnu
  CC_aarch64-unknown-linux-gnu = None
  cargo:rerun-if-env-changed=CC_aarch64_unknown_linux_gnu
  CC_aarch64_unknown_linux_gnu = Some(gcc)
  cargo:rerun-if-env-changed=CC_KNOWN_WRAPPER_CUSTOM
  CC_KNOWN_WRAPPER_CUSTOM = None
  cargo:rerun-if-env-changed=CRATE_CC_NO_DEFAULTS
  CRATE_CC_NO_DEFAULTS = None
  cargo:rerun-if-env-changed=CFLAGS
  CFLAGS = None
  cargo:rerun-if-env-changed=HOST_CFLAGS
  HOST_CFLAGS = None
  cargo:rerun-if-env-changed=CFLAGS_aarch64_unknown_linux_gnu
  CFLAGS_aarch64_unknown_linux_gnu = None
  cargo:rerun-if-env-changed=CFLAGS_aarch64-unknown-linux-gnu
  CFLAGS_aarch64-unknown-linux-gnu = None
  cargo:rerun-if-env-changed=CC_aarch64-unknown-linux-gnu
  CC_aarch64-unknown-linux-gnu = None
  cargo:rerun-if-env-changed=CC_aarch64_unknown_linux_gnu
  CC_aarch64_unknown_linux_gnu = Some(gcc)
  cargo:rerun-if-env-changed=CC_KNOWN_WRAPPER_CUSTOM
  CC_KNOWN_WRAPPER_CUSTOM = None
  cargo:rerun-if-env-changed=CRATE_CC_NO_DEFAULTS
  CRATE_CC_NO_DEFAULTS = None
  cargo:rerun-if-env-changed=CFLAGS
  CFLAGS = None
  cargo:rerun-if-env-changed=HOST_CFLAGS
  HOST_CFLAGS = None
  cargo:rerun-if-env-changed=CFLAGS_aarch64_unknown_linux_gnu
  CFLAGS_aarch64_unknown_linux_gnu = None
  cargo:rerun-if-env-changed=CFLAGS_aarch64-unknown-linux-gnu
  CFLAGS_aarch64-unknown-linux-gnu = None
  cargo:rerun-if-env-changed=CC_aarch64-unknown-linux-gnu
  CC_aarch64-unknown-linux-gnu = None
  cargo:rerun-if-env-changed=CC_aarch64_unknown_linux_gnu
  CC_aarch64_unknown_linux_gnu = Some(gcc)
  cargo:rerun-if-env-changed=CC_KNOWN_WRAPPER_CUSTOM
  CC_KNOWN_WRAPPER_CUSTOM = None
  cargo:rerun-if-env-changed=CRATE_CC_NO_DEFAULTS
  CRATE_CC_NO_DEFAULTS = None
  cargo:rerun-if-env-changed=CFLAGS
  CFLAGS = None
  cargo:rerun-if-env-changed=HOST_CFLAGS
  HOST_CFLAGS = None
  cargo:rerun-if-env-changed=CFLAGS_aarch64_unknown_linux_gnu
  CFLAGS_aarch64_unknown_linux_gnu = None
  cargo:rerun-if-env-changed=CFLAGS_aarch64-unknown-linux-gnu
  CFLAGS_aarch64-unknown-linux-gnu = None
  cargo:rerun-if-env-changed=CC_aarch64-unknown-linux-gnu
  CC_aarch64-unknown-linux-gnu = None
  cargo:rerun-if-env-changed=CC_aarch64_unknown_linux_gnu
  CC_aarch64_unknown_linux_gnu = Some(gcc)
  cargo:rerun-if-env-changed=CC_KNOWN_WRAPPER_CUSTOM
  CC_KNOWN_WRAPPER_CUSTOM = None
  cargo:rerun-if-env-changed=CRATE_CC_NO_DEFAULTS
  CRATE_CC_NO_DEFAULTS = None
  cargo:rerun-if-env-changed=CFLAGS
  CFLAGS = None
  cargo:rerun-if-env-changed=HOST_CFLAGS
  HOST_CFLAGS = None
  cargo:rerun-if-env-changed=CFLAGS_aarch64_unknown_linux_gnu
  CFLAGS_aarch64_unknown_linux_gnu = None
  cargo:rerun-if-env-changed=CFLAGS_aarch64-unknown-linux-gnu
  CFLAGS_aarch64-unknown-linux-gnu = None
  cargo:rerun-if-env-changed=CC_aarch64-unknown-linux-gnu
  CC_aarch64-unknown-linux-gnu = None
  cargo:rerun-if-env-changed=CC_aarch64_unknown_linux_gnu
  CC_aarch64_unknown_linux_gnu = Some(gcc)
  cargo:rerun-if-env-changed=CC_KNOWN_WRAPPER_CUSTOM
  CC_KNOWN_WRAPPER_CUSTOM = None
  cargo:rerun-if-env-changed=CRATE_CC_NO_DEFAULTS
  CRATE_CC_NO_DEFAULTS = None
  cargo:rerun-if-env-changed=CFLAGS
  CFLAGS = None
  cargo:rerun-if-env-changed=HOST_CFLAGS
  HOST_CFLAGS = None
  cargo:rerun-if-env-changed=CFLAGS_aarch64_unknown_linux_gnu
  CFLAGS_aarch64_unknown_linux_gnu = None
  cargo:rerun-if-env-changed=CFLAGS_aarch64-unknown-linux-gnu
  CFLAGS_aarch64-unknown-linux-gnu = None
  cargo:rerun-if-env-changed=CC_aarch64-unknown-linux-gnu
  CC_aarch64-unknown-linux-gnu = None
  cargo:rerun-if-env-changed=CC_aarch64_unknown_linux_gnu
  CC_aarch64_unknown_linux_gnu = Some(gcc)
  cargo:rerun-if-env-changed=CC_KNOWN_WRAPPER_CUSTOM
  CC_KNOWN_WRAPPER_CUSTOM = None
  cargo:rerun-if-env-changed=CRATE_CC_NO_DEFAULTS
  CRATE_CC_NO_DEFAULTS = None
  cargo:rerun-if-env-changed=CFLAGS
  CFLAGS = None
  cargo:rerun-if-env-changed=HOST_CFLAGS
  HOST_CFLAGS = None
  cargo:rerun-if-env-changed=CFLAGS_aarch64_unknown_linux_gnu
  CFLAGS_aarch64_unknown_linux_gnu = None
  cargo:rerun-if-env-changed=CFLAGS_aarch64-unknown-linux-gnu
  CFLAGS_aarch64-unknown-linux-gnu = None
  cargo:rerun-if-env-changed=CC_aarch64-unknown-linux-gnu
  CC_aarch64-unknown-linux-gnu = None
  cargo:rerun-if-env-changed=CC_aarch64_unknown_linux_gnu
  CC_aarch64_unknown_linux_gnu = Some(gcc)
  cargo:rerun-if-env-changed=CC_KNOWN_WRAPPER_CUSTOM
  CC_KNOWN_WRAPPER_CUSTOM = None
  cargo:rerun-if-env-changed=CRATE_CC_NO_DEFAULTS
  CRATE_CC_NO_DEFAULTS = None
  cargo:rerun-if-env-changed=CFLAGS
  CFLAGS = None
  cargo:rerun-if-env-changed=HOST_CFLAGS
  HOST_CFLAGS = None
  cargo:rerun-if-env-changed=CFLAGS_aarch64_unknown_linux_gnu
  CFLAGS_aarch64_unknown_linux_gnu = None
  cargo:rerun-if-env-changed=CFLAGS_aarch64-unknown-linux-gnu
  CFLAGS_aarch64-unknown-linux-gnu = None
  cargo:rerun-if-env-changed=CC_aarch64-unknown-linux-gnu
  CC_aarch64-unknown-linux-gnu = None
  cargo:rerun-if-env-changed=CC_aarch64_unknown_linux_gnu
  CC_aarch64_unknown_linux_gnu = Some(gcc)
  cargo:rerun-if-env-changed=CC_KNOWN_WRAPPER_CUSTOM
  CC_KNOWN_WRAPPER_CUSTOM = None
  cargo:rerun-if-env-changed=CRATE_CC_NO_DEFAULTS
  CRATE_CC_NO_DEFAULTS = None
  cargo:rerun-if-env-changed=CFLAGS
  CFLAGS = None
  cargo:rerun-if-env-changed=HOST_CFLAGS
  HOST_CFLAGS = None
  cargo:rerun-if-env-changed=CFLAGS_aarch64_unknown_linux_gnu
  CFLAGS_aarch64_unknown_linux_gnu = None
  cargo:rerun-if-env-changed=CFLAGS_aarch64-unknown-linux-gnu
  CFLAGS_aarch64-unknown-linux-gnu = None
  cargo:rerun-if-env-changed=CC_aarch64-unknown-linux-gnu
  CC_aarch64-unknown-linux-gnu = None
  cargo:rerun-if-env-changed=CC_aarch64_unknown_linux_gnu
  CC_aarch64_unknown_linux_gnu = Some(gcc)
  cargo:rerun-if-env-changed=CC_KNOWN_WRAPPER_CUSTOM
  CC_KNOWN_WRAPPER_CUSTOM = None
  cargo:rerun-if-env-changed=CRATE_CC_NO_DEFAULTS
  CRATE_CC_NO_DEFAULTS = None
  cargo:rerun-if-env-changed=CFLAGS
  CFLAGS = None
  cargo:rerun-if-env-changed=HOST_CFLAGS
  HOST_CFLAGS = None
  cargo:rerun-if-env-changed=CFLAGS_aarch64_unknown_linux_gnu
  CFLAGS_aarch64_unknown_linux_gnu = None
  cargo:rerun-if-env-changed=CFLAGS_aarch64-unknown-linux-gnu
  CFLAGS_aarch64-unknown-linux-gnu = None
  exit status: 0
  exit status: 0
  exit status: 0
  exit status: 0
  exit status: 0
  exit status: 0
  exit status: 0
  exit status: 0
  cargo:rerun-if-env-changed=CC_aarch64-unknown-linux-gnu
  CC_aarch64-unknown-linux-gnu = None
  cargo:rerun-if-env-changed=CC_aarch64_unknown_linux_gnu
  CC_aarch64_unknown_linux_gnu = Some(gcc)
  cargo:rerun-if-env-changed=CC_KNOWN_WRAPPER_CUSTOM
  CC_KNOWN_WRAPPER_CUSTOM = None
  cargo:rerun-if-env-changed=CRATE_CC_NO_DEFAULTS
  CRATE_CC_NO_DEFAULTS = None
  cargo:rerun-if-env-changed=CFLAGS
  CFLAGS = None
  cargo:rerun-if-env-changed=HOST_CFLAGS
  HOST_CFLAGS = None
  cargo:rerun-if-env-changed=CFLAGS_aarch64_unknown_linux_gnu
  CFLAGS_aarch64_unknown_linux_gnu = None
  cargo:rerun-if-env-changed=CFLAGS_aarch64-unknown-linux-gnu
  CFLAGS_aarch64-unknown-linux-gnu = None
  cargo:rerun-if-env-changed=CC_aarch64-unknown-linux-gnu
  CC_aarch64-unknown-linux-gnu = None
  cargo:rerun-if-env-changed=CC_aarch64_unknown_linux_gnu
  CC_aarch64_unknown_linux_gnu = Some(gcc)
  cargo:rerun-if-env-changed=CC_KNOWN_WRAPPER_CUSTOM
  CC_KNOWN_WRAPPER_CUSTOM = None
  cargo:rerun-if-env-changed=CRATE_CC_NO_DEFAULTS
  CRATE_CC_NO_DEFAULTS = None
  cargo:rerun-if-env-changed=CFLAGS
  CFLAGS = None
  cargo:rerun-if-env-changed=HOST_CFLAGS
  HOST_CFLAGS = None
  cargo:rerun-if-env-changed=CFLAGS_aarch64_unknown_linux_gnu
  CFLAGS_aarch64_unknown_linux_gnu = None
  cargo:rerun-if-env-changed=CFLAGS_aarch64-unknown-linux-gnu
  CFLAGS_aarch64-unknown-linux-gnu = None
  cargo:rerun-if-env-changed=CC_aarch64-unknown-linux-gnu
  CC_aarch64-unknown-linux-gnu = None
  cargo:rerun-if-env-changed=CC_aarch64_unknown_linux_gnu
  CC_aarch64_unknown_linux_gnu = Some(gcc)
  cargo:rerun-if-env-changed=CC_KNOWN_WRAPPER_CUSTOM
  CC_KNOWN_WRAPPER_CUSTOM = None
  cargo:rerun-if-env-changed=CRATE_CC_NO_DEFAULTS
  CRATE_CC_NO_DEFAULTS = None
  cargo:rerun-if-env-changed=CFLAGS
  CFLAGS = None
  cargo:rerun-if-env-changed=HOST_CFLAGS
  HOST_CFLAGS = None
  cargo:rerun-if-env-changed=CFLAGS_aarch64_unknown_linux_gnu
  CFLAGS_aarch64_unknown_linux_gnu = None
  cargo:rerun-if-env-changed=CFLAGS_aarch64-unknown-linux-gnu
  CFLAGS_aarch64-unknown-linux-gnu = None
  cargo:rerun-if-env-changed=CC_aarch64-unknown-linux-gnu
  CC_aarch64-unknown-linux-gnu = None
  cargo:rerun-if-env-changed=CC_aarch64_unknown_linux_gnu
  CC_aarch64_unknown_linux_gnu = Some(gcc)
  cargo:rerun-if-env-changed=CC_KNOWN_WRAPPER_CUSTOM
  CC_KNOWN_WRAPPER_CUSTOM = None
  cargo:rerun-if-env-changed=CRATE_CC_NO_DEFAULTS
  CRATE_CC_NO_DEFAULTS = None
  cargo:rerun-if-env-changed=CFLAGS
  CFLAGS = None
  cargo:rerun-if-env-changed=HOST_CFLAGS
  HOST_CFLAGS = None
  cargo:rerun-if-env-changed=CFLAGS_aarch64_unknown_linux_gnu
  CFLAGS_aarch64_unknown_linux_gnu = None
  cargo:rerun-if-env-changed=CFLAGS_aarch64-unknown-linux-gnu
  CFLAGS_aarch64-unknown-linux-gnu = None
  cargo:rerun-if-env-changed=CC_aarch64-unknown-linux-gnu
  CC_aarch64-unknown-linux-gnu = None
  cargo:rerun-if-env-changed=CC_aarch64_unknown_linux_gnu
  CC_aarch64_unknown_linux_gnu = Some(gcc)
  cargo:rerun-if-env-changed=CC_KNOWN_WRAPPER_CUSTOM
  CC_KNOWN_WRAPPER_CUSTOM = None
  cargo:rerun-if-env-changed=CRATE_CC_NO_DEFAULTS
  CRATE_CC_NO_DEFAULTS = None
  cargo:rerun-if-env-changed=CFLAGS
  CFLAGS = None
  cargo:rerun-if-env-changed=HOST_CFLAGS
  HOST_CFLAGS = None
  cargo:rerun-if-env-changed=CFLAGS_aarch64_unknown_linux_gnu
  CFLAGS_aarch64_unknown_linux_gnu = None
  cargo:rerun-if-env-changed=CFLAGS_aarch64-unknown-linux-gnu
  CFLAGS_aarch64-unknown-linux-gnu = None
  cargo:rerun-if-env-changed=CC_aarch64-unknown-linux-gnu
  CC_aarch64-unknown-linux-gnu = None
  cargo:rerun-if-env-changed=CC_aarch64_unknown_linux_gnu
  CC_aarch64_unknown_linux_gnu = Some(gcc)
  cargo:rerun-if-env-changed=CC_KNOWN_WRAPPER_CUSTOM
  CC_KNOWN_WRAPPER_CUSTOM = None
  cargo:rerun-if-env-changed=CRATE_CC_NO_DEFAULTS
  CRATE_CC_NO_DEFAULTS = None
  cargo:rerun-if-env-changed=CFLAGS
  CFLAGS = None
  cargo:rerun-if-env-changed=HOST_CFLAGS
  HOST_CFLAGS = None
  cargo:rerun-if-env-changed=CFLAGS_aarch64_unknown_linux_gnu
  CFLAGS_aarch64_unknown_linux_gnu = None
  cargo:rerun-if-env-changed=CFLAGS_aarch64-unknown-linux-gnu
  CFLAGS_aarch64-unknown-linux-gnu = None
  cargo:rerun-if-env-changed=CC_aarch64-unknown-linux-gnu
  CC_aarch64-unknown-linux-gnu = None
  cargo:rerun-if-env-changed=CC_aarch64_unknown_linux_gnu
  CC_aarch64_unknown_linux_gnu = Some(gcc)
  cargo:rerun-if-env-changed=CC_KNOWN_WRAPPER_CUSTOM
  CC_KNOWN_WRAPPER_CUSTOM = None
  cargo:rerun-if-env-changed=CRATE_CC_NO_DEFAULTS
  CRATE_CC_NO_DEFAULTS = None
  cargo:rerun-if-env-changed=CFLAGS
  CFLAGS = None
  cargo:rerun-if-env-changed=HOST_CFLAGS
  HOST_CFLAGS = None
  cargo:rerun-if-env-changed=CFLAGS_aarch64_unknown_linux_gnu
  CFLAGS_aarch64_unknown_linux_gnu = None
  cargo:rerun-if-env-changed=CFLAGS_aarch64-unknown-linux-gnu
  CFLAGS_aarch64-unknown-linux-gnu = None
  cargo:rerun-if-env-changed=CC_aarch64-unknown-linux-gnu
  CC_aarch64-unknown-linux-gnu = None
  cargo:rerun-if-env-changed=CC_aarch64_unknown_linux_gnu
  CC_aarch64_unknown_linux_gnu = Some(gcc)
  cargo:rerun-if-env-changed=CC_KNOWN_WRAPPER_CUSTOM
  CC_KNOWN_WRAPPER_CUSTOM = None
  cargo:rerun-if-env-changed=CRATE_CC_NO_DEFAULTS
  CRATE_CC_NO_DEFAULTS = None
  cargo:rerun-if-env-changed=CFLAGS
  CFLAGS = None
  cargo:rerun-if-env-changed=HOST_CFLAGS
  HOST_CFLAGS = None
  cargo:rerun-if-env-changed=CFLAGS_aarch64_unknown_linux_gnu
  CFLAGS_aarch64_unknown_linux_gnu = None
  cargo:rerun-if-env-changed=CFLAGS_aarch64-unknown-linux-gnu
  CFLAGS_aarch64-unknown-linux-gnu = None
  exit status: 0
  exit status: 0
  exit status: 0
  exit status: 0
  exit status: 0
  exit status: 0
  exit status: 0
  exit status: 0
  cargo:rerun-if-env-changed=CC_aarch64-unknown-linux-gnu
  CC_aarch64-unknown-linux-gnu = None
  cargo:rerun-if-env-changed=CC_aarch64_unknown_linux_gnu
  CC_aarch64_unknown_linux_gnu = Some(gcc)
  cargo:rerun-if-env-changed=CC_KNOWN_WRAPPER_CUSTOM
  CC_KNOWN_WRAPPER_CUSTOM = None
  cargo:rerun-if-env-changed=CRATE_CC_NO_DEFAULTS
  CRATE_CC_NO_DEFAULTS = None
  cargo:rerun-if-env-changed=CFLAGS
  CFLAGS = None
  cargo:rerun-if-env-changed=HOST_CFLAGS
  HOST_CFLAGS = None
  cargo:rerun-if-env-changed=CFLAGS_aarch64_unknown_linux_gnu
  CFLAGS_aarch64_unknown_linux_gnu = None
  cargo:rerun-if-env-changed=CFLAGS_aarch64-unknown-linux-gnu
  CFLAGS_aarch64-unknown-linux-gnu = None
  cargo:rerun-if-env-changed=CC_aarch64-unknown-linux-gnu
  CC_aarch64-unknown-linux-gnu = None
  cargo:rerun-if-env-changed=CC_aarch64_unknown_linux_gnu
  CC_aarch64_unknown_linux_gnu = Some(gcc)
  cargo:rerun-if-env-changed=CC_KNOWN_WRAPPER_CUSTOM
  CC_KNOWN_WRAPPER_CUSTOM = None
  cargo:rerun-if-env-changed=CRATE_CC_NO_DEFAULTS
  CRATE_CC_NO_DEFAULTS = None
  cargo:rerun-if-env-changed=CFLAGS
  CFLAGS = None
  cargo:rerun-if-env-changed=HOST_CFLAGS
  HOST_CFLAGS = None
  cargo:rerun-if-env-changed=CFLAGS_aarch64_unknown_linux_gnu
  CFLAGS_aarch64_unknown_linux_gnu = None
  cargo:rerun-if-env-changed=CFLAGS_aarch64-unknown-linux-gnu
  CFLAGS_aarch64-unknown-linux-gnu = None
  cargo:rerun-if-env-changed=CC_aarch64-unknown-linux-gnu
  CC_aarch64-unknown-linux-gnu = None
  cargo:rerun-if-env-changed=CC_aarch64_unknown_linux_gnu
  CC_aarch64_unknown_linux_gnu = Some(gcc)
  cargo:rerun-if-env-changed=CC_KNOWN_WRAPPER_CUSTOM
  CC_KNOWN_WRAPPER_CUSTOM = None
  cargo:rerun-if-env-changed=CRATE_CC_NO_DEFAULTS
  CRATE_CC_NO_DEFAULTS = None
  cargo:rerun-if-env-changed=CFLAGS
  CFLAGS = None
  cargo:rerun-if-env-changed=HOST_CFLAGS
  HOST_CFLAGS = None
  cargo:rerun-if-env-changed=CFLAGS_aarch64_unknown_linux_gnu
  CFLAGS_aarch64_unknown_linux_gnu = None
  cargo:rerun-if-env-changed=CFLAGS_aarch64-unknown-linux-gnu
  CFLAGS_aarch64-unknown-linux-gnu = None
  cargo:rerun-if-env-changed=CC_aarch64-unknown-linux-gnu
  CC_aarch64-unknown-linux-gnu = None
  cargo:rerun-if-env-changed=CC_aarch64_unknown_linux_gnu
  CC_aarch64_unknown_linux_gnu = Some(gcc)
  cargo:rerun-if-env-changed=CC_KNOWN_WRAPPER_CUSTOM
  CC_KNOWN_WRAPPER_CUSTOM = None
  cargo:rerun-if-env-changed=CRATE_CC_NO_DEFAULTS
  CRATE_CC_NO_DEFAULTS = None
  cargo:rerun-if-env-changed=CFLAGS
  CFLAGS = None
  cargo:rerun-if-env-changed=HOST_CFLAGS
  HOST_CFLAGS = None
  cargo:rerun-if-env-changed=CFLAGS_aarch64_unknown_linux_gnu
  CFLAGS_aarch64_unknown_linux_gnu = None
  cargo:rerun-if-env-changed=CFLAGS_aarch64-unknown-linux-gnu
  CFLAGS_aarch64-unknown-linux-gnu = None
  cargo:rerun-if-env-changed=CC_aarch64-unknown-linux-gnu
  CC_aarch64-unknown-linux-gnu = None
  cargo:rerun-if-env-changed=CC_aarch64_unknown_linux_gnu
  CC_aarch64_unknown_linux_gnu = Some(gcc)
  cargo:rerun-if-env-changed=CC_KNOWN_WRAPPER_CUSTOM
  CC_KNOWN_WRAPPER_CUSTOM = None
  cargo:rerun-if-env-changed=CRATE_CC_NO_DEFAULTS
  CRATE_CC_NO_DEFAULTS = None
  cargo:rerun-if-env-changed=CFLAGS
  CFLAGS = None
  cargo:rerun-if-env-changed=HOST_CFLAGS
  HOST_CFLAGS = None
  cargo:rerun-if-env-changed=CFLAGS_aarch64_unknown_linux_gnu
  CFLAGS_aarch64_unknown_linux_gnu = None
  cargo:rerun-if-env-changed=CFLAGS_aarch64-unknown-linux-gnu
  CFLAGS_aarch64-unknown-linux-gnu = None
  cargo:rerun-if-env-changed=CC_aarch64-unknown-linux-gnu
  CC_aarch64-unknown-linux-gnu = None
  cargo:rerun-if-env-changed=CC_aarch64_unknown_linux_gnu
  CC_aarch64_unknown_linux_gnu = Some(gcc)
  cargo:rerun-if-env-changed=CC_KNOWN_WRAPPER_CUSTOM
  CC_KNOWN_WRAPPER_CUSTOM = None
  cargo:rerun-if-env-changed=CRATE_CC_NO_DEFAULTS
  CRATE_CC_NO_DEFAULTS = None
  cargo:rerun-if-env-changed=CFLAGS
  CFLAGS = None
  cargo:rerun-if-env-changed=HOST_CFLAGS
  HOST_CFLAGS = None
  cargo:rerun-if-env-changed=CFLAGS_aarch64_unknown_linux_gnu
  CFLAGS_aarch64_unknown_linux_gnu = None
  cargo:rerun-if-env-changed=CFLAGS_aarch64-unknown-linux-gnu
  CFLAGS_aarch64-unknown-linux-gnu = None
  cargo:rerun-if-env-changed=CC_aarch64-unknown-linux-gnu
  CC_aarch64-unknown-linux-gnu = None
  cargo:rerun-if-env-changed=CC_aarch64_unknown_linux_gnu
  CC_aarch64_unknown_linux_gnu = Some(gcc)
  cargo:rerun-if-env-changed=CC_KNOWN_WRAPPER_CUSTOM
  CC_KNOWN_WRAPPER_CUSTOM = None
  cargo:rerun-if-env-changed=CRATE_CC_NO_DEFAULTS
  CRATE_CC_NO_DEFAULTS = None
  cargo:rerun-if-env-changed=CFLAGS
  CFLAGS = None
  cargo:rerun-if-env-changed=HOST_CFLAGS
  HOST_CFLAGS = None
  cargo:rerun-if-env-changed=CFLAGS_aarch64_unknown_linux_gnu
  CFLAGS_aarch64_unknown_linux_gnu = None
  cargo:rerun-if-env-changed=CFLAGS_aarch64-unknown-linux-gnu
  CFLAGS_aarch64-unknown-linux-gnu = None
  cargo:rerun-if-env-changed=CC_aarch64-unknown-linux-gnu
  CC_aarch64-unknown-linux-gnu = None
  cargo:rerun-if-env-changed=CC_aarch64_unknown_linux_gnu
  CC_aarch64_unknown_linux_gnu = Some(gcc)
  cargo:rerun-if-env-changed=CC_KNOWN_WRAPPER_CUSTOM
  CC_KNOWN_WRAPPER_CUSTOM = None
  cargo:rerun-if-env-changed=CRATE_CC_NO_DEFAULTS
  CRATE_CC_NO_DEFAULTS = None
  cargo:rerun-if-env-changed=CFLAGS
  CFLAGS = None
  cargo:rerun-if-env-changed=HOST_CFLAGS
  HOST_CFLAGS = None
  cargo:rerun-if-env-changed=CFLAGS_aarch64_unknown_linux_gnu
  CFLAGS_aarch64_unknown_linux_gnu = None
  cargo:rerun-if-env-changed=CFLAGS_aarch64-unknown-linux-gnu
  CFLAGS_aarch64-unknown-linux-gnu = None
  exit status: 0
  exit status: 0
  exit status: 0
  exit status: 0
  exit status: 0
  exit status: 0
  exit status: 0
  exit status: 0
  cargo:rerun-if-env-changed=CC_aarch64-unknown-linux-gnu
  CC_aarch64-unknown-linux-gnu = None
  cargo:rerun-if-env-changed=CC_aarch64_unknown_linux_gnu
  CC_aarch64_unknown_linux_gnu = Some(gcc)
  cargo:rerun-if-env-changed=CC_KNOWN_WRAPPER_CUSTOM
  CC_KNOWN_WRAPPER_CUSTOM = None
  cargo:rerun-if-env-changed=CRATE_CC_NO_DEFAULTS
  CRATE_CC_NO_DEFAULTS = None
  cargo:rerun-if-env-changed=CFLAGS
  CFLAGS = None
  cargo:rerun-if-env-changed=HOST_CFLAGS
  HOST_CFLAGS = None
  cargo:rerun-if-env-changed=CFLAGS_aarch64_unknown_linux_gnu
  CFLAGS_aarch64_unknown_linux_gnu = None
  cargo:rerun-if-env-changed=CFLAGS_aarch64-unknown-linux-gnu
  CFLAGS_aarch64-unknown-linux-gnu = None
  cargo:rerun-if-env-changed=CC_aarch64-unknown-linux-gnu
  CC_aarch64-unknown-linux-gnu = None
  cargo:rerun-if-env-changed=CC_aarch64_unknown_linux_gnu
  CC_aarch64_unknown_linux_gnu = Some(gcc)
  cargo:rerun-if-env-changed=CC_KNOWN_WRAPPER_CUSTOM
  CC_KNOWN_WRAPPER_CUSTOM = None
  cargo:rerun-if-env-changed=CRATE_CC_NO_DEFAULTS
  CRATE_CC_NO_DEFAULTS = None
  cargo:rerun-if-env-changed=CFLAGS
  CFLAGS = None
  cargo:rerun-if-env-changed=HOST_CFLAGS
  HOST_CFLAGS = None
  cargo:rerun-if-env-changed=CFLAGS_aarch64_unknown_linux_gnu
  CFLAGS_aarch64_unknown_linux_gnu = None
  cargo:rerun-if-env-changed=CFLAGS_aarch64-unknown-linux-gnu
  CFLAGS_aarch64-unknown-linux-gnu = None
  cargo:rerun-if-env-changed=CC_aarch64-unknown-linux-gnu
  CC_aarch64-unknown-linux-gnu = None
  cargo:rerun-if-env-changed=CC_aarch64_unknown_linux_gnu
  CC_aarch64_unknown_linux_gnu = Some(gcc)
  cargo:rerun-if-env-changed=CC_KNOWN_WRAPPER_CUSTOM
  CC_KNOWN_WRAPPER_CUSTOM = None
  cargo:rerun-if-env-changed=CRATE_CC_NO_DEFAULTS
  CRATE_CC_NO_DEFAULTS = None
  cargo:rerun-if-env-changed=CFLAGS
  CFLAGS = None
  cargo:rerun-if-env-changed=HOST_CFLAGS
  HOST_CFLAGS = None
  cargo:rerun-if-env-changed=CFLAGS_aarch64_unknown_linux_gnu
  CFLAGS_aarch64_unknown_linux_gnu = None
  cargo:rerun-if-env-changed=CFLAGS_aarch64-unknown-linux-gnu
  CFLAGS_aarch64-unknown-linux-gnu = None
  cargo:rerun-if-env-changed=CC_aarch64-unknown-linux-gnu
  CC_aarch64-unknown-linux-gnu = None
  cargo:rerun-if-env-changed=CC_aarch64_unknown_linux_gnu
  CC_aarch64_unknown_linux_gnu = Some(gcc)
  cargo:rerun-if-env-changed=CC_KNOWN_WRAPPER_CUSTOM
  CC_KNOWN_WRAPPER_CUSTOM = None
  cargo:rerun-if-env-changed=CRATE_CC_NO_DEFAULTS
  CRATE_CC_NO_DEFAULTS = None
  cargo:rerun-if-env-changed=CFLAGS
  CFLAGS = None
  cargo:rerun-if-env-changed=HOST_CFLAGS
  HOST_CFLAGS = None
  cargo:rerun-if-env-changed=CFLAGS_aarch64_unknown_linux_gnu
  CFLAGS_aarch64_unknown_linux_gnu = None
  cargo:rerun-if-env-changed=CFLAGS_aarch64-unknown-linux-gnu
  CFLAGS_aarch64-unknown-linux-gnu = None
  cargo:rerun-if-env-changed=CC_aarch64-unknown-linux-gnu
  CC_aarch64-unknown-linux-gnu = None
  cargo:rerun-if-env-changed=CC_aarch64_unknown_linux_gnu
  CC_aarch64_unknown_linux_gnu = Some(gcc)
  cargo:rerun-if-env-changed=CC_KNOWN_WRAPPER_CUSTOM
  CC_KNOWN_WRAPPER_CUSTOM = None
  cargo:rerun-if-env-changed=CRATE_CC_NO_DEFAULTS
  CRATE_CC_NO_DEFAULTS = None
  cargo:rerun-if-env-changed=CFLAGS
  CFLAGS = None
  cargo:rerun-if-env-changed=HOST_CFLAGS
  HOST_CFLAGS = None
  cargo:rerun-if-env-changed=CFLAGS_aarch64_unknown_linux_gnu
  CFLAGS_aarch64_unknown_linux_gnu = None
  cargo:rerun-if-env-changed=CFLAGS_aarch64-unknown-linux-gnu
  CFLAGS_aarch64-unknown-linux-gnu = None
  cargo:rerun-if-env-changed=CC_aarch64-unknown-linux-gnu
  CC_aarch64-unknown-linux-gnu = None
  cargo:rerun-if-env-changed=CC_aarch64_unknown_linux_gnu
  CC_aarch64_unknown_linux_gnu = Some(gcc)
  cargo:rerun-if-env-changed=CC_KNOWN_WRAPPER_CUSTOM
  CC_KNOWN_WRAPPER_CUSTOM = None
  cargo:rerun-if-env-changed=CRATE_CC_NO_DEFAULTS
  CRATE_CC_NO_DEFAULTS = None
  cargo:rerun-if-env-changed=CFLAGS
  CFLAGS = None
  cargo:rerun-if-env-changed=HOST_CFLAGS
  HOST_CFLAGS = None
  cargo:rerun-if-env-changed=CFLAGS_aarch64_unknown_linux_gnu
  CFLAGS_aarch64_unknown_linux_gnu = None
  cargo:rerun-if-env-changed=CFLAGS_aarch64-unknown-linux-gnu
  CFLAGS_aarch64-unknown-linux-gnu = None
  cargo:rerun-if-env-changed=CC_aarch64-unknown-linux-gnu
  CC_aarch64-unknown-linux-gnu = None
  cargo:rerun-if-env-changed=CC_aarch64_unknown_linux_gnu
  CC_aarch64_unknown_linux_gnu = Some(gcc)
  cargo:rerun-if-env-changed=CC_KNOWN_WRAPPER_CUSTOM
  CC_KNOWN_WRAPPER_CUSTOM = None
  cargo:rerun-if-env-changed=CRATE_CC_NO_DEFAULTS
  CRATE_CC_NO_DEFAULTS = None
  cargo:rerun-if-env-changed=CFLAGS
  CFLAGS = None
  cargo:rerun-if-env-changed=HOST_CFLAGS
  HOST_CFLAGS = None
  cargo:rerun-if-env-changed=CFLAGS_aarch64_unknown_linux_gnu
  CFLAGS_aarch64_unknown_linux_gnu = None
  cargo:rerun-if-env-changed=CFLAGS_aarch64-unknown-linux-gnu
  CFLAGS_aarch64-unknown-linux-gnu = None
  cargo:rerun-if-env-changed=CC_aarch64-unknown-linux-gnu
  CC_aarch64-unknown-linux-gnu = None
  cargo:rerun-if-env-changed=CC_aarch64_unknown_linux_gnu
  CC_aarch64_unknown_linux_gnu = Some(gcc)
  cargo:rerun-if-env-changed=CC_KNOWN_WRAPPER_CUSTOM
  CC_KNOWN_WRAPPER_CUSTOM = None
  cargo:rerun-if-env-changed=CRATE_CC_NO_DEFAULTS
  CRATE_CC_NO_DEFAULTS = None
  cargo:rerun-if-env-changed=CFLAGS
  CFLAGS = None
  cargo:rerun-if-env-changed=HOST_CFLAGS
  HOST_CFLAGS = None
  cargo:rerun-if-env-changed=CFLAGS_aarch64_unknown_linux_gnu
  CFLAGS_aarch64_unknown_linux_gnu = None
  cargo:rerun-if-env-changed=CFLAGS_aarch64-unknown-linux-gnu
  CFLAGS_aarch64-unknown-linux-gnu = None
  exit status: 0
  exit status: 0
  exit status: 0
  exit status: 0
  exit status: 0
  exit status: 0
  exit status: 0
  exit status: 0
  cargo:rerun-if-env-changed=CC_aarch64-unknown-linux-gnu
  CC_aarch64-unknown-linux-gnu = None
  cargo:rerun-if-env-changed=CC_aarch64_unknown_linux_gnu
  CC_aarch64_unknown_linux_gnu = Some(gcc)
  cargo:rerun-if-env-changed=CC_KNOWN_WRAPPER_CUSTOM
  CC_KNOWN_WRAPPER_CUSTOM = None
  cargo:rerun-if-env-changed=CRATE_CC_NO_DEFAULTS
  CRATE_CC_NO_DEFAULTS = None
  cargo:rerun-if-env-changed=CFLAGS
  CFLAGS = None
  cargo:rerun-if-env-changed=HOST_CFLAGS
  HOST_CFLAGS = None
  cargo:rerun-if-env-changed=CFLAGS_aarch64_unknown_linux_gnu
  CFLAGS_aarch64_unknown_linux_gnu = None
  cargo:rerun-if-env-changed=CFLAGS_aarch64-unknown-linux-gnu
  CFLAGS_aarch64-unknown-linux-gnu = None
  cargo:rerun-if-env-changed=CC_aarch64-unknown-linux-gnu
  CC_aarch64-unknown-linux-gnu = None
  cargo:rerun-if-env-changed=CC_aarch64_unknown_linux_gnu
  CC_aarch64_unknown_linux_gnu = Some(gcc)
  cargo:rerun-if-env-changed=CC_KNOWN_WRAPPER_CUSTOM
  CC_KNOWN_WRAPPER_CUSTOM = None
  cargo:rerun-if-env-changed=CRATE_CC_NO_DEFAULTS
  CRATE_CC_NO_DEFAULTS = None
  cargo:rerun-if-env-changed=CFLAGS
  CFLAGS = None
  cargo:rerun-if-env-changed=HOST_CFLAGS
  HOST_CFLAGS = None
  cargo:rerun-if-env-changed=CFLAGS_aarch64_unknown_linux_gnu
  CFLAGS_aarch64_unknown_linux_gnu = None
  cargo:rerun-if-env-changed=CFLAGS_aarch64-unknown-linux-gnu
  CFLAGS_aarch64-unknown-linux-gnu = None
  cargo:rerun-if-env-changed=CC_aarch64-unknown-linux-gnu
  CC_aarch64-unknown-linux-gnu = None
  cargo:rerun-if-env-changed=CC_aarch64_unknown_linux_gnu
  CC_aarch64_unknown_linux_gnu = Some(gcc)
  cargo:rerun-if-env-changed=CC_KNOWN_WRAPPER_CUSTOM
  CC_KNOWN_WRAPPER_CUSTOM = None
  cargo:rerun-if-env-changed=CRATE_CC_NO_DEFAULTS
  CRATE_CC_NO_DEFAULTS = None
  cargo:rerun-if-env-changed=CFLAGS
  CFLAGS = None
  cargo:rerun-if-env-changed=HOST_CFLAGS
  HOST_CFLAGS = None
  cargo:rerun-if-env-changed=CFLAGS_aarch64_unknown_linux_gnu
  CFLAGS_aarch64_unknown_linux_gnu = None
  cargo:rerun-if-env-changed=CFLAGS_aarch64-unknown-linux-gnu
  CFLAGS_aarch64-unknown-linux-gnu = None
  cargo:rerun-if-env-changed=CC_aarch64-unknown-linux-gnu
  CC_aarch64-unknown-linux-gnu = None
  cargo:rerun-if-env-changed=CC_aarch64_unknown_linux_gnu
  CC_aarch64_unknown_linux_gnu = Some(gcc)
  cargo:rerun-if-env-changed=CC_KNOWN_WRAPPER_CUSTOM
  CC_KNOWN_WRAPPER_CUSTOM = None
  cargo:rerun-if-env-changed=CRATE_CC_NO_DEFAULTS
  CRATE_CC_NO_DEFAULTS = None
  cargo:rerun-if-env-changed=CFLAGS
  CFLAGS = None
  cargo:rerun-if-env-changed=HOST_CFLAGS
  HOST_CFLAGS = None
  cargo:rerun-if-env-changed=CFLAGS_aarch64_unknown_linux_gnu
  CFLAGS_aarch64_unknown_linux_gnu = None
  cargo:rerun-if-env-changed=CFLAGS_aarch64-unknown-linux-gnu
  CFLAGS_aarch64-unknown-linux-gnu = None
  cargo:rerun-if-env-changed=CC_aarch64-unknown-linux-gnu
  CC_aarch64-unknown-linux-gnu = None
  cargo:rerun-if-env-changed=CC_aarch64_unknown_linux_gnu
  CC_aarch64_unknown_linux_gnu = Some(gcc)
  cargo:rerun-if-env-changed=CC_KNOWN_WRAPPER_CUSTOM
  CC_KNOWN_WRAPPER_CUSTOM = None
  cargo:rerun-if-env-changed=CRATE_CC_NO_DEFAULTS
  CRATE_CC_NO_DEFAULTS = None
  cargo:rerun-if-env-changed=CFLAGS
  CFLAGS = None
  cargo:rerun-if-env-changed=HOST_CFLAGS
  HOST_CFLAGS = None
  cargo:rerun-if-env-changed=CFLAGS_aarch64_unknown_linux_gnu
  CFLAGS_aarch64_unknown_linux_gnu = None
  cargo:rerun-if-env-changed=CFLAGS_aarch64-unknown-linux-gnu
  CFLAGS_aarch64-unknown-linux-gnu = None
  cargo:rerun-if-env-changed=CC_aarch64-unknown-linux-gnu
  CC_aarch64-unknown-linux-gnu = None
  cargo:rerun-if-env-changed=CC_aarch64_unknown_linux_gnu
  CC_aarch64_unknown_linux_gnu = Some(gcc)
  cargo:rerun-if-env-changed=CC_KNOWN_WRAPPER_CUSTOM
  CC_KNOWN_WRAPPER_CUSTOM = None
  cargo:rerun-if-env-changed=CRATE_CC_NO_DEFAULTS
  CRATE_CC_NO_DEFAULTS = None
  cargo:rerun-if-env-changed=CFLAGS
  CFLAGS = None
  cargo:rerun-if-env-changed=HOST_CFLAGS
  HOST_CFLAGS = None
  cargo:rerun-if-env-changed=CFLAGS_aarch64_unknown_linux_gnu
  CFLAGS_aarch64_unknown_linux_gnu = None
  cargo:rerun-if-env-changed=CFLAGS_aarch64-unknown-linux-gnu
  CFLAGS_aarch64-unknown-linux-gnu = None
  cargo:rerun-if-env-changed=CC_aarch64-unknown-linux-gnu
  CC_aarch64-unknown-linux-gnu = None
  cargo:rerun-if-env-changed=CC_aarch64_unknown_linux_gnu
  CC_aarch64_unknown_linux_gnu = Some(gcc)
  cargo:rerun-if-env-changed=CC_KNOWN_WRAPPER_CUSTOM
  CC_KNOWN_WRAPPER_CUSTOM = None
  cargo:rerun-if-env-changed=CRATE_CC_NO_DEFAULTS
  CRATE_CC_NO_DEFAULTS = None
  cargo:rerun-if-env-changed=CFLAGS
  CFLAGS = None
  cargo:rerun-if-env-changed=HOST_CFLAGS
  HOST_CFLAGS = None
  cargo:rerun-if-env-changed=CFLAGS_aarch64_unknown_linux_gnu
  CFLAGS_aarch64_unknown_linux_gnu = None
  cargo:rerun-if-env-changed=CFLAGS_aarch64-unknown-linux-gnu
  CFLAGS_aarch64-unknown-linux-gnu = None
  cargo:rerun-if-env-changed=CC_aarch64-unknown-linux-gnu
  CC_aarch64-unknown-linux-gnu = None
  cargo:rerun-if-env-changed=CC_aarch64_unknown_linux_gnu
  CC_aarch64_unknown_linux_gnu = Some(gcc)
  cargo:rerun-if-env-changed=CC_KNOWN_WRAPPER_CUSTOM
  CC_KNOWN_WRAPPER_CUSTOM = None
  cargo:rerun-if-env-changed=CRATE_CC_NO_DEFAULTS
  CRATE_CC_NO_DEFAULTS = None
  cargo:rerun-if-env-changed=CFLAGS
  CFLAGS = None
  cargo:rerun-if-env-changed=HOST_CFLAGS
  HOST_CFLAGS = None
  cargo:rerun-if-env-changed=CFLAGS_aarch64_unknown_linux_gnu
  CFLAGS_aarch64_unknown_linux_gnu = None
  cargo:rerun-if-env-changed=CFLAGS_aarch64-unknown-linux-gnu
  CFLAGS_aarch64-unknown-linux-gnu = None
  exit status: 0
  exit status: 0
  exit status: 0
  exit status: 0
  exit status: 0
  exit status: 0
  exit status: 0
  exit status: 0
  cargo:rerun-if-env-changed=CC_aarch64-unknown-linux-gnu
  CC_aarch64-unknown-linux-gnu = None
  cargo:rerun-if-env-changed=CC_aarch64_unknown_linux_gnu
  CC_aarch64_unknown_linux_gnu = Some(gcc)
  cargo:rerun-if-env-changed=CC_KNOWN_WRAPPER_CUSTOM
  CC_KNOWN_WRAPPER_CUSTOM = None
  cargo:rerun-if-env-changed=CRATE_CC_NO_DEFAULTS
  CRATE_CC_NO_DEFAULTS = None
  cargo:rerun-if-env-changed=CFLAGS
  CFLAGS = None
  cargo:rerun-if-env-changed=HOST_CFLAGS
  HOST_CFLAGS = None
  cargo:rerun-if-env-changed=CFLAGS_aarch64_unknown_linux_gnu
  CFLAGS_aarch64_unknown_linux_gnu = None
  cargo:rerun-if-env-changed=CFLAGS_aarch64-unknown-linux-gnu
  CFLAGS_aarch64-unknown-linux-gnu = None
  cargo:rerun-if-env-changed=CC_aarch64-unknown-linux-gnu
  CC_aarch64-unknown-linux-gnu = None
  cargo:rerun-if-env-changed=CC_aarch64_unknown_linux_gnu
  CC_aarch64_unknown_linux_gnu = Some(gcc)
  cargo:rerun-if-env-changed=CC_KNOWN_WRAPPER_CUSTOM
  CC_KNOWN_WRAPPER_CUSTOM = None
  cargo:rerun-if-env-changed=CRATE_CC_NO_DEFAULTS
  CRATE_CC_NO_DEFAULTS = None
  cargo:rerun-if-env-changed=CFLAGS
  CFLAGS = None
  cargo:rerun-if-env-changed=HOST_CFLAGS
  HOST_CFLAGS = None
  cargo:rerun-if-env-changed=CFLAGS_aarch64_unknown_linux_gnu
  CFLAGS_aarch64_unknown_linux_gnu = None
  cargo:rerun-if-env-changed=CFLAGS_aarch64-unknown-linux-gnu
  CFLAGS_aarch64-unknown-linux-gnu = None
  cargo:rerun-if-env-changed=CC_aarch64-unknown-linux-gnu
  CC_aarch64-unknown-linux-gnu = None
  cargo:rerun-if-env-changed=CC_aarch64_unknown_linux_gnu
  CC_aarch64_unknown_linux_gnu = Some(gcc)
  cargo:rerun-if-env-changed=CC_KNOWN_WRAPPER_CUSTOM
  CC_KNOWN_WRAPPER_CUSTOM = None
  cargo:rerun-if-env-changed=CRATE_CC_NO_DEFAULTS
  CRATE_CC_NO_DEFAULTS = None
  cargo:rerun-if-env-changed=CFLAGS
  CFLAGS = None
  cargo:rerun-if-env-changed=HOST_CFLAGS
  HOST_CFLAGS = None
  cargo:rerun-if-env-changed=CFLAGS_aarch64_unknown_linux_gnu
  CFLAGS_aarch64_unknown_linux_gnu = None
  cargo:rerun-if-env-changed=CFLAGS_aarch64-unknown-linux-gnu
  CFLAGS_aarch64-unknown-linux-gnu = None
  cargo:rerun-if-env-changed=CC_aarch64-unknown-linux-gnu
  CC_aarch64-unknown-linux-gnu = None
  cargo:rerun-if-env-changed=CC_aarch64_unknown_linux_gnu
  CC_aarch64_unknown_linux_gnu = Some(gcc)
  cargo:rerun-if-env-changed=CC_KNOWN_WRAPPER_CUSTOM
  CC_KNOWN_WRAPPER_CUSTOM = None
  cargo:rerun-if-env-changed=CRATE_CC_NO_DEFAULTS
  CRATE_CC_NO_DEFAULTS = None
  cargo:rerun-if-env-changed=CFLAGS
  CFLAGS = None
  cargo:rerun-if-env-changed=HOST_CFLAGS
  HOST_CFLAGS = None
  cargo:rerun-if-env-changed=CFLAGS_aarch64_unknown_linux_gnu
  CFLAGS_aarch64_unknown_linux_gnu = None
  cargo:rerun-if-env-changed=CFLAGS_aarch64-unknown-linux-gnu
  CFLAGS_aarch64-unknown-linux-gnu = None
  cargo:rerun-if-env-changed=CC_aarch64-unknown-linux-gnu
  CC_aarch64-unknown-linux-gnu = None
  cargo:rerun-if-env-changed=CC_aarch64_unknown_linux_gnu
  CC_aarch64_unknown_linux_gnu = Some(gcc)
  cargo:rerun-if-env-changed=CC_KNOWN_WRAPPER_CUSTOM
  CC_KNOWN_WRAPPER_CUSTOM = None
  cargo:rerun-if-env-changed=CRATE_CC_NO_DEFAULTS
  CRATE_CC_NO_DEFAULTS = None
  cargo:rerun-if-env-changed=CFLAGS
  CFLAGS = None
  cargo:rerun-if-env-changed=HOST_CFLAGS
  HOST_CFLAGS = None
  cargo:rerun-if-env-changed=CFLAGS_aarch64_unknown_linux_gnu
  CFLAGS_aarch64_unknown_linux_gnu = None
  cargo:rerun-if-env-changed=CFLAGS_aarch64-unknown-linux-gnu
  CFLAGS_aarch64-unknown-linux-gnu = None
  cargo:rerun-if-env-changed=CC_aarch64-unknown-linux-gnu
  CC_aarch64-unknown-linux-gnu = None
  cargo:rerun-if-env-changed=CC_aarch64_unknown_linux_gnu
  CC_aarch64_unknown_linux_gnu = Some(gcc)
  cargo:rerun-if-env-changed=CC_KNOWN_WRAPPER_CUSTOM
  CC_KNOWN_WRAPPER_CUSTOM = None
  cargo:rerun-if-env-changed=CRATE_CC_NO_DEFAULTS
  CRATE_CC_NO_DEFAULTS = None
  cargo:rerun-if-env-changed=CFLAGS
  CFLAGS = None
  cargo:rerun-if-env-changed=HOST_CFLAGS
  HOST_CFLAGS = None
  cargo:rerun-if-env-changed=CFLAGS_aarch64_unknown_linux_gnu
  CFLAGS_aarch64_unknown_linux_gnu = None
  cargo:rerun-if-env-changed=CFLAGS_aarch64-unknown-linux-gnu
  CFLAGS_aarch64-unknown-linux-gnu = None
  cargo:rerun-if-env-changed=CC_aarch64-unknown-linux-gnu
  CC_aarch64-unknown-linux-gnu = None
  cargo:rerun-if-env-changed=CC_aarch64_unknown_linux_gnu
  CC_aarch64_unknown_linux_gnu = Some(gcc)
  cargo:rerun-if-env-changed=CC_KNOWN_WRAPPER_CUSTOM
  CC_KNOWN_WRAPPER_CUSTOM = None
  cargo:rerun-if-env-changed=CRATE_CC_NO_DEFAULTS
  CRATE_CC_NO_DEFAULTS = None
  cargo:rerun-if-env-changed=CFLAGS
  CFLAGS = None
  cargo:rerun-if-env-changed=HOST_CFLAGS
  HOST_CFLAGS = None
  cargo:rerun-if-env-changed=CFLAGS_aarch64_unknown_linux_gnu
  CFLAGS_aarch64_unknown_linux_gnu = None
  cargo:rerun-if-env-changed=CFLAGS_aarch64-unknown-linux-gnu
  CFLAGS_aarch64-unknown-linux-gnu = None
  cargo:rerun-if-env-changed=CC_aarch64-unknown-linux-gnu
  CC_aarch64-unknown-linux-gnu = None
  cargo:rerun-if-env-changed=CC_aarch64_unknown_linux_gnu
  CC_aarch64_unknown_linux_gnu = Some(gcc)
  cargo:rerun-if-env-changed=CC_KNOWN_WRAPPER_CUSTOM
  CC_KNOWN_WRAPPER_CUSTOM = None
  cargo:rerun-if-env-changed=CRATE_CC_NO_DEFAULTS
  CRATE_CC_NO_DEFAULTS = None
  cargo:rerun-if-env-changed=CFLAGS
  CFLAGS = None
  cargo:rerun-if-env-changed=HOST_CFLAGS
  HOST_CFLAGS = None
  cargo:rerun-if-env-changed=CFLAGS_aarch64_unknown_linux_gnu
  CFLAGS_aarch64_unknown_linux_gnu = None
  cargo:rerun-if-env-changed=CFLAGS_aarch64-unknown-linux-gnu
  CFLAGS_aarch64-unknown-linux-gnu = None
  exit status: 0
  exit status: 0
  exit status: 0
  exit status: 0
  exit status: 0
  exit status: 0
  exit status: 0
  exit status: 0
  cargo:rerun-if-env-changed=CC_aarch64-unknown-linux-gnu
  CC_aarch64-unknown-linux-gnu = None
  cargo:rerun-if-env-changed=CC_aarch64_unknown_linux_gnu
  CC_aarch64_unknown_linux_gnu = Some(gcc)
  cargo:rerun-if-env-changed=CC_KNOWN_WRAPPER_CUSTOM
  CC_KNOWN_WRAPPER_CUSTOM = None
  cargo:rerun-if-env-changed=CRATE_CC_NO_DEFAULTS
  CRATE_CC_NO_DEFAULTS = None
  cargo:rerun-if-env-changed=CFLAGS
  CFLAGS = None
  cargo:rerun-if-env-changed=HOST_CFLAGS
  HOST_CFLAGS = None
  cargo:rerun-if-env-changed=CFLAGS_aarch64_unknown_linux_gnu
  CFLAGS_aarch64_unknown_linux_gnu = None
  cargo:rerun-if-env-changed=CFLAGS_aarch64-unknown-linux-gnu
  CFLAGS_aarch64-unknown-linux-gnu = None
  cargo:rerun-if-env-changed=CC_aarch64-unknown-linux-gnu
  CC_aarch64-unknown-linux-gnu = None
  cargo:rerun-if-env-changed=CC_aarch64_unknown_linux_gnu
  CC_aarch64_unknown_linux_gnu = Some(gcc)
  cargo:rerun-if-env-changed=CC_KNOWN_WRAPPER_CUSTOM
  CC_KNOWN_WRAPPER_CUSTOM = None
  cargo:rerun-if-env-changed=CRATE_CC_NO_DEFAULTS
  CRATE_CC_NO_DEFAULTS = None
  cargo:rerun-if-env-changed=CFLAGS
  CFLAGS = None
  cargo:rerun-if-env-changed=HOST_CFLAGS
  HOST_CFLAGS = None
  cargo:rerun-if-env-changed=CFLAGS_aarch64_unknown_linux_gnu
  CFLAGS_aarch64_unknown_linux_gnu = None
  cargo:rerun-if-env-changed=CFLAGS_aarch64-unknown-linux-gnu
  CFLAGS_aarch64-unknown-linux-gnu = None
  cargo:rerun-if-env-changed=CC_aarch64-unknown-linux-gnu
  CC_aarch64-unknown-linux-gnu = None
  cargo:rerun-if-env-changed=CC_aarch64_unknown_linux_gnu
  CC_aarch64_unknown_linux_gnu = Some(gcc)
  cargo:rerun-if-env-changed=CC_KNOWN_WRAPPER_CUSTOM
  CC_KNOWN_WRAPPER_CUSTOM = None
  cargo:rerun-if-env-changed=CRATE_CC_NO_DEFAULTS
  CRATE_CC_NO_DEFAULTS = None
  cargo:rerun-if-env-changed=CFLAGS
  CFLAGS = None
  cargo:rerun-if-env-changed=HOST_CFLAGS
  HOST_CFLAGS = None
  cargo:rerun-if-env-changed=CFLAGS_aarch64_unknown_linux_gnu
  CFLAGS_aarch64_unknown_linux_gnu = None
  cargo:rerun-if-env-changed=CFLAGS_aarch64-unknown-linux-gnu
  CFLAGS_aarch64-unknown-linux-gnu = None
  cargo:rerun-if-env-changed=CC_aarch64-unknown-linux-gnu
  CC_aarch64-unknown-linux-gnu = None
  cargo:rerun-if-env-changed=CC_aarch64_unknown_linux_gnu
  CC_aarch64_unknown_linux_gnu = Some(gcc)
  cargo:rerun-if-env-changed=CC_KNOWN_WRAPPER_CUSTOM
  CC_KNOWN_WRAPPER_CUSTOM = None
  cargo:rerun-if-env-changed=CRATE_CC_NO_DEFAULTS
  CRATE_CC_NO_DEFAULTS = None
  cargo:rerun-if-env-changed=CFLAGS
  CFLAGS = None
  cargo:rerun-if-env-changed=HOST_CFLAGS
  HOST_CFLAGS = None
  cargo:rerun-if-env-changed=CFLAGS_aarch64_unknown_linux_gnu
  CFLAGS_aarch64_unknown_linux_gnu = None
  cargo:rerun-if-env-changed=CFLAGS_aarch64-unknown-linux-gnu
  CFLAGS_aarch64-unknown-linux-gnu = None
  cargo:rerun-if-env-changed=CC_aarch64-unknown-linux-gnu
  CC_aarch64-unknown-linux-gnu = None
  cargo:rerun-if-env-changed=CC_aarch64_unknown_linux_gnu
  CC_aarch64_unknown_linux_gnu = Some(gcc)
  cargo:rerun-if-env-changed=CC_KNOWN_WRAPPER_CUSTOM
  CC_KNOWN_WRAPPER_CUSTOM = None
  cargo:rerun-if-env-changed=CRATE_CC_NO_DEFAULTS
  CRATE_CC_NO_DEFAULTS = None
  cargo:rerun-if-env-changed=CFLAGS
  CFLAGS = None
  cargo:rerun-if-env-changed=HOST_CFLAGS
  HOST_CFLAGS = None
  cargo:rerun-if-env-changed=CFLAGS_aarch64_unknown_linux_gnu
  CFLAGS_aarch64_unknown_linux_gnu = None
  cargo:rerun-if-env-changed=CFLAGS_aarch64-unknown-linux-gnu
  CFLAGS_aarch64-unknown-linux-gnu = None
  cargo:rerun-if-env-changed=CC_aarch64-unknown-linux-gnu
  CC_aarch64-unknown-linux-gnu = None
  cargo:rerun-if-env-changed=CC_aarch64_unknown_linux_gnu
  CC_aarch64_unknown_linux_gnu = Some(gcc)
  cargo:rerun-if-env-changed=CC_KNOWN_WRAPPER_CUSTOM
  CC_KNOWN_WRAPPER_CUSTOM = None
  cargo:rerun-if-env-changed=CRATE_CC_NO_DEFAULTS
  CRATE_CC_NO_DEFAULTS = None
  cargo:rerun-if-env-changed=CFLAGS
  CFLAGS = None
  cargo:rerun-if-env-changed=HOST_CFLAGS
  HOST_CFLAGS = None
  cargo:rerun-if-env-changed=CFLAGS_aarch64_unknown_linux_gnu
  CFLAGS_aarch64_unknown_linux_gnu = None
  cargo:rerun-if-env-changed=CFLAGS_aarch64-unknown-linux-gnu
  CFLAGS_aarch64-unknown-linux-gnu = None
  cargo:rerun-if-env-changed=CC_aarch64-unknown-linux-gnu
  CC_aarch64-unknown-linux-gnu = None
  cargo:rerun-if-env-changed=CC_aarch64_unknown_linux_gnu
  CC_aarch64_unknown_linux_gnu = Some(gcc)
  cargo:rerun-if-env-changed=CC_KNOWN_WRAPPER_CUSTOM
  CC_KNOWN_WRAPPER_CUSTOM = None
  cargo:rerun-if-env-changed=CRATE_CC_NO_DEFAULTS
  CRATE_CC_NO_DEFAULTS = None
  cargo:rerun-if-env-changed=CFLAGS
  CFLAGS = None
  cargo:rerun-if-env-changed=HOST_CFLAGS
  HOST_CFLAGS = None
  cargo:rerun-if-env-changed=CFLAGS_aarch64_unknown_linux_gnu
  CFLAGS_aarch64_unknown_linux_gnu = None
  cargo:rerun-if-env-changed=CFLAGS_aarch64-unknown-linux-gnu
  CFLAGS_aarch64-unknown-linux-gnu = None
  cargo:rerun-if-env-changed=CC_aarch64-unknown-linux-gnu
  CC_aarch64-unknown-linux-gnu = None
  cargo:rerun-if-env-changed=CC_aarch64_unknown_linux_gnu
  CC_aarch64_unknown_linux_gnu = Some(gcc)
  cargo:rerun-if-env-changed=CC_KNOWN_WRAPPER_CUSTOM
  CC_KNOWN_WRAPPER_CUSTOM = None
  cargo:rerun-if-env-changed=CRATE_CC_NO_DEFAULTS
  CRATE_CC_NO_DEFAULTS = None
  cargo:rerun-if-env-changed=CFLAGS
  CFLAGS = None
  cargo:rerun-if-env-changed=HOST_CFLAGS
  HOST_CFLAGS = None
  cargo:rerun-if-env-changed=CFLAGS_aarch64_unknown_linux_gnu
  CFLAGS_aarch64_unknown_linux_gnu = None
  cargo:rerun-if-env-changed=CFLAGS_aarch64-unknown-linux-gnu
  CFLAGS_aarch64-unknown-linux-gnu = None
  exit status: 0
  exit status: 0
  exit status: 0
  exit status: 0
  exit status: 0
  exit status: 0
  exit status: 0
  exit status: 0
  cargo:rerun-if-env-changed=CC_aarch64-unknown-linux-gnu
  CC_aarch64-unknown-linux-gnu = None
  cargo:rerun-if-env-changed=CC_aarch64_unknown_linux_gnu
  CC_aarch64_unknown_linux_gnu = Some(gcc)
  cargo:rerun-if-env-changed=CC_KNOWN_WRAPPER_CUSTOM
  CC_KNOWN_WRAPPER_CUSTOM = None
  cargo:rerun-if-env-changed=CRATE_CC_NO_DEFAULTS
  CRATE_CC_NO_DEFAULTS = None
  cargo:rerun-if-env-changed=CFLAGS
  CFLAGS = None
  cargo:rerun-if-env-changed=HOST_CFLAGS
  HOST_CFLAGS = None
  cargo:rerun-if-env-changed=CFLAGS_aarch64_unknown_linux_gnu
  CFLAGS_aarch64_unknown_linux_gnu = None
  cargo:rerun-if-env-changed=CFLAGS_aarch64-unknown-linux-gnu
  CFLAGS_aarch64-unknown-linux-gnu = None
  cargo:rerun-if-env-changed=CC_aarch64-unknown-linux-gnu
  CC_aarch64-unknown-linux-gnu = None
  cargo:rerun-if-env-changed=CC_aarch64_unknown_linux_gnu
  CC_aarch64_unknown_linux_gnu = Some(gcc)
  cargo:rerun-if-env-changed=CC_KNOWN_WRAPPER_CUSTOM
  CC_KNOWN_WRAPPER_CUSTOM = None
  cargo:rerun-if-env-changed=CRATE_CC_NO_DEFAULTS
  CRATE_CC_NO_DEFAULTS = None
  cargo:rerun-if-env-changed=CFLAGS
  CFLAGS = None
  cargo:rerun-if-env-changed=HOST_CFLAGS
  HOST_CFLAGS = None
  cargo:rerun-if-env-changed=CFLAGS_aarch64_unknown_linux_gnu
  CFLAGS_aarch64_unknown_linux_gnu = None
  cargo:rerun-if-env-changed=CFLAGS_aarch64-unknown-linux-gnu
  CFLAGS_aarch64-unknown-linux-gnu = None
  cargo:rerun-if-env-changed=CC_aarch64-unknown-linux-gnu
  CC_aarch64-unknown-linux-gnu = None
  cargo:rerun-if-env-changed=CC_aarch64_unknown_linux_gnu
  CC_aarch64_unknown_linux_gnu = Some(gcc)
  cargo:rerun-if-env-changed=CC_KNOWN_WRAPPER_CUSTOM
  CC_KNOWN_WRAPPER_CUSTOM = None
  cargo:rerun-if-env-changed=CRATE_CC_NO_DEFAULTS
  CRATE_CC_NO_DEFAULTS = None
  cargo:rerun-if-env-changed=CFLAGS
  CFLAGS = None
  cargo:rerun-if-env-changed=HOST_CFLAGS
  HOST_CFLAGS = None
  cargo:rerun-if-env-changed=CFLAGS_aarch64_unknown_linux_gnu
  CFLAGS_aarch64_unknown_linux_gnu = None
  cargo:rerun-if-env-changed=CFLAGS_aarch64-unknown-linux-gnu
  CFLAGS_aarch64-unknown-linux-gnu = None
  cargo:rerun-if-env-changed=CC_aarch64-unknown-linux-gnu
  CC_aarch64-unknown-linux-gnu = None
  cargo:rerun-if-env-changed=CC_aarch64_unknown_linux_gnu
  CC_aarch64_unknown_linux_gnu = Some(gcc)
  cargo:rerun-if-env-changed=CC_KNOWN_WRAPPER_CUSTOM
  CC_KNOWN_WRAPPER_CUSTOM = None
  cargo:rerun-if-env-changed=CRATE_CC_NO_DEFAULTS
  CRATE_CC_NO_DEFAULTS = None
  cargo:rerun-if-env-changed=CFLAGS
  CFLAGS = None
  cargo:rerun-if-env-changed=HOST_CFLAGS
  HOST_CFLAGS = None
  cargo:rerun-if-env-changed=CFLAGS_aarch64_unknown_linux_gnu
  CFLAGS_aarch64_unknown_linux_gnu = None
  cargo:rerun-if-env-changed=CFLAGS_aarch64-unknown-linux-gnu
  CFLAGS_aarch64-unknown-linux-gnu = None
  cargo:rerun-if-env-changed=CC_aarch64-unknown-linux-gnu
  CC_aarch64-unknown-linux-gnu = None
  cargo:rerun-if-env-changed=CC_aarch64_unknown_linux_gnu
  CC_aarch64_unknown_linux_gnu = Some(gcc)
  cargo:rerun-if-env-changed=CC_KNOWN_WRAPPER_CUSTOM
  CC_KNOWN_WRAPPER_CUSTOM = None
  cargo:rerun-if-env-changed=CRATE_CC_NO_DEFAULTS
  CRATE_CC_NO_DEFAULTS = None
  cargo:rerun-if-env-changed=CFLAGS
  CFLAGS = None
  cargo:rerun-if-env-changed=HOST_CFLAGS
  HOST_CFLAGS = None
  cargo:rerun-if-env-changed=CFLAGS_aarch64_unknown_linux_gnu
  CFLAGS_aarch64_unknown_linux_gnu = None
  cargo:rerun-if-env-changed=CFLAGS_aarch64-unknown-linux-gnu
  CFLAGS_aarch64-unknown-linux-gnu = None
  cargo:rerun-if-env-changed=CC_aarch64-unknown-linux-gnu
  CC_aarch64-unknown-linux-gnu = None
  cargo:rerun-if-env-changed=CC_aarch64_unknown_linux_gnu
  CC_aarch64_unknown_linux_gnu = Some(gcc)
  cargo:rerun-if-env-changed=CC_KNOWN_WRAPPER_CUSTOM
  CC_KNOWN_WRAPPER_CUSTOM = None
  cargo:rerun-if-env-changed=CRATE_CC_NO_DEFAULTS
  CRATE_CC_NO_DEFAULTS = None
  cargo:rerun-if-env-changed=CFLAGS
  CFLAGS = None
  cargo:rerun-if-env-changed=HOST_CFLAGS
  HOST_CFLAGS = None
  cargo:rerun-if-env-changed=CFLAGS_aarch64_unknown_linux_gnu
  CFLAGS_aarch64_unknown_linux_gnu = None
  cargo:rerun-if-env-changed=CFLAGS_aarch64-unknown-linux-gnu
  CFLAGS_aarch64-unknown-linux-gnu = None
  cargo:rerun-if-env-changed=CC_aarch64-unknown-linux-gnu
  CC_aarch64-unknown-linux-gnu = None
  cargo:rerun-if-env-changed=CC_aarch64_unknown_linux_gnu
  CC_aarch64_unknown_linux_gnu = Some(gcc)
  cargo:rerun-if-env-changed=CC_KNOWN_WRAPPER_CUSTOM
  CC_KNOWN_WRAPPER_CUSTOM = None
  cargo:rerun-if-env-changed=CRATE_CC_NO_DEFAULTS
  CRATE_CC_NO_DEFAULTS = None
  cargo:rerun-if-env-changed=CFLAGS
  CFLAGS = None
  cargo:rerun-if-env-changed=HOST_CFLAGS
  HOST_CFLAGS = None
  cargo:rerun-if-env-changed=CFLAGS_aarch64_unknown_linux_gnu
  CFLAGS_aarch64_unknown_linux_gnu = None
  cargo:rerun-if-env-changed=CFLAGS_aarch64-unknown-linux-gnu
  CFLAGS_aarch64-unknown-linux-gnu = None
  cargo:rerun-if-env-changed=CC_aarch64-unknown-linux-gnu
  CC_aarch64-unknown-linux-gnu = None
  cargo:rerun-if-env-changed=CC_aarch64_unknown_linux_gnu
  CC_aarch64_unknown_linux_gnu = Some(gcc)
  cargo:rerun-if-env-changed=CC_KNOWN_WRAPPER_CUSTOM
  CC_KNOWN_WRAPPER_CUSTOM = None
  cargo:rerun-if-env-changed=CRATE_CC_NO_DEFAULTS
  CRATE_CC_NO_DEFAULTS = None
  cargo:rerun-if-env-changed=CFLAGS
  CFLAGS = None
  cargo:rerun-if-env-changed=HOST_CFLAGS
  HOST_CFLAGS = None
  cargo:rerun-if-env-changed=CFLAGS_aarch64_unknown_linux_gnu
  CFLAGS_aarch64_unknown_linux_gnu = None
  cargo:rerun-if-env-changed=CFLAGS_aarch64-unknown-linux-gnu
  CFLAGS_aarch64-unknown-linux-gnu = None
  exit status: 0
  exit status: 0
  exit status: 0
  exit status: 0
  exit status: 0
  exit status: 0
  exit status: 0
  exit status: 0
  cargo:rerun-if-env-changed=CC_aarch64-unknown-linux-gnu
  CC_aarch64-unknown-linux-gnu = None
  cargo:rerun-if-env-changed=CC_aarch64_unknown_linux_gnu
  CC_aarch64_unknown_linux_gnu = Some(gcc)
  cargo:rerun-if-env-changed=CC_KNOWN_WRAPPER_CUSTOM
  CC_KNOWN_WRAPPER_CUSTOM = None
  cargo:rerun-if-env-changed=CRATE_CC_NO_DEFAULTS
  CRATE_CC_NO_DEFAULTS = None
  cargo:rerun-if-env-changed=CFLAGS
  CFLAGS = None
  cargo:rerun-if-env-changed=HOST_CFLAGS
  HOST_CFLAGS = None
  cargo:rerun-if-env-changed=CFLAGS_aarch64_unknown_linux_gnu
  CFLAGS_aarch64_unknown_linux_gnu = None
  cargo:rerun-if-env-changed=CFLAGS_aarch64-unknown-linux-gnu
  CFLAGS_aarch64-unknown-linux-gnu = None
  cargo:rerun-if-env-changed=CC_aarch64-unknown-linux-gnu
  CC_aarch64-unknown-linux-gnu = None
  cargo:rerun-if-env-changed=CC_aarch64_unknown_linux_gnu
  CC_aarch64_unknown_linux_gnu = Some(gcc)
  cargo:rerun-if-env-changed=CC_KNOWN_WRAPPER_CUSTOM
  CC_KNOWN_WRAPPER_CUSTOM = None
  cargo:rerun-if-env-changed=CRATE_CC_NO_DEFAULTS
  CRATE_CC_NO_DEFAULTS = None
  cargo:rerun-if-env-changed=CFLAGS
  CFLAGS = None
  cargo:rerun-if-env-changed=HOST_CFLAGS
  HOST_CFLAGS = None
  cargo:rerun-if-env-changed=CFLAGS_aarch64_unknown_linux_gnu
  CFLAGS_aarch64_unknown_linux_gnu = None
  cargo:rerun-if-env-changed=CFLAGS_aarch64-unknown-linux-gnu
  CFLAGS_aarch64-unknown-linux-gnu = None
  cargo:rerun-if-env-changed=CC_aarch64-unknown-linux-gnu
  CC_aarch64-unknown-linux-gnu = None
  cargo:rerun-if-env-changed=CC_aarch64_unknown_linux_gnu
  CC_aarch64_unknown_linux_gnu = Some(gcc)
  cargo:rerun-if-env-changed=CC_KNOWN_WRAPPER_CUSTOM
  CC_KNOWN_WRAPPER_CUSTOM = None
  cargo:rerun-if-env-changed=CRATE_CC_NO_DEFAULTS
  CRATE_CC_NO_DEFAULTS = None
  cargo:rerun-if-env-changed=CFLAGS
  CFLAGS = None
  cargo:rerun-if-env-changed=HOST_CFLAGS
  HOST_CFLAGS = None
  cargo:rerun-if-env-changed=CFLAGS_aarch64_unknown_linux_gnu
  CFLAGS_aarch64_unknown_linux_gnu = None
  cargo:rerun-if-env-changed=CFLAGS_aarch64-unknown-linux-gnu
  CFLAGS_aarch64-unknown-linux-gnu = None
  cargo:rerun-if-env-changed=CC_aarch64-unknown-linux-gnu
  CC_aarch64-unknown-linux-gnu = None
  cargo:rerun-if-env-changed=CC_aarch64_unknown_linux_gnu
  CC_aarch64_unknown_linux_gnu = Some(gcc)
  cargo:rerun-if-env-changed=CC_KNOWN_WRAPPER_CUSTOM
  CC_KNOWN_WRAPPER_CUSTOM = None
  cargo:rerun-if-env-changed=CRATE_CC_NO_DEFAULTS
  CRATE_CC_NO_DEFAULTS = None
  cargo:rerun-if-env-changed=CFLAGS
  CFLAGS = None
  cargo:rerun-if-env-changed=HOST_CFLAGS
  HOST_CFLAGS = None
  cargo:rerun-if-env-changed=CFLAGS_aarch64_unknown_linux_gnu
  CFLAGS_aarch64_unknown_linux_gnu = None
  cargo:rerun-if-env-changed=CFLAGS_aarch64-unknown-linux-gnu
  CFLAGS_aarch64-unknown-linux-gnu = None
  cargo:rerun-if-env-changed=CC_aarch64-unknown-linux-gnu
  CC_aarch64-unknown-linux-gnu = None
  cargo:rerun-if-env-changed=CC_aarch64_unknown_linux_gnu
  CC_aarch64_unknown_linux_gnu = Some(gcc)
  cargo:rerun-if-env-changed=CC_KNOWN_WRAPPER_CUSTOM
  CC_KNOWN_WRAPPER_CUSTOM = None
  cargo:rerun-if-env-changed=CRATE_CC_NO_DEFAULTS
  CRATE_CC_NO_DEFAULTS = None
  cargo:rerun-if-env-changed=CFLAGS
  CFLAGS = None
  cargo:rerun-if-env-changed=HOST_CFLAGS
  HOST_CFLAGS = None
  cargo:rerun-if-env-changed=CFLAGS_aarch64_unknown_linux_gnu
  CFLAGS_aarch64_unknown_linux_gnu = None
  cargo:rerun-if-env-changed=CFLAGS_aarch64-unknown-linux-gnu
  CFLAGS_aarch64-unknown-linux-gnu = None
  cargo:rerun-if-env-changed=CC_aarch64-unknown-linux-gnu
  CC_aarch64-unknown-linux-gnu = None
  cargo:rerun-if-env-changed=CC_aarch64_unknown_linux_gnu
  CC_aarch64_unknown_linux_gnu = Some(gcc)
  cargo:rerun-if-env-changed=CC_KNOWN_WRAPPER_CUSTOM
  CC_KNOWN_WRAPPER_CUSTOM = None
  cargo:rerun-if-env-changed=CRATE_CC_NO_DEFAULTS
  CRATE_CC_NO_DEFAULTS = None
  cargo:rerun-if-env-changed=CFLAGS
  CFLAGS = None
  cargo:rerun-if-env-changed=HOST_CFLAGS
  HOST_CFLAGS = None
  cargo:rerun-if-env-changed=CFLAGS_aarch64_unknown_linux_gnu
  CFLAGS_aarch64_unknown_linux_gnu = None
  cargo:rerun-if-env-changed=CFLAGS_aarch64-unknown-linux-gnu
  CFLAGS_aarch64-unknown-linux-gnu = None
  cargo:rerun-if-env-changed=CC_aarch64-unknown-linux-gnu
  CC_aarch64-unknown-linux-gnu = None
  cargo:rerun-if-env-changed=CC_aarch64_unknown_linux_gnu
  CC_aarch64_unknown_linux_gnu = Some(gcc)
  cargo:rerun-if-env-changed=CC_KNOWN_WRAPPER_CUSTOM
  CC_KNOWN_WRAPPER_CUSTOM = None
  cargo:rerun-if-env-changed=CRATE_CC_NO_DEFAULTS
  CRATE_CC_NO_DEFAULTS = None
  cargo:rerun-if-env-changed=CFLAGS
  CFLAGS = None
  cargo:rerun-if-env-changed=HOST_CFLAGS
  HOST_CFLAGS = None
  cargo:rerun-if-env-changed=CFLAGS_aarch64_unknown_linux_gnu
  CFLAGS_aarch64_unknown_linux_gnu = None
  cargo:rerun-if-env-changed=CFLAGS_aarch64-unknown-linux-gnu
  CFLAGS_aarch64-unknown-linux-gnu = None
  cargo:rerun-if-env-changed=CC_aarch64-unknown-linux-gnu
  CC_aarch64-unknown-linux-gnu = None
  cargo:rerun-if-env-changed=CC_aarch64_unknown_linux_gnu
  CC_aarch64_unknown_linux_gnu = Some(gcc)
  cargo:rerun-if-env-changed=CC_KNOWN_WRAPPER_CUSTOM
  CC_KNOWN_WRAPPER_CUSTOM = None
  cargo:rerun-if-env-changed=CRATE_CC_NO_DEFAULTS
  CRATE_CC_NO_DEFAULTS = None
  cargo:rerun-if-env-changed=CFLAGS
  CFLAGS = None
  cargo:rerun-if-env-changed=HOST_CFLAGS
  HOST_CFLAGS = None
  cargo:rerun-if-env-changed=CFLAGS_aarch64_unknown_linux_gnu
  CFLAGS_aarch64_unknown_linux_gnu = None
  cargo:rerun-if-env-changed=CFLAGS_aarch64-unknown-linux-gnu
  CFLAGS_aarch64-unknown-linux-gnu = None
  exit status: 0
  exit status: 0
  exit status: 0
  exit status: 0
  exit status: 0
  exit status: 0
  exit status: 0
  exit status: 0
  cargo:rerun-if-env-changed=CC_aarch64-unknown-linux-gnu
  CC_aarch64-unknown-linux-gnu = None
  cargo:rerun-if-env-changed=CC_aarch64_unknown_linux_gnu
  CC_aarch64_unknown_linux_gnu = Some(gcc)
  cargo:rerun-if-env-changed=CC_KNOWN_WRAPPER_CUSTOM
  CC_KNOWN_WRAPPER_CUSTOM = None
  cargo:rerun-if-env-changed=CRATE_CC_NO_DEFAULTS
  CRATE_CC_NO_DEFAULTS = None
  cargo:rerun-if-env-changed=CFLAGS
  CFLAGS = None
  cargo:rerun-if-env-changed=HOST_CFLAGS
  HOST_CFLAGS = None
  cargo:rerun-if-env-changed=CFLAGS_aarch64_unknown_linux_gnu
  CFLAGS_aarch64_unknown_linux_gnu = None
  cargo:rerun-if-env-changed=CFLAGS_aarch64-unknown-linux-gnu
  CFLAGS_aarch64-unknown-linux-gnu = None
  cargo:rerun-if-env-changed=CC_aarch64-unknown-linux-gnu
  CC_aarch64-unknown-linux-gnu = None
  cargo:rerun-if-env-changed=CC_aarch64_unknown_linux_gnu
  CC_aarch64_unknown_linux_gnu = Some(gcc)
  cargo:rerun-if-env-changed=CC_KNOWN_WRAPPER_CUSTOM
  CC_KNOWN_WRAPPER_CUSTOM = None
  cargo:rerun-if-env-changed=CRATE_CC_NO_DEFAULTS
  CRATE_CC_NO_DEFAULTS = None
  cargo:rerun-if-env-changed=CFLAGS
  CFLAGS = None
  cargo:rerun-if-env-changed=HOST_CFLAGS
  HOST_CFLAGS = None
  cargo:rerun-if-env-changed=CFLAGS_aarch64_unknown_linux_gnu
  CFLAGS_aarch64_unknown_linux_gnu = None
  cargo:rerun-if-env-changed=CFLAGS_aarch64-unknown-linux-gnu
  CFLAGS_aarch64-unknown-linux-gnu = None
  cargo:rerun-if-env-changed=CC_aarch64-unknown-linux-gnu
  CC_aarch64-unknown-linux-gnu = None
  cargo:rerun-if-env-changed=CC_aarch64_unknown_linux_gnu
  CC_aarch64_unknown_linux_gnu = Some(gcc)
  cargo:rerun-if-env-changed=CC_KNOWN_WRAPPER_CUSTOM
  CC_KNOWN_WRAPPER_CUSTOM = None
  cargo:rerun-if-env-changed=CRATE_CC_NO_DEFAULTS
  CRATE_CC_NO_DEFAULTS = None
  cargo:rerun-if-env-changed=CFLAGS
  CFLAGS = None
  cargo:rerun-if-env-changed=HOST_CFLAGS
  HOST_CFLAGS = None
  cargo:rerun-if-env-changed=CFLAGS_aarch64_unknown_linux_gnu
  CFLAGS_aarch64_unknown_linux_gnu = None
  cargo:rerun-if-env-changed=CFLAGS_aarch64-unknown-linux-gnu
  CFLAGS_aarch64-unknown-linux-gnu = None
  cargo:rerun-if-env-changed=CC_aarch64-unknown-linux-gnu
  CC_aarch64-unknown-linux-gnu = None
  cargo:rerun-if-env-changed=CC_aarch64_unknown_linux_gnu
  CC_aarch64_unknown_linux_gnu = Some(gcc)
  cargo:rerun-if-env-changed=CC_KNOWN_WRAPPER_CUSTOM
  CC_KNOWN_WRAPPER_CUSTOM = None
  cargo:rerun-if-env-changed=CRATE_CC_NO_DEFAULTS
  CRATE_CC_NO_DEFAULTS = None
  cargo:rerun-if-env-changed=CFLAGS
  CFLAGS = None
  cargo:rerun-if-env-changed=HOST_CFLAGS
  HOST_CFLAGS = None
  cargo:rerun-if-env-changed=CFLAGS_aarch64_unknown_linux_gnu
  CFLAGS_aarch64_unknown_linux_gnu = None
  cargo:rerun-if-env-changed=CFLAGS_aarch64-unknown-linux-gnu
  CFLAGS_aarch64-unknown-linux-gnu = None
  cargo:rerun-if-env-changed=CC_aarch64-unknown-linux-gnu
  CC_aarch64-unknown-linux-gnu = None
  cargo:rerun-if-env-changed=CC_aarch64_unknown_linux_gnu
  CC_aarch64_unknown_linux_gnu = Some(gcc)
  cargo:rerun-if-env-changed=CC_KNOWN_WRAPPER_CUSTOM
  CC_KNOWN_WRAPPER_CUSTOM = None
  cargo:rerun-if-env-changed=CRATE_CC_NO_DEFAULTS
  CRATE_CC_NO_DEFAULTS = None
  cargo:rerun-if-env-changed=CFLAGS
  CFLAGS = None
  cargo:rerun-if-env-changed=HOST_CFLAGS
  HOST_CFLAGS = None
  cargo:rerun-if-env-changed=CFLAGS_aarch64_unknown_linux_gnu
  CFLAGS_aarch64_unknown_linux_gnu = None
  cargo:rerun-if-env-changed=CFLAGS_aarch64-unknown-linux-gnu
  CFLAGS_aarch64-unknown-linux-gnu = None
  cargo:rerun-if-env-changed=CC_aarch64-unknown-linux-gnu
  CC_aarch64-unknown-linux-gnu = None
  cargo:rerun-if-env-changed=CC_aarch64_unknown_linux_gnu
  CC_aarch64_unknown_linux_gnu = Some(gcc)
  cargo:rerun-if-env-changed=CC_KNOWN_WRAPPER_CUSTOM
  CC_KNOWN_WRAPPER_CUSTOM = None
  cargo:rerun-if-env-changed=CRATE_CC_NO_DEFAULTS
  CRATE_CC_NO_DEFAULTS = None
  cargo:rerun-if-env-changed=CFLAGS
  CFLAGS = None
  cargo:rerun-if-env-changed=HOST_CFLAGS
  HOST_CFLAGS = None
  cargo:rerun-if-env-changed=CFLAGS_aarch64_unknown_linux_gnu
  CFLAGS_aarch64_unknown_linux_gnu = None
  cargo:rerun-if-env-changed=CFLAGS_aarch64-unknown-linux-gnu
  CFLAGS_aarch64-unknown-linux-gnu = None
  cargo:rerun-if-env-changed=CC_aarch64-unknown-linux-gnu
  CC_aarch64-unknown-linux-gnu = None
  cargo:rerun-if-env-changed=CC_aarch64_unknown_linux_gnu
  CC_aarch64_unknown_linux_gnu = Some(gcc)
  cargo:rerun-if-env-changed=CC_KNOWN_WRAPPER_CUSTOM
  CC_KNOWN_WRAPPER_CUSTOM = None
  cargo:rerun-if-env-changed=CRATE_CC_NO_DEFAULTS
  CRATE_CC_NO_DEFAULTS = None
  cargo:rerun-if-env-changed=CFLAGS
  CFLAGS = None
  cargo:rerun-if-env-changed=HOST_CFLAGS
  HOST_CFLAGS = None
  cargo:rerun-if-env-changed=CFLAGS_aarch64_unknown_linux_gnu
  CFLAGS_aarch64_unknown_linux_gnu = None
  cargo:rerun-if-env-changed=CFLAGS_aarch64-unknown-linux-gnu
  CFLAGS_aarch64-unknown-linux-gnu = None
  cargo:rerun-if-env-changed=CC_aarch64-unknown-linux-gnu
  CC_aarch64-unknown-linux-gnu = None
  cargo:rerun-if-env-changed=CC_aarch64_unknown_linux_gnu
  CC_aarch64_unknown_linux_gnu = Some(gcc)
  cargo:rerun-if-env-changed=CC_KNOWN_WRAPPER_CUSTOM
  CC_KNOWN_WRAPPER_CUSTOM = None
  cargo:rerun-if-env-changed=CRATE_CC_NO_DEFAULTS
  CRATE_CC_NO_DEFAULTS = None
  cargo:rerun-if-env-changed=CFLAGS
  CFLAGS = None
  cargo:rerun-if-env-changed=HOST_CFLAGS
  HOST_CFLAGS = None
  cargo:rerun-if-env-changed=CFLAGS_aarch64_unknown_linux_gnu
  CFLAGS_aarch64_unknown_linux_gnu = None
  cargo:rerun-if-env-changed=CFLAGS_aarch64-unknown-linux-gnu
  CFLAGS_aarch64-unknown-linux-gnu = None
  exit status: 0
  exit status: 0
  exit status: 0
  exit status: 0
  exit status: 0
  exit status: 0
  exit status: 0
  exit status: 0
  cargo:rerun-if-env-changed=CC_aarch64-unknown-linux-gnu
  CC_aarch64-unknown-linux-gnu = None
  cargo:rerun-if-env-changed=CC_aarch64_unknown_linux_gnu
  CC_aarch64_unknown_linux_gnu = Some(gcc)
  cargo:rerun-if-env-changed=CC_KNOWN_WRAPPER_CUSTOM
  CC_KNOWN_WRAPPER_CUSTOM = None
  cargo:rerun-if-env-changed=CRATE_CC_NO_DEFAULTS
  CRATE_CC_NO_DEFAULTS = None
  cargo:rerun-if-env-changed=CFLAGS
  CFLAGS = None
  cargo:rerun-if-env-changed=HOST_CFLAGS
  HOST_CFLAGS = None
  cargo:rerun-if-env-changed=CFLAGS_aarch64_unknown_linux_gnu
  CFLAGS_aarch64_unknown_linux_gnu = None
  cargo:rerun-if-env-changed=CFLAGS_aarch64-unknown-linux-gnu
  CFLAGS_aarch64-unknown-linux-gnu = None
  cargo:rerun-if-env-changed=CC_aarch64-unknown-linux-gnu
  CC_aarch64-unknown-linux-gnu = None
  cargo:rerun-if-env-changed=CC_aarch64_unknown_linux_gnu
  CC_aarch64_unknown_linux_gnu = Some(gcc)
  cargo:rerun-if-env-changed=CC_KNOWN_WRAPPER_CUSTOM
  CC_KNOWN_WRAPPER_CUSTOM = None
  cargo:rerun-if-env-changed=CRATE_CC_NO_DEFAULTS
  CRATE_CC_NO_DEFAULTS = None
  cargo:rerun-if-env-changed=CFLAGS
  CFLAGS = None
  cargo:rerun-if-env-changed=HOST_CFLAGS
  HOST_CFLAGS = None
  cargo:rerun-if-env-changed=CFLAGS_aarch64_unknown_linux_gnu
  CFLAGS_aarch64_unknown_linux_gnu = None
  cargo:rerun-if-env-changed=CFLAGS_aarch64-unknown-linux-gnu
  CFLAGS_aarch64-unknown-linux-gnu = None
  cargo:rerun-if-env-changed=CC_aarch64-unknown-linux-gnu
  CC_aarch64-unknown-linux-gnu = None
  cargo:rerun-if-env-changed=CC_aarch64_unknown_linux_gnu
  CC_aarch64_unknown_linux_gnu = Some(gcc)
  cargo:rerun-if-env-changed=CC_KNOWN_WRAPPER_CUSTOM
  CC_KNOWN_WRAPPER_CUSTOM = None
  cargo:rerun-if-env-changed=CRATE_CC_NO_DEFAULTS
  CRATE_CC_NO_DEFAULTS = None
  cargo:rerun-if-env-changed=CFLAGS
  CFLAGS = None
  cargo:rerun-if-env-changed=HOST_CFLAGS
  HOST_CFLAGS = None
  cargo:rerun-if-env-changed=CFLAGS_aarch64_unknown_linux_gnu
  CFLAGS_aarch64_unknown_linux_gnu = None
  cargo:rerun-if-env-changed=CFLAGS_aarch64-unknown-linux-gnu
  CFLAGS_aarch64-unknown-linux-gnu = None
  cargo:rerun-if-env-changed=CC_aarch64-unknown-linux-gnu
  CC_aarch64-unknown-linux-gnu = None
  cargo:rerun-if-env-changed=CC_aarch64_unknown_linux_gnu
  CC_aarch64_unknown_linux_gnu = Some(gcc)
  cargo:rerun-if-env-changed=CC_KNOWN_WRAPPER_CUSTOM
  CC_KNOWN_WRAPPER_CUSTOM = None
  cargo:rerun-if-env-changed=CRATE_CC_NO_DEFAULTS
  CRATE_CC_NO_DEFAULTS = None
  cargo:rerun-if-env-changed=CFLAGS
  CFLAGS = None
  cargo:rerun-if-env-changed=HOST_CFLAGS
  HOST_CFLAGS = None
  cargo:rerun-if-env-changed=CFLAGS_aarch64_unknown_linux_gnu
  CFLAGS_aarch64_unknown_linux_gnu = None
  cargo:rerun-if-env-changed=CFLAGS_aarch64-unknown-linux-gnu
  CFLAGS_aarch64-unknown-linux-gnu = None
  cargo:rerun-if-env-changed=CC_aarch64-unknown-linux-gnu
  CC_aarch64-unknown-linux-gnu = None
  cargo:rerun-if-env-changed=CC_aarch64_unknown_linux_gnu
  CC_aarch64_unknown_linux_gnu = Some(gcc)
  cargo:rerun-if-env-changed=CC_KNOWN_WRAPPER_CUSTOM
  CC_KNOWN_WRAPPER_CUSTOM = None
  cargo:rerun-if-env-changed=CRATE_CC_NO_DEFAULTS
  CRATE_CC_NO_DEFAULTS = None
  cargo:rerun-if-env-changed=CFLAGS
  CFLAGS = None
  cargo:rerun-if-env-changed=HOST_CFLAGS
  HOST_CFLAGS = None
  cargo:rerun-if-env-changed=CFLAGS_aarch64_unknown_linux_gnu
  CFLAGS_aarch64_unknown_linux_gnu = None
  cargo:rerun-if-env-changed=CFLAGS_aarch64-unknown-linux-gnu
  CFLAGS_aarch64-unknown-linux-gnu = None
  cargo:rerun-if-env-changed=CC_aarch64-unknown-linux-gnu
  CC_aarch64-unknown-linux-gnu = None
  cargo:rerun-if-env-changed=CC_aarch64_unknown_linux_gnu
  CC_aarch64_unknown_linux_gnu = Some(gcc)
  cargo:rerun-if-env-changed=CC_KNOWN_WRAPPER_CUSTOM
  CC_KNOWN_WRAPPER_CUSTOM = None
  cargo:rerun-if-env-changed=CRATE_CC_NO_DEFAULTS
  CRATE_CC_NO_DEFAULTS = None
  cargo:rerun-if-env-changed=CFLAGS
  CFLAGS = None
  cargo:rerun-if-env-changed=HOST_CFLAGS
  HOST_CFLAGS = None
  cargo:rerun-if-env-changed=CFLAGS_aarch64_unknown_linux_gnu
  CFLAGS_aarch64_unknown_linux_gnu = None
  cargo:rerun-if-env-changed=CFLAGS_aarch64-unknown-linux-gnu
  CFLAGS_aarch64-unknown-linux-gnu = None
  cargo:rerun-if-env-changed=CC_aarch64-unknown-linux-gnu
  CC_aarch64-unknown-linux-gnu = None
  cargo:rerun-if-env-changed=CC_aarch64_unknown_linux_gnu
  CC_aarch64_unknown_linux_gnu = Some(gcc)
  cargo:rerun-if-env-changed=CC_KNOWN_WRAPPER_CUSTOM
  CC_KNOWN_WRAPPER_CUSTOM = None
  cargo:rerun-if-env-changed=CRATE_CC_NO_DEFAULTS
  CRATE_CC_NO_DEFAULTS = None
  cargo:rerun-if-env-changed=CFLAGS
  CFLAGS = None
  cargo:rerun-if-env-changed=HOST_CFLAGS
  HOST_CFLAGS = None
  cargo:rerun-if-env-changed=CFLAGS_aarch64_unknown_linux_gnu
  CFLAGS_aarch64_unknown_linux_gnu = None
  cargo:rerun-if-env-changed=CFLAGS_aarch64-unknown-linux-gnu
  CFLAGS_aarch64-unknown-linux-gnu = None
  cargo:rerun-if-env-changed=CC_aarch64-unknown-linux-gnu
  CC_aarch64-unknown-linux-gnu = None
  cargo:rerun-if-env-changed=CC_aarch64_unknown_linux_gnu
  CC_aarch64_unknown_linux_gnu = Some(gcc)
  cargo:rerun-if-env-changed=CC_KNOWN_WRAPPER_CUSTOM
  CC_KNOWN_WRAPPER_CUSTOM = None
  cargo:rerun-if-env-changed=CRATE_CC_NO_DEFAULTS
  CRATE_CC_NO_DEFAULTS = None
  cargo:rerun-if-env-changed=CFLAGS
  CFLAGS = None
  cargo:rerun-if-env-changed=HOST_CFLAGS
  HOST_CFLAGS = None
  cargo:rerun-if-env-changed=CFLAGS_aarch64_unknown_linux_gnu
  CFLAGS_aarch64_unknown_linux_gnu = None
  cargo:rerun-if-env-changed=CFLAGS_aarch64-unknown-linux-gnu
  CFLAGS_aarch64-unknown-linux-gnu = None
  exit status: 0
  exit status: 0
  exit status: 0
  exit status: 0
  exit status: 0
  exit status: 0
  exit status: 0
  exit status: 0
  cargo:rerun-if-env-changed=CC_aarch64-unknown-linux-gnu
  CC_aarch64-unknown-linux-gnu = None
  cargo:rerun-if-env-changed=CC_aarch64_unknown_linux_gnu
  CC_aarch64_unknown_linux_gnu = Some(gcc)
  cargo:rerun-if-env-changed=CC_KNOWN_WRAPPER_CUSTOM
  CC_KNOWN_WRAPPER_CUSTOM = None
  cargo:rerun-if-env-changed=CRATE_CC_NO_DEFAULTS
  CRATE_CC_NO_DEFAULTS = None
  cargo:rerun-if-env-changed=CFLAGS
  CFLAGS = None
  cargo:rerun-if-env-changed=HOST_CFLAGS
  HOST_CFLAGS = None
  cargo:rerun-if-env-changed=CFLAGS_aarch64_unknown_linux_gnu
  CFLAGS_aarch64_unknown_linux_gnu = None
  cargo:rerun-if-env-changed=CFLAGS_aarch64-unknown-linux-gnu
  CFLAGS_aarch64-unknown-linux-gnu = None
  cargo:rerun-if-env-changed=CC_aarch64-unknown-linux-gnu
  CC_aarch64-unknown-linux-gnu = None
  cargo:rerun-if-env-changed=CC_aarch64_unknown_linux_gnu
  CC_aarch64_unknown_linux_gnu = Some(gcc)
  cargo:rerun-if-env-changed=CC_KNOWN_WRAPPER_CUSTOM
  CC_KNOWN_WRAPPER_CUSTOM = None
  cargo:rerun-if-env-changed=CRATE_CC_NO_DEFAULTS
  CRATE_CC_NO_DEFAULTS = None
  cargo:rerun-if-env-changed=CFLAGS
  CFLAGS = None
  cargo:rerun-if-env-changed=HOST_CFLAGS
  HOST_CFLAGS = None
  cargo:rerun-if-env-changed=CFLAGS_aarch64_unknown_linux_gnu
  CFLAGS_aarch64_unknown_linux_gnu = None
  cargo:rerun-if-env-changed=CFLAGS_aarch64-unknown-linux-gnu
  CFLAGS_aarch64-unknown-linux-gnu = None
  exit status: 0
  exit status: 0
  exit status: 0
  exit status: 0
  exit status: 0

  --- stderr


  error occurred in cc-rs: command did not execute successfully (status code signal: 6 (SIGABRT)): LC_ALL="C" "gcc" "-O0" "-ffunction-sections" "-fdata-sections" "-fPIC" "-std=c11" "-I" "/home/agent/.cargo/registry/src/index.crates.io-1949cf8c6b5b557f/aws-lc-sys-0.45.0/generated-include" "-I" "/home/agent/.cargo/registry/src/index.crates.io-1949cf8c6b5b557f/aws-lc-sys-0.45.0/include" "-I" "/home/agent/.cargo/registry/src/index.crates.io-1949cf8c6b5b557f/aws-lc-sys-0.45.0/aws-lc/include" "-I" "/home/agent/.cargo/registry/src/index.crates.io-1949cf8c6b5b557f/aws-lc-sys-0.45.0/aws-lc/third_party/s2n-bignum/include" "-I" "/home/agent/.cargo/registry/src/index.crates.io-1949cf8c6b5b557f/aws-lc-sys-0.45.0/aws-lc/third_party/s2n-bignum/s2n-bignum-imported/include" "-I" "/home/agent/.cargo/registry/src/index.crates.io-1949cf8c6b5b557f/aws-lc-sys-0.45.0/aws-lc/third_party/jitterentropy/jitterentropy-library" "-I" "/home/agent/.cargo/registry/src/index.crates.io-1949cf8c6b5b557f/aws-lc-sys-0.45.0/aws-lc/third_party/jitterentropy/jitterentropy-library/src" "-Wall" "-Wextra" "-Wno-unused-parameter" "-pthread" "-D_XOPEN_SOURCE=700" "-DBORINGSSL_IMPLEMENTATION=1" "-DBORINGSSL_PREFIX=aws_lc_0_45_0" "-DAWS_LC_STDALIGN_AVAILABLE=1" "-DAWS_LC_BUILTIN_SWAP_SUPPORTED=1" "-DMY_ASSEMBLER_SUPPORTS_NEON_SHA3_EXTENSION=1" "-DHAVE_LINUX_RANDOM_H=1" "-o" "/home/agent/qa/toad/target/debug/build/aws-lc-sys-2c2aadc25d35480a/out/27a075eab3d35364-pem_xaux.o" "-c" "/home/agent/.cargo/registry/src/index.crates.io-1949cf8c6b5b557f/aws-lc-sys-0.45.0/aws-lc/crypto/pem/pem_xaux.c"


